fecha,temp_min,temp_max,temp_tarde,temp_noche,temp_vespertina,temp_manana,humedad_tarde,precipitacion_total,presion_tarde,vel_viento_max,dir_viento_max,nubosidad_tarde,latitude,longitude
2014-01-01,24,33.2,32.1,25.3,32.2,24.1,56,1.25,1008,9.26,110,40,-30.0346,-51.2177
2014-01-02,24,33.5,30.9,26.7,29.8,24.8,64,12.86,1002,8.23,330,75,-30.0346,-51.2177
2014-01-03,20.8,24.1,23.1,24.1,22.1,24,89,20.81,1011,6.2,250,90,-30.0346,-51.2177
2014-01-04,17.8,28.5,25.1,20.5,27.5,17.8,50,0,1019,6.69,110,40,-30.0346,-51.2177
2014-01-05,17.4,32.5,27.1,20.5,30.1,17.4,62,0,1017,5.14,120,0,-30.0346,-51.2177
2014-01-06,19.8,33.8,30.1,22.4,31.6,19.8,49,0,1015,7.71,106,0,-30.0346,-51.2177
2014-01-07,22.3,35.7,32.2,24.1,35.7,22.3,45,0,1011,4.63,337,0,-30.0346,-51.2177
2014-01-08,24.1,29.8,27.5,29.8,29.5,25,67,5.26,1011,5.14,250,0,-30.0346,-51.2177
2014-01-09,20.9,32.8,28.7,23.9,30.5,21.5,65,4.31,1012,6.69,110,40,-30.0346,-51.2177
2014-01-10,21.8,31.9,27.8,25,25.1,22.9,78,6.61,1011,6.17,221,40,-30.0346,-51.2177
2014-01-11,20.1,29,28.1,22.6,24,20.3,63,25.6,1012,8.23,300,20,-30.0346,-51.2177
2014-01-12,19.8,26.2,23.1,23,25,20.3,83,37.43,1019,6.17,90,75,-30.0346,-51.2177
2014-01-13,21.8,28.9,27.2,22.1,27.2,22.1,71,15.63,1015,5.66,170,75,-30.0346,-51.2177
2014-01-14,22.8,30.8,26.8,23.7,29.8,23.3,74,1.48,1013,8.75,180,75,-30.0346,-51.2177
2014-01-15,21.8,27.8,23.1,22.8,27.8,22.1,94,32.26,1013,3.09,170,75,-30.0346,-51.2177
2014-01-16,19.4,32.1,28.2,23.1,29.8,19.4,62,0,1013,5.66,120,40,-30.0346,-51.2177
2014-01-17,18.6,34.1,29.6,22.9,31.5,19.1,58,0,1014,6.17,100,0,-30.0346,-51.2177
2014-01-18,19.3,35.3,31.3,23.1,31.9,19.3,53,1.02,1014,4.12,100,0,-30.0346,-51.2177
2014-01-19,21.4,35.8,31.4,24.3,35.8,22,46,2.7,1012,4.12,340,0,-30.0346,-51.2177
2014-01-20,22.8,37.5,33.8,28.3,35.1,24.4,41,0,1011,8.75,90,0,-30.0346,-51.2177
2014-01-21,21.1,37.5,33.5,25.4,36.7,22.3,44,0,1008,6.69,280,0,-30.0346,-51.2177
2014-01-22,25.1,36.8,33.1,28.5,36.4,25.1,55,0.3,1010,7.72,110,0,-30.0346,-51.2177
2014-01-23,24.8,37.5,34.5,27.9,37.5,24.8,50,0.48,1009,6.17,110,0,-30.0346,-51.2177
2014-01-24,25.1,37.5,32.7,29.4,33.8,29,58,10.12,1008,9.77,300,75,-30.0346,-51.2177
2014-01-25,20,25.1,22.8,25.1,21.1,22.1,66,12.82,1017,6.17,154,90,-30.0346,-51.2177
2014-01-26,20.3,27.8,25.5,20.3,26.8,21.1,79,15.54,1016,8.75,110,75,-30.0346,-51.2177
2014-01-27,22.8,35.5,30.8,23.4,35.5,23.1,66,1.92,1014,6.69,100,20,-30.0346,-51.2177
2014-01-28,23.8,36.7,33.1,26.8,30.2,23.8,61,1.4,1012,6.17,90,0,-30.0346,-51.2177
2014-01-29,24.8,36.9,32.9,26.8,34.8,25.5,60,2.24,1013,5.65,233,0,-30.0346,-51.2177
2014-01-30,24.2,36.9,33.2,26.8,33.7,24.8,52,8.39,1012,7.2,347,0,-30.0346,-51.2177
2014-01-31,23,31.3,29.8,24.8,26.6,23.3,64,3.94,1012,5.14,220,0,-30.0346,-51.2177
2014-02-01,22.8,33.1,29.1,24.9,31.2,22.8,67,5.82,1013,8.8,350,20,-30.0346,-51.2177
2014-02-02,22.6,36.9,31,24.3,36.8,22.6,58,2.8,1010,4.11,175,0,-30.0346,-51.2177
2014-02-03,24.4,36.7,34.5,29.1,36.7,24.4,50,0.5,1009,6.69,100,0,-30.0346,-51.2177
2014-02-04,24.8,36.8,32.3,27.1,31.5,24.8,53,1.8,1010,6.69,190,0,-30.0346,-51.2177
2014-02-05,24.8,39.5,34.6,28,39.4,24.8,53,0,1011,5.66,90,0,-30.0346,-51.2177
2014-02-06,26.8,40,35.4,29.9,40,26.9,51,0,1011,7.2,130,0,-30.0346,-51.2177
2014-02-07,27.4,39.5,34.1,29.8,39.1,27.9,57,1.8,1010,4.63,290,0,-30.0346,-51.2177
2014-02-08,20.8,32.9,32.9,31.9,20.8,28.6,65,9,1012,11.83,80,40,-30.0346,-51.2177
2014-02-09,23.8,37.5,31.6,24.9,35,24.1,57,0,1011,6.17,189,0,-30.0346,-51.2177
2014-02-10,23.1,34.9,31.2,25.8,33,24.8,67,11.68,1014,4.12,110,20,-30.0346,-51.2177
2014-02-11,22.7,36.7,31.5,23.1,36.3,23.3,59,0.76,1012,4.63,110,0,-30.0346,-51.2177
2014-02-12,24,34.8,32.3,27.9,29.8,26.8,61,5.32,1008,8.75,170,0,-30.0346,-51.2177
2014-02-13,21.1,26.8,25.5,23,23.8,24.8,66,19.77,1010,8.2,160,75,-30.0346,-51.2177
2014-02-14,19.2,26.5,22.8,20.1,25.1,20.2,78,10.05,1019,8.75,150,90,-30.0346,-51.2177
2014-02-15,19.8,26.7,25.9,21.2,25.3,20.4,45,0,1024,10.8,110,40,-30.0346,-51.2177
2014-02-16,19.4,27.8,25.8,21.2,26.8,20.8,54,0,1022,10.29,100,75,-30.0346,-51.2177
2014-02-17,18.8,28.8,27.8,21.8,26.8,18.8,55,0,1020,11.83,110,20,-30.0346,-51.2177
2014-02-18,19.8,29.8,27.8,21.8,26.8,19.8,58,0,1018,12.35,90,20,-30.0346,-51.2177
2014-02-19,19.8,30.8,29.8,22.8,28.8,19.8,49,0,1014,7.2,100,75,-30.0346,-51.2177
2014-02-20,20.8,26.8,25.8,22.8,24.8,20.8,65,3.9,1012,5.14,260,0,-30.0346,-51.2177
2014-02-21,21.8,31.8,30.8,22.8,28.8,21.8,59,1.32,1011,6.17,120,20,-30.0346,-51.2177
2014-02-22,21.8,31.2,30.8,24.8,25.8,21.8,59,7,1012,8.75,100,40,-30.0346,-51.2177
2014-02-23,21.8,28.8,28.8,23.8,23.8,21.8,66,19.31,1009,5.66,230,75,-30.0346,-51.2177
2014-02-24,20.8,31.8,29.8,23.8,28.8,20.8,66,2.2,1011,5.66,270,75,-30.0346,-51.2177
2014-02-25,22.2,27.8,27.8,23.8,24.7,22.8,66,9.15,1014,8.23,150,75,-30.0346,-51.2177
2014-02-26,21.8,23.8,23.8,23.8,21.8,21.8,89,19.25,1012,5.14,120,90,-30.0346,-51.2177
2014-02-27,18.8,21.8,19.8,21.8,21.8,18.8,88,35.67,1012,8.75,180,90,-30.0346,-51.2177
2014-02-28,17.3,25.8,22.8,17.8,21.8,17.8,73,1.78,1012,7.72,290,75,-30.0346,-51.2177
2014-03-01,17.2,26.8,22.8,20.8,22.8,17.8,69,0.86,1012,6.69,160,40,-30.0346,-51.2177
2014-03-02,17.8,26.8,25.8,21.8,24.8,17.8,54,0.17,1015,5.66,130,40,-30.0346,-51.2177
2014-03-03,19.5,27.8,27.8,21.8,23.8,19.8,62,0.3,1016,8.75,100,20,-30.0346,-51.2177
2014-03-04,20.8,28.8,24.8,22.8,28.8,20.8,74,10.67,1014,6.69,80,40,-30.0346,-51.2177
2014-03-05,21.8,27.8,25.8,22.8,26.8,23.8,70,26.37,1013,5.14,260,75,-30.0346,-51.2177
2014-03-06,19.6,28.8,26.8,22.8,27.8,19.8,65,0,1013,5.66,290,75,-30.0346,-51.2177
2014-03-07,19.8,27.8,25.8,22.8,25.8,19.8,70,1.02,1014,5.66,180,40,-30.0346,-51.2177
2014-03-08,19.9,24.8,21.8,20.8,23.8,20.8,88,1.24,1013,6.69,140,75,-30.0346,-51.2177
2014-03-09,17.8,28.8,25.8,20.8,26.8,17.8,65,0.88,1011,5.66,100,40,-30.0346,-51.2177
2014-03-10,19.8,27.8,23.2,21.8,26.8,19.8,83,1.8,1010,9.26,270,90,-30.0346,-51.2177
2014-03-11,20.8,26.8,24.8,22.8,23.8,20.8,73,1.8,1013,5.66,170,75,-30.0346,-51.2177
2014-03-12,18.8,26.8,25.8,21.8,23.8,18.8,54,0,1019,7.72,130,75,-30.0346,-51.2177
2014-03-13,19.8,28.8,27.8,20.8,25.8,20.8,66,0.22,1018,7.72,110,40,-30.0346,-51.2177
2014-03-14,18.8,30.8,27.8,21.8,27.8,18.8,58,0,1012,7.2,100,0,-30.0346,-51.2177
2014-03-15,23.4,26.8,24.8,23.8,25.8,26.8,83,1.52,1008,8.75,260,75,-30.0346,-51.2177
2014-03-16,20.3,30.9,29.5,22.8,27.5,21.8,66,0.9,1010,7.72,90,20,-30.0346,-51.2177
2014-03-17,21.3,26.8,22,25.8,26.5,22.4,91,19.8,1011,5.14,270,75,-30.0346,-51.2177
2014-03-18,20.8,24.1,23.9,24.1,22,23.6,80,23.26,1016,5.66,150,75,-30.0346,-51.2177
2014-03-19,20.6,23.6,23.2,20.8,23,20.9,90,18.06,1011,4.12,110,90,-30.0346,-51.2177
2014-03-20,18.8,25.8,25.4,21.1,24.8,18.8,69,1.3,1007,5.66,290,75,-30.0346,-51.2177
2014-03-21,18.4,24.4,23.1,22.7,23.9,21.4,83,2.45,1008,8.23,290,75,-30.0346,-51.2177
2014-03-22,12.4,20.1,17.4,18.1,18.6,17.5,61,2.29,1022,5.66,220,75,-30.0346,-51.2177
2014-03-23,10.7,23.4,20.4,12.4,21.6,10.8,54,0,1022,4.63,130,20,-30.0346,-51.2177
2014-03-24,12.4,26.8,24.5,15.7,24.1,12.7,55,0,1019,5.66,110,0,-30.0346,-51.2177
2014-03-25,16.1,28.3,27,19.3,24.8,16.1,54,0,1021,7.2,100,0,-30.0346,-51.2177
2014-03-26,17.7,28.8,26.9,20.2,23.5,17.7,54,0,1023,9.26,100,20,-30.0346,-51.2177
2014-03-27,20.4,28.3,27,21,25.5,20.4,64,0.12,1019,6.69,100,40,-30.0346,-51.2177
2014-03-28,18.8,31.4,29.3,21.1,29.1,19.1,51,0,1015,5.14,100,0,-30.0346,-51.2177
2014-03-29,20.7,32.5,29.8,22.7,28.6,21.2,52,0,1012,6.17,340,0,-30.0346,-51.2177
2014-03-30,21.7,30.4,30.4,22.1,27.3,21.7,55,4.71,1009,5.66,240,75,-30.0346,-51.2177
2014-03-31,21.6,25.4,25.4,23.5,22.5,22.2,80,16.87,1014,5.65,164,75,-30.0346,-51.2177
2014-04-01,21.4,26.4,25.1,21.4,22.7,22.1,83,2.28,1020,8.23,180,75,-30.0346,-51.2177
2014-04-02,20.7,27.4,26.4,22.6,24.3,20.7,66,2.82,1021,7.2,120,75,-30.0346,-51.2177
2014-04-03,19.9,28.2,27.3,22.1,24.7,19.9,58,0,1020,7.72,100,75,-30.0346,-51.2177
2014-04-04,17.7,29.8,27.8,21.1,26.6,18.1,51,0,1020,5.66,100,0,-30.0346,-51.2177
2014-04-05,16.7,30.8,28.5,20.7,28.1,16.7,44,0,1017,4.12,300,0,-30.0346,-51.2177
2014-04-06,19.7,31.4,29.4,21.4,28.1,19.7,58,0,1015,5.14,120,0,-30.0346,-51.2177
2014-04-07,22.1,29.4,27,22.1,25.4,22.2,72,0,1013,6.17,110,20,-30.0346,-51.2177
2014-04-08,21.3,30.8,29.6,22.9,26,21.8,60,21.16,1009,4.63,100,0,-30.0346,-51.2177
2014-04-09,17.8,27.5,26.1,22.4,25.8,20.6,76,3.18,1010,5.14,270,75,-30.0346,-51.2177
2014-04-10,15.7,27.4,25.4,18.8,23.8,15.7,61,0,1015,7.2,100,40,-30.0346,-51.2177
2014-04-11,20.5,26.3,26.3,21.3,22.2,21.1,72,34.88,1012,6.17,100,75,-30.0346,-51.2177
2014-04-12,18.9,24.4,22.9,20.5,22.7,21.3,72,27.67,1009,12.35,280,75,-30.0346,-51.2177
2014-04-13,12,19.3,16.4,19.3,17,12.4,51,0,1019,9.77,280,0,-30.0346,-51.2177
2014-04-14,12.8,21.1,19.4,13.9,18.1,12.8,57,0,1023,3.6,270,75,-30.0346,-51.2177
2014-04-15,11.8,23.4,21.4,13.8,20.8,12,58,0,1020,3.6,70,20,-30.0346,-51.2177
2014-04-16,13.1,27.3,24.6,16.1,24.7,13.1,56,0,1017,4.12,110,0,-30.0346,-51.2177
2014-04-17,15.7,28.4,27.3,19.3,26.1,15.7,57,0.24,1015,4.12,270,0,-30.0346,-51.2177
2014-04-18,20.2,26.6,24.6,23.1,24.5,20.2,71,3.11,1011,4.12,280,75,-30.0346,-51.2177
2014-04-19,19.4,22.4,21.6,21.1,21.1,20.4,95,4.22,1017,5.14,130,90,-30.0346,-51.2177
2014-04-20,15.7,23.8,22.8,20.1,20.6,15.8,68,0.41,1019,4.63,110,75,-30.0346,-51.2177
2014-04-21,13.1,26.8,24.4,15.5,23.4,13.8,58,0.29,1016,3.09,280,40,-30.0346,-51.2177
2014-04-22,16.8,21.3,21.1,19.3,18.6,18.4,63,0,1019,5.66,170,75,-30.0346,-51.2177
2014-04-23,12.4,21.4,20.8,16.6,19.7,12.4,62,0,1020,4.12,160,75,-30.0346,-51.2177
2014-04-24,12.7,20.8,19.8,17.1,17.8,16.1,64,0,1021,4.63,170,75,-30.0346,-51.2177
2014-04-25,11.7,20.4,18.5,12.5,16.7,12.6,65,0,1021,4.63,140,75,-30.0346,-51.2177
2014-04-26,10.2,22.2,19.7,11.4,18.2,10.2,67,0.1,1021,7.2,100,75,-30.0346,-51.2177
2014-04-27,12.5,23.4,22.8,13.7,19.4,12.5,51,0,1023,10.29,100,40,-30.0346,-51.2177
2014-04-28,11.8,25.4,23.3,14.7,21.1,13.4,49,0,1023,4.12,90,0,-30.0346,-51.2177
2014-04-29,14.7,25.8,23.8,16.1,22.8,15.5,50,0,1018,4.12,330,0,-30.0346,-51.2177
2014-04-30,17.5,21.8,20.8,18.8,19.8,17.8,73,11.66,1010,5.14,110,75,-30.0346,-51.2177
2014-05-01,15.8,22.8,21.8,18.8,17.9,17.8,64,11.07,1005,11.83,290,75,-30.0346,-51.2177
2014-05-02,12.7,22.2,20.4,15.9,20.4,15.5,64,0,1018,6.69,280,40,-30.0346,-51.2177
2014-05-03,10.6,25.8,22.6,13.7,21.6,11.8,62,0,1019,2.06,50,0,-30.0346,-51.2177
2014-05-04,16.7,20.1,18.4,16.7,18.4,18.6,96,23.68,1017,7.72,20,90,-30.0346,-51.2177
2014-05-05,16.8,24.5,21.4,18.2,21.1,17.9,85,0.9,1016,4.63,110,75,-30.0346,-51.2177
2014-05-06,18.4,25.1,22.2,19.3,23.6,18.4,85,6.09,1015,3.09,80,75,-30.0346,-51.2177
2014-05-07,17.8,24,21.9,18.7,21.4,18.1,83,0,1019,4.12,120,75,-30.0346,-51.2177
2014-05-08,17.1,21.4,21.4,18.8,18.4,17.8,80,5.19,1016,3.6,160,75,-30.0346,-51.2177
2014-05-09,14.3,21.8,19.3,16.7,18.8,14.3,69,1.57,1018,3.6,240,75,-30.0346,-51.2177
2014-05-10,14.7,21.4,21.2,16.8,17.6,14.8,58,1.02,1023,8.8,110,40,-30.0346,-51.2177
2014-05-11,12.1,24,21.8,14.4,19.4,12.1,52,0,1023,4.63,90,0,-30.0346,-51.2177
2014-05-12,10.7,24.8,23.4,14.6,21.3,10.7,55,0,1018,4.63,340,0,-30.0346,-51.2177
2014-05-13,16.7,22.8,20.4,17.1,20.9,17.1,80,3.22,1017,6.17,200,75,-30.0346,-51.2177
2014-05-14,13.7,23.8,22.1,17.5,20.4,13.7,72,0.2,1018,4.63,120,20,-30.0346,-51.2177
2014-05-15,14.5,24.8,20.6,16.1,18.9,15.1,80,2.35,1016,5.65,191,75,-30.0346,-51.2177
2014-05-16,13.7,19.8,18.4,17.1,17.5,16.4,82,0.3,1019,3.6,180,75,-30.0346,-51.2177
2014-05-17,10.8,21.1,17.7,13.7,18.9,10.8,84,0.25,1018,2.57,310,40,-30.0346,-51.2177
2014-05-18,14.5,18,16.8,14.7,16.9,14.5,93,0,1019,3.6,160,90,-30.0346,-51.2177
2014-05-19,9.2,20.4,18.4,14.5,16.1,10.7,68,0,1020,3.09,110,40,-30.0346,-51.2177
2014-05-20,9.7,20.3,18.5,13,17.1,9.7,70,0,1019,4.63,130,40,-30.0346,-51.2177
2014-05-21,15.2,17.8,17.8,16.2,16.8,15.4,88,30.83,1010,5.66,80,75,-30.0346,-51.2177
2014-05-22,12.8,18.8,18.8,16.8,18.8,16.8,94,0.6,1007,6.69,230,90,-30.0346,-51.2177
2014-05-23,10.8,13.8,13.8,11.8,12.8,11.8,67,0,1024,4.63,230,75,-30.0346,-51.2177
2014-05-24,8.8,13.7,12.8,10.8,11.3,8.8,72,0,1024,4.63,274,75,-30.0346,-51.2177
2014-05-25,6.8,14.5,14.4,8.1,13,7.3,68,0,1020,2.57,150,75,-30.0346,-51.2177
2014-05-26,11.5,16.4,14.4,12.3,14.9,14.1,80,6.84,1017,3.6,170,90,-30.0346,-51.2177
2014-05-27,8.5,17.3,12.7,11.3,14,8.5,83,0,1024,4.63,300,40,-30.0346,-51.2177
2014-05-28,6.8,17.8,14.4,9.5,14.8,7.9,77,0,1024,2.57,280,20,-30.0346,-51.2177
2014-05-29,6.3,21.3,17.4,9.8,17.5,6.8,68,0,1022,5.66,110,0,-30.0346,-51.2177
2014-05-30,7.7,23.4,20.8,11.7,18.1,7.7,50,0,1020,4.12,100,0,-30.0346,-51.2177
2014-05-31,14.4,17.3,15.6,16.3,16.2,14.4,94,22.43,1015,4.12,90,90,-30.0346,-51.2177
2014-06-01,12.6,18.4,17.2,15.4,14.8,14.7,83,13.88,1011,9.77,280,75,-30.0346,-51.2177
2014-06-02,9.5,17.5,15.4,12.4,14.8,9.7,65,0.6,1017,7.2,270,0,-30.0346,-51.2177
2014-06-03,6.4,18.9,14.8,8.7,14.2,6.4,70,0,1018,4.12,280,0,-30.0346,-51.2177
2014-06-04,4.8,22.8,18.8,10,17.1,5.8,49,2.79,1013,5.14,100,0,-30.0346,-51.2177
2014-06-05,13.4,16.6,15.1,14,15.5,13.4,96,14.89,1007,4.63,160,90,-30.0346,-51.2177
2014-06-06,14.5,17.1,16.4,15.4,16.1,14.5,90,2.86,1011,5.14,140,90,-30.0346,-51.2177
2014-06-07,16.1,23.4,22.4,16.1,20.5,16.6,78,7.06,1005,8.75,110,40,-30.0346,-51.2177
2014-06-08,11.1,15.8,14.7,15.8,13.6,15.5,82,2.67,1012,5.14,222,75,-30.0346,-51.2177
2014-06-09,7.6,16.8,10.8,9.9,12.8,7.9,100,0,1026,3.09,290,75,-30.0346,-51.2177
2014-06-10,7.6,16.8,11.8,7.8,15.8,7.8,97,0,1027,3.6,90,75,-30.0346,-51.2177
2014-06-11,6.8,23.8,20.8,10.7,20.1,6.8,64,0,1021,4.63,120,0,-30.0346,-51.2177
2014-06-12,14.7,28.4,26.9,17,23.9,15.6,54,0,1016,6.17,20,0,-30.0346,-51.2177
2014-06-13,15.5,21.6,18.5,21.6,16.6,19.1,95,47.05,1019,5.66,240,90,-30.0346,-51.2177
2014-06-14,13.5,16,15.4,16,15.1,13.5,95,12.29,1025,4.63,160,90,-30.0346,-51.2177
2014-06-15,14.3,19.5,19.1,14.5,18.1,14.7,78,1.03,1023,7.72,120,75,-30.0346,-51.2177
2014-06-16,13.8,19.8,18.5,16.2,18.5,13.8,89,1.24,1021,4.63,220,75,-30.0346,-51.2177
2014-06-17,14.1,18.5,16.4,16.6,16.7,15,80,2.6,1023,4.12,160,75,-30.0346,-51.2177
2014-06-18,8.5,15.4,14.4,13.9,12.5,12.6,63,0,1029,4.63,210,75,-30.0346,-51.2177
2014-06-19,5.1,13.4,11,8.2,10,6,69,0,1031,3.6,300,0,-30.0346,-51.2177
2014-06-20,3.9,15.1,10.8,4.7,11.1,4.7,76,0.25,1025,2.57,250,20,-30.0346,-51.2177
2014-06-21,5.5,16.6,9.1,8,13.7,5.7,97,0,1025,3.6,110,75,-30.0346,-51.2177
2014-06-22,5.4,22.3,19.4,9.3,17.4,6.3,55,0.16,1020,3.09,80,0,-30.0346,-51.2177
2014-06-23,14,19.3,16.8,14.8,17.6,14.8,94,7.75,1018,3.09,100,90,-30.0346,-51.2177
2014-06-24,14.7,22.5,20.3,15.7,18.9,14.7,81,15.43,1017,5.14,110,0,-30.0346,-51.2177
2014-06-25,16.4,21.8,20,16.4,19.4,16.4,88,16.91,1012,4.12,120,75,-30.0346,-51.2177
2014-06-26,16.4,17.6,16.8,17.2,17.6,16.4,96,8.67,1015,3.09,160,90,-30.0346,-51.2177
2014-06-27,16.8,19.8,19.8,17.2,17.8,17.1,83,5.83,1018,6.17,130,90,-30.0346,-51.2177
2014-06-28,16.8,17.8,17.8,17.8,17.8,16.8,94,72.13,1019,8.23,120,90,-30.0346,-51.2177
2014-06-29,14.8,19.8,19.8,17.8,14.8,16.8,60,8.11,1008,8.23,300,75,-30.0346,-51.2177
2014-06-30,13.5,14.8,14.8,13.8,13.8,13.8,88,19.91,1011,11.32,290,90,-30.0346,-51.2177
2014-07-01,10.8,16.8,14.8,13.8,13.8,13.8,82,0.53,1018,7.72,280,90,-30.0346,-51.2177
2014-07-02,6.8,17.8,13.3,10.8,15.8,6.8,97,0,1018,3.6,110,40,-30.0346,-51.2177
2014-07-03,13.8,20.8,17.8,13.8,18.8,14.8,94,5.2,1017,2.57,40,75,-30.0346,-51.2177
2014-07-04,17.5,21.8,20.8,18.8,19.8,17.8,83,5.78,1017,10.29,250,75,-30.0346,-51.2177
2014-07-05,16.6,26.8,22.8,19.8,24.8,16.8,78,0,1015,5.66,100,0,-30.0346,-51.2177
2014-07-06,13.8,21.8,18.8,21.8,15.8,18.8,88,6.14,1017,6.17,260,75,-30.0346,-51.2177
2014-07-07,9.8,15.8,14.3,13.8,13.8,9.8,58,0,1027,6.17,270,0,-30.0346,-51.2177
2014-07-08,6.4,17.8,14.8,8.8,14.8,6.8,67,0,1030,5.14,80,0,-30.0346,-51.2177
2014-07-09,8.8,19.8,17.8,10.8,17.8,8.8,64,0,1025,5.14,110,0,-30.0346,-51.2177
2014-07-10,14.8,18.8,17.8,15.8,16.8,15.8,77,0.34,1026,7.72,100,75,-30.0346,-51.2177
2014-07-11,13.4,20.8,19.8,14.8,17.8,14.8,68,0.13,1026,8.23,90,75,-30.0346,-51.2177
2014-07-12,12.4,21.2,19.9,13.8,17.4,12.8,68,0,1026,6.69,110,0,-30.0346,-51.2177
2014-07-13,12.9,24.8,21.8,15.8,20.8,13.8,65,0,1024,6.17,90,0,-30.0346,-51.2177
2014-07-14,12.8,25.8,23.8,15.8,21.8,12.8,47,0,1022,3.6,100,0,-30.0346,-51.2177
2014-07-15,12.8,23.8,21.8,15.8,19.8,12.8,57,0,1021,4.63,100,0,-30.0346,-51.2177
2014-07-16,13.8,25.5,23.3,15.8,22.8,13.8,62,0,1018,3.09,80,0,-30.0346,-51.2177
2014-07-17,15.3,19.4,18.4,17.2,16.8,15.6,86,14.41,1017,5.14,253,90,-30.0346,-51.2177
2014-07-18,11.4,16.8,15.1,16.4,15.1,13.6,87,12.64,1021,7.2,270,40,-30.0346,-51.2177
2014-07-19,8.8,16.8,15.1,10.8,16.2,9.7,71,0,1025,5.66,280,20,-30.0346,-51.2177
2014-07-20,7.8,19.6,15.6,10.4,16.2,7.8,74,0,1025,2.57,100,0,-30.0346,-51.2177
2014-07-21,5.7,22.5,19.5,9.5,17.4,6.1,57,0,1021,4.12,110,0,-30.0346,-51.2177
2014-07-22,7.4,27.4,22.3,11.4,21.1,9.4,46,0.25,1015,7.72,250,0,-30.0346,-51.2177
2014-07-23,16.4,18.3,16.6,17.4,17.4,17.5,99,34.85,1013,7.72,80,90,-30.0346,-51.2177
2014-07-24,10.3,17.5,12.4,16.6,11.4,14.4,90,21.77,1014,6.17,220,90,-30.0346,-51.2177
2014-07-25,6.3,11.8,10.4,9.5,9.8,8.4,65,1.78,1023,5.65,266,0,-30.0346,-51.2177
2014-07-26,5.7,14.4,12.2,6.4,12.1,5.7,67,0,1025,4.63,280,0,-30.0346,-51.2177
2014-07-27,3.7,15.3,13.4,6.7,11.7,3.7,72,0,1030,5.14,130,40,-30.0346,-51.2177
2014-07-28,5.5,17.4,15,9.8,14.4,5.5,73,0,1031,6.17,110,0,-30.0346,-51.2177
2014-07-29,10.4,22.7,20.4,11.7,19.1,10.4,60,0,1026,5.14,100,0,-30.0346,-51.2177
2014-07-30,12.2,18.5,16.4,13.7,17.2,12.5,87,1.56,1025,3.09,100,75,-30.0346,-51.2177
2014-07-31,14.1,23.2,20.6,15.1,21.3,14.3,76,0,1019,2.57,100,75,-30.0346,-51.2177
2014-08-01,13.7,22,19.5,16.8,18.6,13.9,68,12.46,1015,7.7,210,75,-30.0346,-51.2177
2014-08-02,13.9,25,23.2,15.8,22.2,14.2,82,0.3,1015,2.84,341,46,-30.0346,-51.2177
2014-08-03,16.4,30.8,29.8,16.7,28.8,18.3,43,0,1006,8.23,310,0,-30.0346,-51.2177
2014-08-04,11.8,18.8,14.8,18.8,15.8,15.8,88,15.23,1019,6.17,150,90,-30.0346,-51.2177
2014-08-05,6.8,16.8,14.8,10.8,13.8,6.8,48,0,1027,6.17,100,0,-30.0346,-51.2177
2014-08-06,5.6,24.8,20.8,9.8,21.8,5.8,40,0,1018,4.12,90,0,-30.0346,-51.2177
2014-08-07,12.8,19.8,16.8,14.8,13.8,12.8,80,5.18,1022,6.17,190,75,-30.0346,-51.2177
2014-08-08,6.5,16.4,16,12.8,12.5,7.8,47,0,1029,4.12,160,20,-30.0346,-51.2177
2014-08-09,4.5,19.8,15.4,6.5,16,4.5,65,0,1022,5.14,110,0,-30.0346,-51.2177
2014-08-10,13.4,20.6,20.6,13.4,18.4,13.4,85,7.02,1015,5.14,230,75,-30.0346,-51.2177
2014-08-11,13.8,18.8,17.8,15,16.8,13.8,83,2.42,1016,4.12,120,90,-30.0346,-51.2177
2014-08-12,12.8,14.8,14.8,14.8,13.8,13.8,82,5.61,1018,4.12,150,90,-30.0346,-51.2177
2014-08-13,5.8,14.8,11.8,11.8,11.8,9.8,44,0,1029,5.14,230,0,-30.0346,-51.2177
2014-08-14,2.7,15.8,12.8,5.8,13.8,3.8,47,0,1030,5.66,100,0,-30.0346,-51.2177
2014-08-15,4.8,19.8,15.8,8.8,16.8,4.8,55,0,1029,5.14,120,0,-30.0346,-51.2177
2014-08-16,13.6,21.8,18.8,14.8,18.8,14.8,78,6.59,1025,4.12,60,75,-30.0346,-51.2177
2014-08-17,15.2,19.8,17.8,16.8,17.8,15.8,88,0.14,1024,5.14,110,90,-30.0346,-51.2177
2014-08-18,14.8,20.8,17.8,16.8,18.8,14.8,77,0,1022,3.6,110,90,-30.0346,-51.2177
2014-08-19,13.8,24.8,17.8,14.8,22.8,13.8,82,0,1021,4.63,70,1,-30.0346,-51.2177
2014-08-20,13.8,18.4,16.4,14.8,16.4,13.8,90,0,1023,4.12,110,90,-30.0346,-51.2177
2014-08-21,13,26.8,22,14.4,23,13.4,62,0,1019,4.63,280,1,-30.0346,-51.2177
2014-08-22,10.5,28.8,24.4,13.5,23,10.5,52,0,1016,5.14,100,0,-30.0346,-51.2177
2014-08-23,14,28.4,24.4,15.5,25,14,65,0,1013,5.66,90,0,-30.0346,-51.2177
2014-08-24,15.5,34.8,32.8,17.5,31.8,16,30,0,1007,8.23,310,0,-30.0346,-51.2177
2014-08-25,11.8,22.8,14.8,20.8,13.8,20.8,88,8.99,1012,7.72,280,90,-30.0346,-51.2177
2014-08-26,10.4,13.8,13.4,12.4,12.4,11.4,62,0,1015,12.86,280,40,-30.0346,-51.2177
2014-08-27,7,14.8,12.4,11.4,12.8,7.4,58,0,1021,8.75,290,40,-30.0346,-51.2177
2014-08-28,5.8,15.8,13.4,6,12.4,6.4,60,0,1023,4.12,260,75,-30.0346,-51.2177
2014-08-29,5.5,20.8,18,8,17,6.1,50,0,1021,7.2,100,0,-30.0346,-51.2177
2014-08-30,7,24.4,21.4,10.5,21.4,7.5,56,0,1018,5.66,100,1,-30.0346,-51.2177
2014-08-31,15.6,23.8,20.4,16.8,22.4,15.8,85,24.4,1011,7.2,70,20,-30.0346,-51.2177
2014-09-01,13.4,21.8,20.4,19,16.4,15.2,66,0,1014,6.17,100,40,-30.0346,-51.2177
2014-09-02,12.4,17,15.8,14,16.8,12.8,94,36.56,1011,10.29,100,90,-30.0346,-51.2177
2014-09-03,15.4,20.4,20.4,15.4,18,15.5,68,2.07,1019,11.32,100,75,-30.0346,-51.2177
2014-09-04,14.4,21.5,20.8,15.4,17.4,15,60,0,1023,11.32,110,75,-30.0346,-51.2177
2014-09-05,15,22.8,22.4,16,19.8,15,57,0,1021,6.69,90,75,-30.0346,-51.2177
2014-09-06,14.1,22.4,22.4,15.8,17,14.8,60,15.06,1013,5.14,220,40,-30.0346,-51.2177
2014-09-07,13.5,18.4,17.4,15.5,17.7,15.5,79,0,1022,5.14,100,75,-30.0346,-51.2177
2014-09-08,12.8,26.8,21.6,13.4,24.4,13.4,71,0,1020,4.12,110,40,-30.0346,-51.2177
2014-09-09,14.4,32.8,29.8,17,29.3,14.4,49,0,1009,6.17,300,0,-30.0346,-51.2177
2014-09-10,14,21.1,16.8,20.8,15,20.8,88,17.59,1010,7.72,200,90,-30.0346,-51.2177
2014-09-11,12.8,15,13.8,13.8,14.4,13.8,88,25.38,1021,5.14,130,90,-30.0346,-51.2177
2014-09-12,13.4,18,15.8,14,18,13.4,91,18.14,1019,5.66,110,90,-30.0346,-51.2177
2014-09-13,15.4,27.4,24.4,16,24,15.4,67,0,1018,6.17,110,0,-30.0346,-51.2177
2014-09-14,16,31.4,28.2,19,25.8,16.5,50,2.04,1011,5.14,220,0,-30.0346,-51.2177
2014-09-15,16.4,21.8,21,18.4,17.5,19.8,77,13.7,1010,11.32,290,75,-30.0346,-51.2177
2014-09-16,12.4,19.8,18.4,15.4,19.4,12.4,61,0,1019,5.66,280,75,-30.0346,-51.2177
2014-09-17,12,21,19.4,12.5,17.4,12,64,0,1020,7.72,110,40,-30.0346,-51.2177
2014-09-18,13.5,21.4,20.4,16,19.4,13.5,70,0,1015,4.12,110,0,-30.0346,-51.2177
2014-09-19,17.4,24,22,18.4,22.4,17.4,73,3.8,1011,5.14,280,0,-30.0346,-51.2177
2014-09-20,17,24.4,22.4,18.4,21.8,17.4,69,0.1,1013,7.72,300,75,-30.0346,-51.2177
2014-09-21,12.5,18.4,16.4,16.5,17.4,14.4,70,0.79,1020,8.75,210,75,-30.0346,-51.2177
2014-09-22,9,22.8,20.8,11.5,19.4,9,55,0,1021,8.23,100,40,-30.0346,-51.2177
2014-09-23,12.5,28.8,25.2,16,26.4,12.5,41,0,1015,5.14,100,0,-30.0346,-51.2177
2014-09-24,15.8,21.8,21.8,20.8,18.8,18.8,65,0.87,1016,6.17,150,75,-30.0346,-51.2177
2014-09-25,13.8,26.8,24.8,15.8,22.8,14.8,57,1.17,1013,7.2,90,0,-30.0346,-51.2177
2014-09-26,14.8,23.8,19.8,19.8,16.8,17.8,78,3.94,1014,7.72,180,75,-30.0346,-51.2177
2014-09-27,14.6,18.8,18.8,14.8,17.8,15.8,68,0,1022,9.77,90,75,-30.0346,-51.2177
2014-09-28,14.8,24.8,24.8,15.8,21.8,14.8,61,3.99,1015,6.17,90,0,-30.0346,-51.2177
2014-09-29,18.8,23.8,22.8,19.8,21.8,19.8,83,11.77,1012,4.63,320,90,-30.0346,-51.2177
2014-09-30,17.6,20.8,18.8,18.8,20.8,17.8,94,5.7,1013,5.14,100,90,-30.0346,-51.2177
2014-10-01,15.8,21.8,20.8,18.8,18.8,18.8,60,3.91,1019,6.17,170,75,-30.0346,-51.2177
2014-10-02,13.8,20.8,19.8,15.8,18.8,13.8,53,0,1028,7.72,120,75,-30.0346,-51.2177
2014-10-03,14.5,20.8,20.8,14.8,17.8,14.8,46,0,1030,10.8,100,75,-30.0346,-51.2177
2014-10-04,14.4,23.8,22.8,15.8,18.8,15.8,44,0,1024,10.8,100,0,-30.0346,-51.2177
2014-10-05,13.8,25.8,23.8,16.8,20.8,13.8,47,0,1022,6.17,90,0,-30.0346,-51.2177
2014-10-06,16.3,22.8,19.8,17.8,21.8,17.8,60,0.31,1019,4.63,90,75,-30.0346,-51.2177
2014-10-07,17.2,26.8,25.8,19.8,24.8,17.8,54,0.16,1017,4.63,280,40,-30.0346,-51.2177
2014-10-08,15.8,29.8,27.8,18.8,26.8,15.8,48,0,1014,7.2,90,0,-30.0346,-51.2177
2014-10-09,17.8,29.8,29.8,20.8,25.8,17.8,43,0.44,1008,5.66,10,0,-30.0346,-51.2177
2014-10-10,12.8,29.8,28.8,20.8,18.8,19.8,45,3.91,1010,8.23,190,0,-30.0346,-51.2177
2014-10-11,15.5,20.8,18.8,15.8,19.8,16.8,78,8.29,1017,6.69,110,75,-30.0346,-51.2177
2014-10-12,17.7,24.8,22.8,17.8,23.8,17.8,78,16.27,1014,4.12,90,75,-30.0346,-51.2177
2014-10-13,17.8,21.8,20.2,19.8,18.8,17.8,76,26.21,1017,6.17,150,90,-30.0346,-51.2177
2014-10-14,17.5,24.8,21.8,18.8,21.8,18.8,78,2.74,1018,6.17,120,75,-30.0346,-51.2177
2014-10-15,16.6,27.8,26.8,17.8,22.8,16.8,62,0,1017,10.29,100,0,-30.0346,-51.2177
2014-10-16,19.5,21.8,20.8,20.8,20.8,19.8,85,17.18,1013,8.23,90,90,-30.0346,-51.2177
2014-10-17,18.8,21.8,19.8,19.8,20.8,19.9,88,2.93,1016,7.72,30,90,-30.0346,-51.2177
2014-10-18,17.8,24.8,20.8,18.8,22.8,18.8,83,2.45,1011,5.14,70,90,-30.0346,-51.2177
2014-10-19,18.8,23.8,20.8,20.8,20.8,19.8,88,19.01,1012,7.72,290,75,-30.0346,-51.2177
2014-10-20,14.7,23.8,21.8,18.8,20.8,14.8,50,0,1020,5.14,170,0,-30.0346,-51.2177
2014-10-21,13.7,23.8,21.8,16.8,23.3,13.8,57,0,1023,5.66,90,75,-30.0346,-51.2177
2014-10-22,13.8,26.8,22.8,16.8,24.8,14.8,53,0,1021,7.2,110,0,-30.0346,-51.2177
2014-10-23,15.7,27.8,23.8,17.8,26.8,15.8,54,0,1018,4.63,330,0,-30.0346,-51.2177
2014-10-24,16.8,27.8,23.8,17.8,25.8,16.8,65,0,1015,5.66,280,1,-30.0346,-51.2177
2014-10-25,19.6,26.8,23.8,20.8,25.8,19.8,69,0.16,1014,6.69,110,75,-30.0346,-51.2177
2014-10-26,19.3,27.8,25.8,20.8,25.8,19.8,65,0,1014,7.2,110,40,-30.0346,-51.2177
2014-10-27,17.8,30.8,28.8,20.8,28.8,18.8,52,0,1015,6.17,100,0,-30.0346,-51.2177
2014-10-28,18.8,35.8,30.8,20.8,32.8,18.8,52,0,1013,6.69,90,0,-30.0346,-51.2177
2014-10-29,18.9,36.8,31.8,22.8,36.8,19.8,52,0,1006,5.14,320,0,-30.0346,-51.2177
2014-10-30,19.8,26.8,23.8,26.8,20.8,20.8,69,23.28,1009,11.83,200,75,-30.0346,-51.2177
2014-10-31,18.4,28.8,26.8,21.8,25.8,18.8,66,0,1012,6.69,120,40,-30.0346,-51.2177
2014-11-01,20.8,24.8,23.8,21.8,22.8,21.8,78,1.17,1015,6.69,150,90,-30.0346,-51.2177
2014-11-02,19.8,21,20.8,20.8,19.8,20.8,94,9.75,1019,8.23,110,90,-30.0346,-51.2177
2014-11-03,20,29.8,26.8,20.8,27.8,20.8,74,2.02,1009,9.26,100,40,-30.0346,-51.2177
2014-11-04,18.8,25.8,21.8,21.8,22.8,21.8,88,14.59,1011,5.66,280,90,-30.0346,-51.2177
2014-11-05,16.5,23.2,20.8,17.8,22.3,17.8,56,0,1020,8.23,100,75,-30.0346,-51.2177
2014-11-06,16.2,25.8,25.8,17.8,21.2,16.8,54,5.04,1016,6.17,100,0,-30.0346,-51.2177
2014-11-07,18.8,27.8,25.8,19.8,26.8,18.8,69,27.91,1009,6.69,290,75,-30.0346,-51.2177
2014-11-08,17.2,28.8,23.8,20.8,28.8,17.2,69,0,1013,4.63,100,40,-30.0346,-51.2177
2014-11-09,17.6,29.8,26.8,20.8,29.8,17.8,51,0,1015,4.12,240,0,-30.0346,-51.2177
2014-11-10,18.8,29.8,26.8,23.8,28.8,18.8,61,0,1014,5.66,120,20,-30.0346,-51.2177
2014-11-11,19.1,29.8,26.8,20.8,27.8,19.8,57,0,1010,4.63,100,20,-30.0346,-51.2177
2014-11-12,19.8,22.8,20.8,22.8,20.8,20.8,94,5.7,1008,6.17,180,90,-30.0346,-51.2177
2014-11-13,18.8,23.8,21.8,19.8,22.8,18.8,73,2.64,1014,7.2,180,75,-30.0346,-51.2177
2014-11-14,15.4,23.8,21.8,17.8,23.8,15.8,60,1.24,1017,5.66,120,75,-30.0346,-51.2177
2014-11-15,13.4,26.8,23.8,17.3,26.8,13.8,31,0,1019,5.66,100,0,-30.0346,-51.2177
2014-11-16,15.4,29.8,25.8,17.8,29.8,15.8,44,0,1019,5.66,320,0,-30.0346,-51.2177
2014-11-17,18.9,28.8,25.8,21.8,27.8,20.8,65,0,1019,6.69,90,40,-30.0346,-51.2177
2014-11-18,17.3,31.8,27.8,19.8,27.8,17.8,37,0,1014,7.2,110,0,-30.0346,-51.2177
2014-11-19,17.8,31.8,28.8,20.8,29.8,18.8,51,0,1010,4.63,90,0,-30.0346,-51.2177
2014-11-20,19.8,32.8,29.8,23.8,30.8,19.8,55,0.31,1012,7.2,170,0,-30.0346,-51.2177
2014-11-21,21.8,31.8,28.8,22.8,28.8,21.8,58,1.53,1011,7.72,80,40,-30.0346,-51.2177
2014-11-22,20.8,25.8,23.8,22.8,25.8,22.8,64,0.28,1010,10.8,260,75,-30.0346,-51.2177
2014-11-23,17.6,26.8,24.8,20.8,26.8,17.8,54,0,1015,7.72,110,75,-30.0346,-51.2177
2014-11-24,16.1,33.8,28.8,18.8,33.8,16.8,51,0,1012,6.69,110,0,-30.0346,-51.2177
2014-11-25,21.8,30.8,24.8,25.8,24.8,23.8,83,21.99,1009,7.72,350,75,-30.0346,-51.2177
2014-11-26,21.4,28.8,26.8,22.8,26.8,21.8,70,1.32,1010,6.69,150,75,-30.0346,-51.2177
2014-11-27,20.4,25.8,25.8,22.8,25.8,20.8,65,1.14,1014,6.17,150,40,-30.0346,-51.2177
2014-11-28,16.6,28.8,25.8,20.8,25.8,16.8,51,0,1017,7.72,140,20,-30.0346,-51.2177
2014-11-29,19,31.8,29.8,20.8,29.8,19.8,52,0,1015,8.23,100,0,-30.0346,-51.2177
2014-11-30,19.8,33.8,30.8,22.8,31.8,19.8,49,0,1011,6.17,100,0,-30.0346,-51.2177
2014-12-01,25.1,30.8,28.8,26.8,30.8,25.8,62,0.56,1012,6.69,10,20,-30.0346,-51.2177
2014-12-02,23.3,33.8,31.8,27.8,26.8,23.3,59,13.01,1008,8.23,260,0,-30.0346,-51.2177
2014-12-03,21.8,26.8,24.8,24.8,26.8,21.8,79,14.39,1010,10.29,280,75,-30.0346,-51.2177
2014-12-04,16.8,27.8,25.8,22.8,26.8,16.8,58,0,1017,5.66,140,75,-30.0346,-51.2177
2014-12-05,16.8,28.8,26.8,19.8,27.8,16.8,51,0,1019,10.29,100,0,-30.0346,-51.2177
2014-12-06,17.6,30.8,26.8,20.8,28.8,17.8,34,0,1016,8.23,110,0,-30.0346,-51.2177
2014-12-07,18.8,34.8,30.8,21.8,34.8,18.8,48,0,1013,6.17,100,0,-30.0346,-51.2177
2014-12-08,23.8,35.8,32.8,25.8,31.8,23.8,52,2.56,1011,8.75,260,0,-30.0346,-51.2177
2014-12-09,22.8,30.8,26.8,24.8,30.8,22.8,74,14.93,1009,4.12,70,0,-30.0346,-51.2177
2014-12-10,21.8,31.8,29.8,23.8,24.2,22.8,66,20.26,1008,5.14,280,40,-30.0346,-51.2177
2014-12-11,22.8,25.8,23.8,22.8,24.8,22.8,89,8.69,1014,6.69,180,90,-30.0346,-51.2177
2014-12-12,21.6,25.8,24.8,22.8,23.8,21.8,79,2.93,1012,7.2,110,90,-30.0346,-51.2177
2014-12-13,19.8,24.8,24.8,22.8,24.8,22.8,83,1.76,1008,6.69,170,75,-30.0346,-51.2177
2014-12-14,16.8,26.8,24.8,19.8,24.8,16.8,65,1,1015,6.69,170,75,-30.0346,-51.2177
2014-12-15,16.5,26.8,25.8,19.8,25.8,16.8,54,0,1018,10.29,100,75,-30.0346,-51.2177
2014-12-16,18.8,27.8,25.8,20.8,26.8,18.8,61,0.3,1015,6.69,100,0,-30.0346,-51.2177
2014-12-17,21.5,27.8,26.8,22.8,26.8,21.8,74,3.95,1010,6.69,270,75,-30.0346,-51.2177
2014-12-18,21.8,29.8,26.8,22.8,28.8,21.8,47,0,1012,6.17,90,20,-30.0346,-51.2177
2014-12-19,18.8,30.8,28.8,21.8,29.8,19.8,35,0,1009,6.69,130,0,-30.0346,-51.2177
2014-12-20,19.8,34.8,30.8,22.8,31.8,19.8,55,0.27,1005,16.98,350,0,-30.0346,-51.2177
2014-12-21,20.8,23.8,23.8,21.8,21.8,21.8,94,19.7,1001,6.69,70,75,-30.0346,-51.2177
2014-12-22,19.8,23.8,22.8,21.8,23.8,19.8,65,0,1014,6.69,180,75,-30.0346,-51.2177
2014-12-23,14.8,24.8,23.8,18.8,23.8,14.8,41,0,1023,6.17,110,40,-30.0346,-51.2177
2014-12-24,15.8,26.8,24.8,18.8,25.8,16.8,57,0,1019,9.77,100,40,-30.0346,-51.2177
2014-12-25,17.8,29.8,27.8,20.8,28.8,17.8,51,0.12,1017,6.69,100,0,-30.0346,-51.2177
2014-12-26,21.4,29.8,28.8,22.8,24.8,21.8,62,1.03,1016,5.14,10,40,-30.0346,-51.2177
2014-12-27,21.8,27.8,24.9,22.8,27.8,21.8,83,18.07,1010,7.2,10,90,-30.0346,-51.2177
2014-12-28,22.9,27,26.5,25.1,24.7,23.5,81,7.18,1010,6.7,280,75,-30.0346,-51.2177
2014-12-29,20.9,29.1,25.8,22.7,28.5,20.9,74,0.79,1010,5.7,110,75,-30.0346,-51.2177
2014-12-30,21.2,29.9,27.5,24.3,28,21.2,64,1.16,1007,5.7,280,0,-30.0346,-51.2177
2014-12-31,22.8,30.1,27.6,24.8,29.1,23.3,62,7.02,1004,6.2,340,40,-30.0346,-51.2177
2015-01-01,22.2,27.1,26.8,26.7,26.4,25.1,74,8.61,1006,7.7,340,40,-30.0346,-51.2177
2015-01-02,20.4,25.2,22.7,22.3,25.1,20.4,60,2.57,1012,5.1,240,40,-30.0346,-51.2177
2015-01-03,18.6,28.1,24.5,20.2,28,18.6,57,0,1017,6.7,110,40,-30.0346,-51.2177
2015-01-04,17.7,30.8,27.3,20.8,29.6,17.9,58,0,1017,6.2,130,0,-30.0346,-51.2177
2015-01-05,18.5,32.1,28.3,22.8,31.2,18.5,45,0,1016,6.7,130,0,-30.0346,-51.2177
2015-01-06,22.4,35.3,31.8,24.6,32.9,23,49,0,1014,7.2,120,0,-30.0346,-51.2177
2015-01-07,23.5,33.2,31.8,27.2,24.6,25.4,66,15.88,1010,6.7,100,20,-30.0346,-51.2177
2015-01-08,23,26.5,24.9,24.2,25.1,24,100,9.89,1013,3.1,100,75,-30.0346,-51.2177
2015-01-09,23.1,32.5,27.8,24.1,25.2,23.1,74,14.53,1011,13.9,260,20,-30.0346,-51.2177
2015-01-10,23.1,32.6,28.3,24.3,31.7,23.1,74,0,1013,6.7,90,75,-30.0346,-51.2177
2015-01-11,23.1,32.9,30.2,26.1,30.8,23.1,58,0,1013,5.1,280,0,-30.0346,-51.2177
2015-01-12,25,32.4,29.3,26.3,31.9,25.3,70,0,1012,7.7,290,75,-30.0346,-51.2177
2015-01-13,23.6,34.5,31,26.5,32,23.7,55,1.5,1012,5.7,100,0,-30.0346,-51.2177
2015-01-14,23.2,29.9,28.5,26,23.8,23.7,70,16.97,1010,9.3,190,75,-30.0346,-51.2177
2015-01-15,22.7,25.8,24.4,23.6,23.9,23,78,1.11,1018,7.7,90,75,-30.0346,-51.2177
2015-01-16,22.5,29.3,27.2,22.7,29.3,22.6,65,0,1015,4.6,120,0,-30.0346,-51.2177
2015-01-17,23.8,28.3,23.9,25.5,28,24.3,94,2.07,1012,6.2,280,90,-30.0346,-51.2177
2015-01-18,22.5,28.7,26.9,23.4,28.7,22.5,69,0,1015,5.7,90,75,-30.0346,-51.2177
2015-01-19,22.5,32.8,29.3,24.1,32.7,22.5,66,0,1013,5.7,100,75,-30.0346,-51.2177
2015-01-20,22.1,27.5,25.8,26.3,26.4,23.6,83,2.77,1014,7.7,170,75,-30.0346,-51.2177
2015-01-21,19.8,26.3,23.9,21.4,24.9,19.9,78,0.32,1019,7.7,180,75,-30.0346,-51.2177
2015-01-22,18.3,26.6,23.8,20.9,25.8,18.3,69,0,1022,9.8,90,75,-30.0346,-51.2177
2015-01-23,17.8,29.1,26.4,21.8,27.7,17.9,54,0,1019,8.2,110,40,-30.0346,-51.2177
2015-01-24,18.3,31.6,27.6,21.7,30.8,18.3,51,0,1013,6.7,90,0,-30.0346,-51.2177
2015-01-25,20.6,32.1,28.4,24.8,31.4,21.5,58,0,1011,4.6,270,0,-30.0346,-51.2177
2015-01-26,22.1,32.6,29.9,25.1,31.5,22.9,62,0,1012,6.2,110,0,-30.0346,-51.2177
2015-01-27,23.4,34.3,31.4,26.1,29.7,23.9,59,0,1011,7.2,80,0,-30.0346,-51.2177
2015-01-28,23.7,33.5,30.7,24.8,27.5,24.1,62,5.06,1009,4.1,350,0,-30.0346,-51.2177
2015-01-29,20.3,25,23.3,25,25,24.1,88,19.06,1010,8.2,190,90,-30.0346,-51.2177
2015-01-30,18.2,26.4,25,21.1,25.7,18.6,54,0,1019,8.8,140,40,-30.0346,-51.2177
2015-01-31,19.2,26.8,24.7,20.5,25.3,20.4,65,0.5,1019,8.2,110,75,-30.0346,-51.2177
2015-02-01,20.3,29.7,27.8,21.7,29.6,21,62,0,1016,7.2,100,20,-30.0346,-51.2177
2015-02-02,21.6,32.4,29.3,23.7,31.7,21.6,55,0,1014,6.2,160,0,-30.0346,-51.2177
2015-02-03,22.3,31.9,29,25.2,29.1,23.1,66,0,1011,9.3,100,40,-30.0346,-51.2177
2015-02-04,21.8,29.1,28.1,24,27.9,22.7,62,0,1010,10.3,110,40,-30.0346,-51.2177
2015-02-05,21.5,28.7,27.2,23.5,28,21.9,58,0,1011,8.2,120,40,-30.0346,-51.2177
2015-02-06,21.5,28.5,27.1,23.1,27,21.5,61,0.5,1010,6.7,150,75,-30.0346,-51.2177
2015-02-07,19.8,28.1,25.8,21.3,27.5,20.2,54,0,1010,6.2,150,75,-30.0346,-51.2177
2015-02-08,17.1,30.6,26.2,20.6,29.1,17.7,57,0,1011,7.2,110,0,-30.0346,-51.2177
2015-02-09,19.8,32.4,25,23.2,28.2,20.2,88,2,1009,8.8,20,75,-30.0346,-51.2177
2015-02-10,20.6,34.2,30.5,22.9,30.6,20.7,58,0.5,1009,6.2,270,0,-30.0346,-51.2177
2015-02-11,23.1,28.1,24.2,23.7,28.1,23.7,94,2.48,1013,4.6,210,90,-30.0346,-51.2177
2015-02-12,23.4,31.8,25,24.9,31.8,23.4,88,0,1014,5.1,110,90,-30.0346,-51.2177
2015-02-13,23.1,30,26.6,25.8,28.3,23.5,83,0,1016,6.7,180,40,-30.0346,-51.2177
2015-02-14,22,26.3,24.5,23.8,24.7,22.1,73,0,1018,7.2,130,90,-30.0346,-51.2177
2015-02-15,21.6,27.6,25.9,23,27.1,21.6,61,0,1018,8.2,100,75,-30.0346,-51.2177
2015-02-16,20.7,27.1,24.7,22.1,27,21.5,73,0,1017,6.7,90,90,-30.0346,-51.2177
2015-02-17,18.9,28.9,26.8,22.1,26.7,19.4,61,0.37,1015,8.8,110,40,-30.0346,-51.2177
2015-02-18,20.3,30.4,27.7,22.2,28.3,20.4,58,0,1010,8.2,100,40,-30.0346,-51.2177
2015-02-19,21.6,32,29.5,23.6,26.3,21.7,62,0.5,1005,5.1,100,20,-30.0346,-51.2177
2015-02-20,22.9,25.8,23,23.6,25.3,23,100,0.93,1013,4.1,230,90,-30.0346,-51.2177
2015-02-21,20.9,27.6,26.1,22.9,26.5,20.9,69,0.5,1019,9.3,90,75,-30.0346,-51.2177
2015-02-22,22.1,28.1,26.4,23.4,25.4,22.2,78,0,1018,4.1,80,40,-30.0346,-51.2177
2015-02-23,21.3,29.5,28.1,22.6,26.8,21.3,65,0,1016,4.1,180,75,-30.0346,-51.2177
2015-02-24,21.4,29.7,28.2,24,27.8,22.9,69,5.66,1015,6.7,100,40,-30.0346,-51.2177
2015-02-25,20,32,30,21.8,29,20,51,0,1014,7.2,130,0,-30.0346,-51.2177
2015-02-26,21.7,29.6,26.8,23.9,24,21.7,74,7,1012,8.8,260,75,-30.0346,-51.2177
2015-02-27,21.4,28,27.3,21.8,25,21.7,74,0,1011,6.7,290,75,-30.0346,-51.2177
2015-02-28,19.3,26.8,26.5,22.5,24.9,19.3,61,0,1017,8.8,110,75,-30.0346,-51.2177
2015-03-01,18.6,29.8,28.7,20.2,26.3,18.6,48,0,1017,7.2,130,0,-30.0346,-51.2177
2015-03-02,20.2,31.4,29.3,22.2,30.6,20.2,51,0,1015,4.6,100,0,-30.0346,-51.2177
2015-03-03,22.5,33.3,32,23.7,30.5,22.5,49,0,1014,8.2,100,0,-30.0346,-51.2177
2015-03-04,21.7,33.5,31.8,24.1,29.8,21.7,55,0.67,1012,5.14,100,0,-30.0346,-51.2177
2015-03-05,23.2,28,27.2,24.1,26.9,23.2,84,3.94,1013,5.14,290,75,-30.0346,-51.2177
2015-03-06,21.7,29,27.7,23,25.6,22,70,0,1015,6.69,140,75,-30.0346,-51.2177
2015-03-07,19.3,29,27.7,21.6,25.6,19.3,58,0,1015,7.72,120,20,-30.0346,-51.2177
2015-03-08,21.1,30.4,29.5,21.1,27.8,21.1,59,0,1014,7.72,100,75,-30.0346,-51.2177
2015-03-09,22.5,30.1,29,23.6,27,22.5,70,0.5,1014,7.72,90,75,-30.0346,-51.2177
2015-03-10,21.7,26.8,24.4,22.7,25.9,22.6,89,6.8,1014,6.69,130,75,-30.0346,-51.2177
2015-03-11,21,28.6,27.6,21,26.7,22,65,0.5,1012,7.2,160,40,-30.0346,-51.2177
2015-03-12,20.2,28.7,27.2,21.7,26.8,20.2,65,0,1012,5.7,250,40,-30.0346,-51.2177
2015-03-13,20.3,30.6,28.6,22.2,26.9,20.3,62,0,1012,7.2,100,20,-30.0346,-51.2177
2015-03-14,21.5,32,30,22.6,29.5,21.5,62,0,1012,6.2,110,0,-30.0346,-51.2177
2015-03-15,22.5,30,28.3,23.6,28.7,22.5,78,0,1013,4.6,110,75,-30.0346,-51.2177
2015-03-16,22.5,29.8,29.1,24,27.7,23.1,58,0,1016,6.2,100,40,-30.0346,-51.2177
2015-03-17,18,28.9,27.7,20.4,26,18,57,0,1017,6.7,130,40,-30.0346,-51.2177
2015-03-18,18.1,29.8,28.2,20.8,26.8,18.2,58,0,1018,8.2,90,20,-30.0346,-51.2177
2015-03-19,18.3,30.3,28.3,21.1,27,18.3,51,0,1018,7.2,100,0,-30.0346,-51.2177
2015-03-20,17.4,32.6,29.6,20.2,31.5,17.4,58,0,1013,6.7,330,0,-30.0346,-51.2177
2015-03-21,20.6,26.5,26.5,25,22,21.9,65,0,1012,7.7,190,75,-30.0346,-51.2177
2015-03-22,16.9,24.6,23.7,20.3,22.1,16.9,50,0,1017,5.7,180,40,-30.0346,-51.2177
2015-03-23,15.2,26.2,25.5,18,22.5,15.2,61,0,1019,7.2,110,75,-30.0346,-51.2177
2015-03-24,17.3,29.2,27.3,19.5,25.4,17.3,54,0,1020,8.8,100,20,-30.0346,-51.2177
2015-03-25,19.1,31.7,29.1,21.1,29.1,19.1,51,0,1016,4.6,20,0,-30.0346,-51.2177
2015-03-26,19,23.6,21.8,23.6,21,21.5,83,1.5,1015,5.1,190,90,-30.0346,-51.2177
2015-03-27,18.4,24.2,22.5,19,23.3,18.6,64,0,1018,3.6,320,75,-30.0346,-51.2177
2015-03-28,15.6,25.6,25.6,17.3,22.1,16,57,0,1020,8.2,110,75,-30.0346,-51.2177
2015-03-29,20,26.1,25,20.5,23.7,20.6,65,0,1016,8.2,100,0,-30.0346,-51.2177
2015-03-30,19.6,26.3,24.4,21.1,24.8,19.6,83,15.71,1010,8.2,270,75,-30.0346,-51.2177
2015-03-31,19.7,26.4,23.6,20.4,24.9,20.1,83,0,1014,6.7,290,75,-30.0346,-51.2177
2015-04-01,18.4,27.5,25.7,19.6,24.4,18.4,57,0,1017,4.6,130,40,-30.0346,-51.2177
2015-04-02,15.9,28.7,27,19,25.5,15.9,54,0,1018,5.7,110,0,-30.0346,-51.2177
2015-04-03,15.4,31.7,28.7,18.2,28.4,15.4,58,0,1014,5.7,100,0,-30.0346,-51.2177
2015-04-04,17.2,31.7,29.2,20.2,28.4,17.2,51,0,1010,6.2,100,0,-30.0346,-51.2177
2015-04-05,19.3,23.2,23.2,21.3,21.3,21.4,88,8.81,1008,4.6,260,90,-30.0346,-51.2177
2015-04-06,17.6,24,22.9,21.2,21.5,19.4,56,0.5,1017,9.3,150,75,-30.0346,-51.2177
2015-04-07,15.2,24.8,24,17.1,21.9,15.2,41,0,1019,6.7,110,0,-30.0346,-51.2177
2015-04-08,13.9,26.7,25.6,16.3,23.7,14,55,0,1018,3.31,103,0,-30.0346,-51.2177
2015-04-09,16.1,28.3,27,18.1,26,16.1,58,0,1019,3.03,322,16,-30.0346,-51.2177
2015-04-10,16.6,28.7,27.7,19.1,25.5,16.6,58,0,1020,2.55,104,0,-30.0346,-51.2177
2015-04-11,15.2,29,28.2,19.2,26,15.2,55,0,1017,3.14,149,0,-30.0346,-51.2177
2015-04-12,19.4,25.4,25.3,19.7,22.6,19.4,71,1.03,1019,3.85,134,53,-30.0346,-51.2177
2015-04-13,16.9,26.4,26.4,19.4,23.1,16.9,63,0,1018,4.85,102,86,-30.0346,-51.2177
2015-04-14,18.6,29.6,27.9,19.8,26.6,18.7,64,0.55,1014,2.76,114,5,-30.0346,-51.2177
2015-04-15,20.9,25.7,25.5,22.6,24,20.9,72,0.61,1014,3.05,144,91,-30.0346,-51.2177
2015-04-16,20.5,24.9,24.3,21.3,22.8,20.5,77,0.68,1018,6.61,111,55,-30.0346,-51.2177
2015-04-17,19.6,27.9,26.6,21.1,24.4,19.6,68,5.19,1016,5.08,94,99,-30.0346,-51.2177
2015-04-18,17.2,24.7,23.8,20.3,22.6,20.3,66,3.35,1015,4.53,23,85,-30.0346,-51.2177
2015-04-19,14.1,27.1,24.8,15.7,25.6,14.1,74,0.15,1013,2.83,113,0,-30.0346,-51.2177
2015-04-20,20.6,23,22.7,21.3,22.3,20.6,90,8.74,1010,2.43,28,100,-30.0346,-51.2177
2015-04-21,18.1,23.9,23.9,20.9,20.9,19.9,64,0,1017,5.82,156,91,-30.0346,-51.2177
2015-04-22,16.9,22.2,22.1,17.9,19.9,16.9,63,0.11,1021,4.73,114,87,-30.0346,-51.2177
2015-04-23,17.4,21.8,21.3,18.2,20.3,17.8,79,1.05,1021,3.95,120,93,-30.0346,-51.2177
2015-04-24,16.5,23.7,22.8,18.2,20.7,16.5,70,0.73,1019,3.34,198,62,-30.0346,-51.2177
2015-04-25,17.4,24,23.3,17.4,22,17.7,66,0.65,1022,2.74,231,82,-30.0346,-51.2177
2015-04-26,13.8,25.5,24.4,15.8,22.3,13.9,64,0,1021,3.07,99,0,-30.0346,-51.2177
2015-04-27,13.4,24.9,24,16.2,21.7,13.4,66,0,1019,2.59,167,32,-30.0346,-51.2177
2015-04-28,16.5,23.9,23,17.3,21.2,17,65,0,1020,4.48,162,54,-30.0346,-51.2177
2015-04-29,15.7,23.2,22.4,18.4,19.4,15.7,43,0,1022,8.8,100,40,-30.0346,-51.2177
2015-04-30,15.3,20.5,18.1,16.7,18,15.6,82,1.29,1020,8.2,100,40,-30.0346,-51.2177
2015-05-01,14.5,23.3,20.8,15.2,20.3,14.9,72,0,1018,5.7,90,20,-30.0346,-51.2177
2015-05-02,13.1,23.7,22,16.2,20.9,13.1,64,1.36,1013,3.6,110,0,-30.0346,-51.2177
2015-05-03,17.9,20.6,19.6,20.1,19.9,19.9,93,3.47,1012,7.7,240,90,-30.0346,-51.2177
2015-05-04,10.7,19.9,18.6,17,16.1,13.1,63,0.84,1017,7.7,210,40,-30.0346,-51.2177
2015-05-05,8.1,20.3,18,9.9,16.4,8.4,67,0,1021,3.6,120,0,-30.0346,-51.2177
2015-05-06,8.9,21.8,19.5,12.1,17.6,8.9,68,0,1019,5.1,160,0,-30.0346,-51.2177
2015-05-07,10.7,19.9,19.3,13.3,16.6,11.3,59,0,1024,5.1,200,40,-30.0346,-51.2177
2015-05-08,10.4,21.6,20.1,12,18.5,10.4,56,0,1022,4.6,90,0,-30.0346,-51.2177
2015-05-09,12.2,25.7,24.2,12.9,21.8,12.2,57,0,1019,3.1,340,0,-30.0346,-51.2177
2015-05-10,17,20.9,20,18.9,18.9,17,93,1.56,1016,4.6,130,90,-30.0346,-51.2177
2015-05-11,15.5,18.1,18,17,17.1,17,82,5.39,1018,8.2,150,90,-30.0346,-51.2177
2015-05-12,13.6,22,20.8,14.9,18,13.6,64,0,1022,7.2,120,40,-30.0346,-51.2177
2015-05-13,11.6,23,22.1,14.2,18.6,11.6,56,0,1024,7.7,100,0,-30.0346,-51.2177
2015-05-14,12,25.2,23.1,16.5,20.5,12.1,53,0,1022,3.6,110,0,-30.0346,-51.2177
2015-05-15,14.1,24.8,22.3,15.8,21.1,14.1,73,0,1021,4.1,100,75,-30.0346,-51.2177
2015-05-16,14.9,25.3,24.5,16.7,21.5,14.9,57,0.5,1022,4.1,280,0,-30.0346,-51.2177
2015-05-17,17,26.6,25,18.7,22.4,17.2,61,0,1023,5.7,90,0,-30.0346,-51.2177
2015-05-18,15.6,26,23.9,17.6,22.1,15.6,64,0,1023,6.2,110,0,-30.0346,-51.2177
2015-05-19,16.5,26.6,24.9,18.2,23,16.5,53,0,1023,4.6,110,0,-30.0346,-51.2177
2015-05-20,16.7,26.7,25.1,18.1,22.4,17,57,0,1022,3.6,100,0,-30.0346,-51.2177
2015-05-21,15.9,28.6,26.1,18.7,22.7,16.5,50,0,1021,4.6,100,0,-30.0346,-51.2177
2015-05-22,16,29.1,27,18.8,24.6,16,51,0,1019,4.6,340,0,-30.0346,-51.2177
2015-05-23,17.5,30.4,28.3,20.1,28.1,18.3,45,0.6,1011,6.7,340,0,-30.0346,-51.2177
2015-05-24,18.9,22.5,20.9,22.5,20.4,20.5,82,9.26,1014,7.7,260,90,-30.0346,-51.2177
2015-05-25,18.3,22.2,22,19,20.7,18.3,60,0,1019,5.1,110,75,-30.0346,-51.2177
2015-05-26,18.6,22.8,22,19.5,19.7,18.6,73,10.75,1019,7.2,110,90,-30.0346,-51.2177
2015-05-27,17,18.8,17.9,18.2,18,17.1,100,67.98,1013,11.3,110,90,-30.0346,-51.2177
2015-05-28,15.5,18,17.9,18,16.1,17.6,82,8.02,1015,8.2,190,75,-30.0346,-51.2177
2015-05-29,14.1,18.7,18,15.5,15.6,14.8,72,0.63,1016,4.1,280,75,-30.0346,-51.2177
2015-05-30,11.9,18,15.7,13.1,15.7,11.9,93,0,1017,5.7,290,90,-30.0346,-51.2177
2015-05-31,10.9,18.5,17.2,11.5,15.2,10.9,77,0,1019,2.6,300,75,-30.0346,-51.2177
2015-06-01,10.4,17.1,13.7,11.1,13.9,10.5,93,0,1024,3.1,270,90,-30.0346,-51.2177
2015-06-02,9,21.9,19.5,9.1,16,10.2,63,0,1021,3.6,300,0,-30.0346,-51.2177
2015-06-03,8.6,24.6,22.2,11.3,20.6,8.6,53,0,1018,4.6,350,0,-30.0346,-51.2177
2015-06-04,16.3,24.3,23.1,16.3,20,16.9,53,0,1021,3.1,70,75,-30.0346,-51.2177
2015-06-05,13.9,25.2,24,17.1,19.2,13.9,64,9.51,1018,8.8,230,0,-30.0346,-51.2177
2015-06-06,16.9,27.7,26.4,18.9,23.8,17.5,61,2,1012,6.7,330,0,-30.0346,-51.2177
2015-06-07,17.8,27.6,25.8,17.8,23.7,20.2,61,0,1015,4.6,320,40,-30.0346,-51.2177
2015-06-08,18.4,21.5,21.5,20.2,19.6,18.9,78,1,1015,5.7,130,75,-30.0346,-51.2177
2015-06-09,18.3,28.9,25.7,18.8,22.9,18.4,57,0,1012,4.1,300,0,-30.0346,-51.2177
2015-06-10,17.8,24.6,24.6,22.9,19.7,17.9,57,16.9,1010,5.1,280,75,-30.0346,-51.2177
2015-06-11,10.2,18,13.9,18,14.1,17,100,44.86,1015,4.1,190,90,-30.0346,-51.2177
2015-06-12,8.1,15,12.2,9.2,10.6,9.3,76,0,1022,3.6,320,20,-30.0346,-51.2177
2015-06-13,8.3,18.7,15.9,8.3,16.2,8.3,67,0,1014,3.1,340,40,-30.0346,-51.2177
2015-06-14,12.8,17.5,17.5,15,15.2,14.5,82,0.15,1008,4.6,260,75,-30.0346,-51.2177
2015-06-15,8.3,14.9,14.1,11.9,11.4,9,47,0,1019,8.8,280,0,-30.0346,-51.2177
2015-06-16,4.3,17.8,15.7,7.8,12.2,4.3,44,0,1021,4.1,310,0,-30.0346,-51.2177
2015-06-17,5.1,20.3,17.8,6.5,15.5,5.1,51,18.8,1017,4.6,180,0,-30.0346,-51.2177
2015-06-18,9.2,14,14,12.1,12,11.4,82,26.18,1023,7.7,220,75,-30.0346,-51.2177
2015-06-19,5.6,13.1,11.6,9.5,11,6.5,61,0,1033,4.1,220,40,-30.0346,-51.2177
2015-06-20,5,19.2,17,5.9,15.5,5,51,0,1025,3.1,70,0,-30.0346,-51.2177
2015-06-21,12.1,19.3,17.7,12.1,17.8,12.6,77,2.86,1021,3.1,90,90,-30.0346,-51.2177
2015-06-22,13.9,19.8,19.8,16.4,17.9,15.4,82,3.57,1020,5.7,150,75,-30.0346,-51.2177
2015-06-23,7.6,14,14,13.2,11.9,11.3,62,17.76,1030,5.1,160,75,-30.0346,-51.2177
2015-06-24,6.4,16,14.9,8.3,14.1,6.4,72,0,1031,5.7,110,0,-30.0346,-51.2177
2015-06-25,10.3,21.5,19.9,12.3,16.9,10.4,56,0,1030,6.2,90,0,-30.0346,-51.2177
2015-06-26,9.7,22.6,20.6,13.6,17.7,9.9,46,0,1030,3.1,0,0,-30.0346,-51.2177
2015-06-27,10.6,23.5,21.8,14.4,18.7,11.2,56,0,1026,3.1,340,0,-30.0346,-51.2177
2015-06-28,9.6,23.2,21.4,12.8,19.1,9.6,60,0,1020,4.1,320,0,-30.0346,-51.2177
2015-06-29,11.1,23.8,22,13,19.1,11.1,53,0,1016,4.6,350,0,-30.0346,-51.2177
2015-06-30,16,20,18.7,17,18.1,16.9,88,9.26,1012,6.2,310,40,-30.0346,-51.2177
2015-07-01,12.5,16.8,16.8,15.9,14.5,14.5,63,0,1022,4.1,200,40,-30.0346,-51.2177
2015-07-02,10.3,20.5,19,10.3,17.1,10.3,63,0,1020,7.2,100,0,-30.0346,-51.2177
2015-07-03,12.5,21.7,21.3,14.6,17.5,12.5,60,0,1010,8.8,290,0,-30.0346,-51.2177
2015-07-04,9.3,13.3,13,13.3,12.2,10,58,0,1022,8.2,290,75,-30.0346,-51.2177
2015-07-05,7.1,17.6,15.2,10,14.7,7.3,58,0,1024,7.7,100,0,-30.0346,-51.2177
2015-07-06,8.7,19.6,18.7,10,15,8.7,52,0,1019,4.1,90,0,-30.0346,-51.2177
2015-07-07,14.5,16.9,16.9,15.3,15.8,14.5,88,8.01,1016,5.1,180,90,-30.0346,-51.2177
2015-07-08,15,17.2,16.8,15.1,15.9,15.1,93,17.39,1016,5.1,140,90,-30.0346,-51.2177
2015-07-09,14.5,17.4,16.1,15.9,16.8,15.1,93,7.71,1014,6.7,280,90,-30.0346,-51.2177
2015-07-10,13,20.5,20.1,14.7,16.7,13.4,68,0,1019,3.1,80,75,-30.0346,-51.2177
2015-07-11,13.2,20.1,18,14.6,17.2,13.2,88,0,1017,4.1,100,75,-30.0346,-51.2177
2015-07-12,13.3,22.8,21.1,14.8,19.3,13.7,77,0,1011,3.6,90,0,-30.0346,-51.2177
2015-07-13,17.6,20.6,19.1,19,19.9,18,93,41.29,1007,10.3,70,90,-30.0346,-51.2177
2015-07-14,11.7,19.3,13.6,19.3,12.9,16.3,93,18.25,1013,6.7,90,90,-30.0346,-51.2177
2015-07-15,11.1,12.3,11.6,12.1,12.2,12,87,14.8,1026,2.6,280,90,-30.0346,-51.2177
2015-07-16,11.9,15.3,13.6,11.9,15.2,12.4,93,2.5,1025,3.6,100,90,-30.0346,-51.2177
2015-07-17,13.9,17.1,16.5,15.3,16.2,16.2,93,8.83,1019,6.7,290,90,-30.0346,-51.2177
2015-07-18,13,20.8,18,15.4,17.6,13.4,77,0,1022,4.6,110,75,-30.0346,-51.2177
2015-07-19,10.2,21.6,20.5,14.5,18.2,15.6,82,7.63,1014,7.7,220,75,-30.0346,-51.2177
2015-07-20,9.7,17.8,16.2,17.8,15.1,16.8,93,61.44,1015,9.3,190,90,-30.0346,-51.2177
2015-07-21,11.9,16.5,15.1,13.2,14,13,76,3.59,1023,5.7,220,75,-30.0346,-51.2177
2015-07-22,9.8,17.1,15.9,11.8,14.1,10.1,72,0,1026,6.2,130,20,-30.0346,-51.2177
2015-07-23,9.4,17.7,16.7,12,16.1,9.4,63,0,1025,4.6,90,0,-30.0346,-51.2177
2015-07-24,12.7,18.5,17.7,14.6,15.6,12.9,82,0,1023,6.2,130,75,-30.0346,-51.2177
2015-07-25,13.7,19.7,19.7,15,17.1,13.7,59,0,1024,7.2,110,75,-30.0346,-51.2177
2015-07-26,14.5,19.4,18.5,14.5,17.6,14.8,88,0.5,1021,3.6,230,75,-30.0346,-51.2177
2015-07-27,14.5,21,19.5,15.2,18.2,14.7,72,0,1019,4.1,100,40,-30.0346,-51.2177
2015-07-28,14.4,25.3,20.9,14.8,21,14.6,68,0,1019,4.1,100,0,-30.0346,-51.2177
2015-07-29,12.7,24.2,23.2,16.1,21,12.7,64,0,1020,3.1,270,1,-30.0346,-51.2177
2015-07-30,14.2,27.9,25.8,16,23.1,14.4,41,0,1020,4.6,60,0,-30.0346,-51.2177
2015-07-31,14.7,28.8,25.8,17.6,24.4,14.7,47,0,1015,4.1,340,0,-30.0346,-51.2177
2015-08-01,17.6,23.4,22,21,19.2,17.6,60,0,1019,6.2,110,0,-30.0346,-51.2177
2015-08-02,16.6,29,28.4,17,25.6,16.6,37,0,1011,5.1,300,0,-30.0346,-51.2177
2015-08-03,17.2,22.6,22.2,20.4,19.7,17.3,73,1.3,1015,6.7,170,75,-30.0346,-51.2177
2015-08-04,17,19.8,19.2,17.8,18,17.1,82,8.23,1020,7.7,130,90,-30.0346,-51.2177
2015-08-05,17,20.7,18.6,17,19.1,17.1,88,14.37,1018,9.3,90,75,-30.0346,-51.2177
2015-08-06,18,31.4,28.1,18,26.1,18,57,0,1009,6.2,10,0,-30.0346,-51.2177
2015-08-07,21.2,32.9,31.7,21.2,28.8,23.1,25,0,1008,8.2,340,0,-30.0346,-51.2177
2015-08-08,20.8,33.8,32.5,25.8,28.3,20.8,24,0,1014,4.6,340,0,-30.0346,-51.2177
2015-08-09,17.9,31.1,29,21.9,26.9,17.9,35,0,1015,6.2,350,0,-30.0346,-51.2177
2015-08-10,16.7,31.3,28.6,19.8,27,16.7,37,0,1015,10.8,340,0,-30.0346,-51.2177
2015-08-11,18.2,24,20.2,21.3,21.4,18.6,88,0.5,1021,6.2,90,75,-30.0346,-51.2177
2015-08-12,18.2,29.6,26.7,19.1,24.8,18.2,54,0,1018,4.1,350,0,-30.0346,-51.2177
2015-08-13,18.9,28.9,28,20.6,25.1,18.9,45,0,1017,4.6,90,0,-30.0346,-51.2177
2015-08-14,18.4,26.8,24.3,21.1,23,18.4,57,0,1018,3.1,240,20,-30.0346,-51.2177
2015-08-15,17.2,23.7,22.5,19.2,20.2,17.9,73,0,1016,6.7,280,1,-30.0346,-51.2177
2015-08-16,16.1,19.7,18.9,17.4,19.1,16.1,72,0,1024,6.7,100,90,-30.0346,-51.2177
2015-08-17,18.1,28.2,25,19,24.1,18.7,61,0,1016,5.1,120,0,-30.0346,-51.2177
2015-08-18,18,26.6,25.9,20.1,19.3,18.7,57,6.81,1012,6.7,260,75,-30.0346,-51.2177
2015-08-19,15,18,16.3,17.9,17.8,16.7,82,1.78,1016,5.7,270,75,-30.0346,-51.2177
2015-08-20,15,19.2,19.2,15.4,16.1,15.4,57,1.17,1026,7.7,120,40,-30.0346,-51.2177
2015-08-21,14.7,23.8,21.8,15.1,19.8,14.7,56,0,1019,6.7,90,0,-30.0346,-51.2177
2015-08-22,12.8,26.9,25.1,16.1,20.1,12.8,47,3.79,1012,6.2,40,0,-30.0346,-51.2177
2015-08-23,14.2,22.7,20.2,19.1,18,18.1,68,2.92,1015,7.2,270,20,-30.0346,-51.2177
2015-08-24,11.4,18,17.1,13,16,11.4,59,0,1022,5.7,110,75,-30.0346,-51.2177
2015-08-25,14.5,22.7,21,14.5,19.3,15.5,60,0,1018,7.7,110,0,-30.0346,-51.2177
2015-08-26,14.8,20.2,20,15.8,18.3,14.8,72,15.8,1012,6.2,80,20,-30.0346,-51.2177
2015-08-27,14.4,22.7,21.1,19.1,19.9,17.9,56,0,1016,10.3,290,75,-30.0346,-51.2177
2015-08-28,8.8,21.8,19.3,12.3,19.5,8.8,48,0,1024,3.1,80,0,-30.0346,-51.2177
2015-08-29,9.1,28.3,25.3,12,24,9.1,50,0,1017,4.6,300,0,-30.0346,-51.2177
2015-08-30,12.6,30,27.4,15.8,26.3,12.6,42,0,1017,4.1,300,0,-30.0346,-51.2177
2015-08-31,13.5,30.8,27.7,17.2,26.3,13.7,47,0,1014,6.2,190,0,-30.0346,-51.2177
2015-09-01,14,19.9,17.7,19.9,16,16.8,51,0.47,1026,9.8,200,75,-30.0346,-51.2177
2015-09-02,10.7,21.1,20,14.8,18,12,45,0.28,1022,7.7,90,0,-30.0346,-51.2177
2015-09-03,14.7,21.8,21.6,15.5,17,14.8,56,0,1017,7.7,150,75,-30.0346,-51.2177
2015-09-04,14.6,20.4,19.7,15.9,16.6,14.9,56,0,1020,6.2,110,75,-30.0346,-51.2177
2015-09-05,14,18.3,17.7,14.1,15.9,14.5,72,0,1021,6.7,170,75,-30.0346,-51.2177
2015-09-06,13.2,20,17.5,14.8,18,13.5,63,0,1016,5.1,270,75,-30.0346,-51.2177
2015-09-07,10.6,22.6,21.1,14.1,19,10.6,52,0,1011,7.2,100,20,-30.0346,-51.2177
2015-09-08,13.3,20.8,20.4,15.6,19.3,14.6,68,0,1006,7.7,190,75,-30.0346,-51.2177
2015-09-09,12.7,23.6,22.1,14.1,20.6,12.7,53,0,1012,7.7,100,20,-30.0346,-51.2177
2015-09-10,11.9,24,23.3,14.6,15.3,12.2,56,8.64,1008,9.8,200,40,-30.0346,-51.2177
2015-09-11,10.2,16.8,15.9,14,15.7,11.7,41,0,1017,9.8,270,0,-30.0346,-51.2177
2015-09-12,5.5,15.9,14.1,10.1,14.5,5.5,32,0,1023,7.7,290,0,-30.0346,-51.2177
2015-09-13,5.7,21.1,18.8,8.5,19.1,5.7,36,0,1024,6.7,300,0,-30.0346,-51.2177
2015-09-14,7.1,25.1,22.7,10.4,20.9,7.1,32,0,1022,4.6,90,0,-30.0346,-51.2177
2015-09-15,8.6,28.6,23.6,12,23.9,8.6,49,0,1015,4.1,100,0,-30.0346,-51.2177
2015-09-16,15.9,20.3,19.5,18.2,16.1,19,100,25.61,1007,6.2,130,90,-30.0346,-51.2177
2015-09-17,12.9,19,18.4,16,18,17.1,100,9.81,1011,7.2,150,75,-30.0346,-51.2177
2015-09-18,12.2,18.5,18.5,18,18,17.1,88,7.18,1015,5.7,130,90,-30.0346,-51.2177
2015-09-19,17,19.1,18.1,17.3,18.7,17.1,93,13.87,1016,5.7,120,90,-30.0346,-51.2177
2015-09-20,17.6,18.7,17.6,18.7,18.7,17.8,93,14.71,1017,5.7,100,90,-30.0346,-51.2177
2015-09-21,17.9,21,19.6,18,20.3,17.9,100,33.19,1013,7.7,230,90,-30.0346,-51.2177
2015-09-22,18.8,21.9,19.6,19,21.5,18.9,93,10.75,1016,5.7,50,90,-30.0346,-51.2177
2015-09-23,17.3,23.3,22.7,19.8,21.4,17.9,88,1.5,1009,7.7,90,90,-30.0346,-51.2177
2015-09-24,18.8,24.5,22,19.3,22.4,21,100,10.88,1007,8.2,80,90,-30.0346,-51.2177
2015-09-25,16.9,22.3,22,22.3,19.1,19.3,83,1.37,1013,7.2,260,75,-30.0346,-51.2177
2015-09-26,16,19,18.7,16.9,18.8,16.2,88,3.52,1016,8.8,100,90,-30.0346,-51.2177
2015-09-27,16.6,20.9,20.4,18,18.6,17.9,77,0,1012,4.6,180,90,-30.0346,-51.2177
2015-09-28,12.8,22.5,20.6,15.7,20.6,12.9,42,0,1013,4.6,80,20,-30.0346,-51.2177
2015-09-29,11.1,25.8,24,14,22.5,11.1,53,0,1013,5.1,170,0,-30.0346,-51.2177
2015-09-30,14.1,21,20.3,16.2,18.3,14.5,52,0,1017,6.7,110,20,-30.0346,-51.2177
2015-10-01,13.8,23.2,21.7,14,20.8,14.4,68,0,1017,6.2,110,90,-30.0346,-51.2177
2015-10-02,17.2,24.5,21.9,17.2,21.5,17.6,88,6.69,1011,7.2,250,90,-30.0346,-51.2177
2015-10-03,13.9,19,15.3,19,16,14.8,72,0,1018,5.7,200,90,-30.0346,-51.2177
2015-10-04,12,19.5,17.2,13.9,16.2,12,59,0,1021,5.1,250,20,-30.0346,-51.2177
2015-10-05,9.3,21.9,20.7,11.4,18.7,9.3,52,0,1020,8.2,110,20,-30.0346,-51.2177
2015-10-06,15.2,28.2,25.6,15.7,26.1,15.4,54,0,1014,6.2,90,0,-30.0346,-51.2177
2015-10-07,18.7,21.9,21.1,19.5,20,19.4,88,8.75,1014,6.7,60,90,-30.0346,-51.2177
2015-10-08,18.8,20.5,20.1,19.1,20.5,19.5,93,50.06,1010,8.2,250,90,-30.0346,-51.2177
2015-10-09,16.8,19.6,18.8,18.9,18.5,17.9,93,52.24,1014,6.7,160,90,-30.0346,-51.2177
2015-10-10,16,17.2,17.1,16.9,17,16,93,13.89,1020,9.3,140,90,-30.0346,-51.2177
2015-10-11,16.5,20.8,19.9,16.9,20.1,16.8,88,19.72,1014,6.2,140,90,-30.0346,-51.2177
2015-10-12,15.8,19.8,18.9,17.2,19.4,16.1,77,0,1015,8.8,290,75,-30.0346,-51.2177
2015-10-13,13.5,21.9,21.4,15.5,19.1,13.6,56,0,1019,8.2,100,75,-30.0346,-51.2177
2015-10-14,16.8,26.7,25.6,16.9,21.2,17,57,2,1011,14.9,250,0,-30.0346,-51.2177
2015-10-15,19.7,22.9,20.9,20.3,22,20.4,100,15.83,1007,8.8,260,75,-30.0346,-51.2177
2015-10-16,16,21.9,21.2,19.9,19.3,16.9,49,0,1018,5.7,120,0,-30.0346,-51.2177
2015-10-17,12.2,15.9,15.9,15.7,15.6,14.1,67,0,1026,4.6,210,75,-30.0346,-51.2177
2015-10-18,8.5,19.2,18.1,12.1,17,8.8,51,0,1024,8.8,120,0,-30.0346,-51.2177
2015-10-19,13.6,23.9,20.2,14.5,22.3,13.6,64,0,1016,6.2,110,0,-30.0346,-51.2177
2015-10-20,18.2,28.9,25,18.9,28.1,18.6,69,0,1008,9.3,210,40,-30.0346,-51.2177
2015-10-21,15.2,24.5,18.8,24.5,18.1,17.9,68,18.17,1012,8.8,140,75,-30.0346,-51.2177
2015-10-22,16,22.3,19.9,16,21.6,16.9,82,4.07,1012,8.8,100,90,-30.0346,-51.2177
2015-10-23,17,23.6,21.7,19,22.2,18.8,68,0,1019,5.7,190,40,-30.0346,-51.2177
2015-10-24,14.6,19.2,17.5,17,18.9,14.7,72,0,1025,6.2,120,90,-30.0346,-51.2177
2015-10-25,14.1,20.6,19.7,14.6,19.7,14.5,59,0,1020,9.3,100,20,-30.0346,-51.2177
2015-10-26,16.9,25.6,23.8,17.6,23.9,17,61,0,1015,4.1,110,0,-30.0346,-51.2177
2015-10-27,18.8,25.4,21.7,19.9,24.1,18.9,83,0,1016,3.6,280,90,-30.0346,-51.2177
2015-10-28,19.6,25.7,24.3,20.8,23.6,19.8,69,0,1018,9.3,100,75,-30.0346,-51.2177
2015-10-29,18.9,30,27.3,19.2,27.7,18.9,58,0,1016,7.2,110,0,-30.0346,-51.2177
2015-10-30,19.2,29.4,28.3,21.4,26.6,19.2,48,0.5,1011,7.7,160,0,-30.0346,-51.2177
2015-10-31,18.1,22.8,21.1,22.8,21.1,20.7,82,2.64,1014,6.7,190,90,-30.0346,-51.2177
2015-11-01,17,20.9,19.7,18.1,19.6,17,68,0,1019,8.8,110,90,-30.0346,-51.2177
2015-11-02,17.1,19.9,19.7,17.8,19.7,17.9,72,0,1018,9.8,100,90,-30.0346,-51.2177
2015-11-03,17.1,25.5,23.2,17.1,23.1,17.6,69,0.5,1014,6.2,140,90,-30.0346,-51.2177
2015-11-04,17.1,20,19,20,19,18.9,88,4.93,1018,7.7,100,90,-30.0346,-51.2177
2015-11-05,15.1,17.2,16.1,16.3,16.9,15.3,93,17.1,1017,8.2,160,90,-30.0346,-51.2177
2015-11-06,16,22.1,20,16.2,21.3,16,64,0,1022,6.7,120,75,-30.0346,-51.2177
2015-11-07,15.7,24.2,22.2,16.7,22.6,16.1,60,0,1019,9.3,100,75,-30.0346,-51.2177
2015-11-08,16.8,28,25.4,18.6,26.1,16.8,54,0,1014,7.2,120,0,-30.0346,-51.2177
2015-11-09,18.7,31,27.7,21,30.5,19,51,0,1015,7.7,100,20,-30.0346,-51.2177
2015-11-10,20.1,24,21.3,23.1,23.6,20.6,100,14.85,1016,5.1,100,75,-30.0346,-51.2177
2015-11-11,19.7,25.2,23.2,20.7,24,20.2,94,0.5,1014,5.7,130,90,-30.0346,-51.2177
2015-11-12,19.9,26.7,25.5,20.9,23.3,19.9,65,0.5,1012,8.2,90,40,-30.0346,-51.2177
2015-11-13,20,31.3,24.4,20.7,30.5,20,78,0.47,1005,8.8,360,40,-30.0346,-51.2177
2015-11-14,19.2,24.4,21.7,24.4,23.2,19.5,64,0,1011,8.2,280,75,-30.0346,-51.2177
2015-11-15,16.2,25.3,22.8,19.2,24.1,17.3,57,0,1015,7.7,110,75,-30.0346,-51.2177
2015-11-16,16.3,25.5,23.8,17.8,23.3,16.7,57,0,1011,8.8,90,0,-30.0346,-51.2177
2015-11-17,19.3,22.6,21.1,19.9,21.8,20,88,10.81,1007,7.7,100,90,-30.0346,-51.2177
2015-11-18,20.6,27.7,23.9,21.1,26.7,20.6,88,0,1005,7.2,270,75,-30.0346,-51.2177
2015-11-19,20.1,29.7,26.8,23,25.6,20.9,65,12.57,1004,8.2,150,75,-30.0346,-51.2177
2015-11-20,17.8,24.4,22.4,20.2,21.4,18.6,60,0,1007,9.3,290,75,-30.0346,-51.2177
2015-11-21,14.7,23.6,19.7,17.5,22.9,14.7,59,0,1017,7.7,100,75,-30.0346,-51.2177
2015-11-22,15.4,27.7,24,18,25.5,15.7,60,0,1013,7.7,180,0,-30.0346,-51.2177
2015-11-23,17.3,24.7,23.4,20.2,23.1,17.3,47,0,1013,8.2,130,40,-30.0346,-51.2177
2015-11-24,17.5,22.8,20.8,18.1,21,18,73,0,1010,9.3,90,90,-30.0346,-51.2177
2015-11-25,18.5,24,24,19.9,22.8,18.5,69,0,1012,11.8,110,75,-30.0346,-51.2177
2015-11-26,19.8,26.2,25.1,20,24.8,19.9,73,0.5,1013,8.2,100,75,-30.0346,-51.2177
2015-11-27,20.5,27.5,27.5,21.1,24.8,20.5,65,3.12,1009,5.1,90,0,-30.0346,-51.2177
2015-11-28,21,28.2,25.1,22.5,24.4,22.3,78,0,1008,6.7,280,75,-30.0346,-51.2177
2015-11-29,16.7,26.4,24.5,20.1,24.4,17.3,53,0,1016,6.7,170,40,-30.0346,-51.2177
2015-11-30,14.1,25.4,23.6,17.1,24.3,14.8,47,0,1020,6.2,130,40,-30.0346,-51.2177
2015-12-01,16.7,27.6,23.8,18.1,26,17,60,0.21,1018,5.1,90,0,-30.0346,-51.2177
2015-12-02,19.9,23.7,22,21.1,21.4,20,94,11.64,1016,8.2,120,90,-30.0346,-51.2177
2015-12-03,20,26.6,23.3,20.2,25.8,20,78,0,1015,9.8,100,75,-30.0346,-51.2177
2015-12-04,20.9,26.8,24.2,22,26.6,20.9,78,1.88,1009,5.7,100,90,-30.0346,-51.2177
2015-12-05,20.4,26.5,25.9,23.8,24,21.4,65,0,1010,7.7,160,75,-30.0346,-51.2177
2015-12-06,18.6,25.7,22.2,19.7,23.9,18.6,56,0,1015,6.7,160,75,-30.0346,-51.2177
2015-12-07,14.2,25.6,21.5,17.8,24.6,14.2,60,0,1016,5.7,110,75,-30.0346,-51.2177
2015-12-08,14.8,30.9,26.5,18.1,28,15.2,51,0,1013,9.3,90,0,-30.0346,-51.2177
2015-12-09,21,32.2,31.3,22.4,23.3,21.2,49,24.32,1008,6.2,340,20,-30.0346,-51.2177
2015-12-10,20.2,27.4,25,22,26.6,20.9,65,0,1010,4.6,160,40,-30.0346,-51.2177
2015-12-11,16.2,31.2,26.2,20.5,30.7,16.2,54,0,1012,5.1,80,0,-30.0346,-51.2177
2015-12-12,20.4,33.5,30.2,22.5,32.6,20.4,55,1.5,1010,10.8,100,20,-30.0346,-51.2177
2015-12-13,22.2,28,28,24.5,27.4,22.7,58,1,1009,9.3,290,0,-30.0346,-51.2177
2015-12-14,21.6,28.6,28.6,24,24,21.6,66,3.3,1009,5.7,300,75,-30.0346,-51.2177
2015-12-15,22.1,28.5,25.9,23,28.1,22.2,73,1.19,1012,6.7,170,75,-30.0346,-51.2177
2015-12-16,19,27.5,25.3,21,26.7,20,54,0,1018,7.7,130,75,-30.0346,-51.2177
2015-12-17,19.7,33.4,30.4,21,31.3,19.7,52,0,1010,7.2,100,0,-30.0346,-51.2177
2015-12-18,22.1,30.8,29.6,26.1,23.1,22.8,62,8.77,1005,8.2,180,75,-30.0346,-51.2177
2015-12-19,20,23.2,21.6,22.2,22,21.1,78,0,1016,6.2,170,90,-30.0346,-51.2177
2015-12-20,18.2,24.8,22.7,20,24.3,19,60,0,1020,9.8,110,90,-30.0346,-51.2177
2015-12-21,19.6,26.3,26.3,21,24.2,19.6,61,0,1015,7.2,100,0,-30.0346,-51.2177
2015-12-22,21.9,28,26.8,22.9,25.6,22.3,69,0.5,1012,6.2,80,40,-30.0346,-51.2177
2015-12-23,22.7,27.7,25.3,23.2,24.4,23.3,94,4.24,1008,3.83,316,90,-30.0346,-51.2177
2015-12-24,21.9,24.1,23.2,23.4,22.4,22.6,94,19.07,1014,5.7,120,90,-30.0346,-51.2177
2015-12-25,21.6,24.5,23.4,22,24,21.6,88,9.92,1016,5.7,130,90,-30.0346,-51.2177
2015-12-26,21.6,26.8,24.7,22,26,21.9,83,0,1012,4.6,180,90,-30.0346,-51.2177
2015-12-27,22,29.8,26.4,23.1,28.9,22.1,74,0,1009,6.7,100,75,-30.0346,-51.2177
2015-12-28,22.7,29.4,28.5,24.3,28.5,22.7,66,0,1010,6.7,100,40,-30.0346,-51.2177
2015-12-29,23.5,32,30.4,24.5,30.1,23.5,66,0.5,1011,7.2,110,75,-30.0346,-51.2177
2015-12-30,24.6,31.1,30.8,25.3,29.9,24.6,62,0,1006,8.8,310,0,-30.0346,-51.2177
2015-12-31,23.1,29,28.3,26.9,26,25.9,70,1.12,1006,7.7,270,40,-30.0346,-51.2177
2016-01-01,22.1,26.7,25.7,23.1,25.8,22.1,69,0,1012,9.3,100,90,-30.0346,-51.2177
2016-01-02,21.9,27.6,25.5,22.4,26,22.1,69,0,1015,9.8,90,75,-30.0346,-51.2177
2016-01-03,21.5,29,27.2,22.9,28,21.5,58,0,1015,9.3,110,20,-30.0346,-51.2177
2016-01-04,21.5,31.6,28.7,22.9,28.9,21.5,51,0,1014,8.2,90,0,-30.0346,-51.2177
2016-01-05,22.6,31.2,29.1,24.9,28.4,22.6,51,0.5,1012,4.6,110,0,-30.0346,-51.2177
2016-01-06,24.7,31.2,28.3,25,30.1,24.8,58,0,1011,4.6,320,75,-30.0346,-51.2177
2016-01-07,23,26.9,24.7,26.7,26.1,24.8,88,0,1011,6.7,190,90,-30.0346,-51.2177
2016-01-08,20.6,27,24.3,22,26.6,21.1,69,0,1013,6.7,130,90,-30.0346,-51.2177
2016-01-09,21.7,28.6,25.8,22.2,24.6,21.7,78,0.5,1013,7.7,120,90,-30.0346,-51.2177
2016-01-10,23.1,31.3,28.3,23.1,30.8,23.2,70,0,1010,7.2,110,40,-30.0346,-51.2177
2016-01-11,21.9,31.2,28.4,24.1,30.7,21.9,66,0,1008,5.7,150,40,-30.0346,-51.2177
2016-01-12,22.6,33,28.4,25.1,31.8,23,66,0,1008,6.2,110,75,-30.0346,-51.2177
2016-01-13,22.2,32.8,31.6,24.4,29.3,22.2,49,0,1008,7.7,150,20,-30.0346,-51.2177
2016-01-14,21.5,28.6,26.2,23.5,27.4,21.9,44,0,1014,9.8,90,0,-30.0346,-51.2177
2016-01-15,20.1,32.1,28.6,21.7,31,20.5,51,0,1010,7.7,170,0,-30.0346,-51.2177
2016-01-16,21.8,32.6,28.7,23,31,21.9,48,0,1013,7.7,110,0,-30.0346,-51.2177
2016-01-17,18.8,34,28.3,23.4,32.5,18.8,51,0,1013,6.7,100,0,-30.0346,-51.2177
2016-01-18,18.5,35.4,30,24.3,35,19.4,51,0,1013,6.7,90,0,-30.0346,-51.2177
2016-01-19,20,32.4,29.4,23.8,31.3,20.3,51,0,1014,6.2,180,0,-30.0346,-51.2177
2016-01-20,21.5,31.8,29,24.4,30.6,22.3,51,0,1015,8.8,100,20,-30.0346,-51.2177
2016-01-21,20.9,31.1,28.4,23.8,29.6,20.9,58,0,1017,9.3,120,75,-30.0346,-51.2177
2016-01-22,18.5,31.9,27.5,22.9,29.4,19,42,0,1017,11.3,90,0,-30.0346,-51.2177
2016-01-23,17.8,35.1,28.6,22.2,35.1,17.8,54,0,1013,5.7,100,0,-30.0346,-51.2177
2016-01-24,21.3,35.1,31.1,26.4,33,21.7,37,0,1011,8.8,100,0,-30.0346,-51.2177
2016-01-25,21.3,38,33.6,24.5,28.9,21.4,36,1.5,1007,6.7,300,0,-30.0346,-51.2177
2016-01-26,19.8,25.6,24.8,25.6,20.8,23.6,78,13.48,1010,5.1,250,90,-30.0346,-51.2177
2016-01-27,17.8,28.3,25.5,20.6,25.8,18.3,57,0,1015,8.8,110,75,-30.0346,-51.2177
2016-01-28,21.4,28.5,26.9,22,27.1,21.4,58,0,1015,8.8,110,0,-30.0346,-51.2177
2016-01-29,22.5,35,31.5,23.9,32.5,22.5,55,1.5,1013,12.4,200,0,-30.0346,-51.2177
2016-01-30,22.9,31.4,29.2,25.5,29,22.9,70,0.12,1011,8.8,80,20,-30.0346,-51.2177
2016-01-31,22,24.9,23.9,22.8,24.2,22.6,88,32.48,1012,6.7,90,90,-30.0346,-51.2177
2016-02-01,20.2,27.6,24.8,22.1,25.8,20.2,78,0,1017,7.7,160,75,-30.0346,-51.2177
2016-02-02,18.8,26.8,24.7,21.9,26.1,19.8,61,0,1018,5.7,120,20,-30.0346,-51.2177
2016-02-03,21.6,26.2,25.7,22.5,24.4,21.6,65,5.47,1014,6.7,100,75,-30.0346,-51.2177
2016-02-04,21.7,28,23.3,22.9,28,22,94,16.62,1011,3.6,290,90,-30.0346,-51.2177
2016-02-05,21.8,28.5,26,23.5,28,22.3,69,0,1016,6.2,170,75,-30.0346,-51.2177
2016-02-06,19.8,29.2,26,22.6,28.7,20.8,69,0,1019,7.2,110,75,-30.0346,-51.2177
2016-02-07,21.7,31,27.9,23.6,29.8,22,65,0,1016,7.7,120,0,-30.0346,-51.2177
2016-02-08,23.1,35.1,31.7,24.8,34.3,23.1,59,1.25,1012,6.7,90,0,-30.0346,-51.2177
2016-02-09,25.4,30.1,28.2,27.3,28.5,26.8,83,1.8,1010,7.7,280,75,-30.0346,-51.2177
2016-02-10,22.2,32.5,29.1,25.8,31.8,22.2,48,0,1015,6.2,130,0,-30.0346,-51.2177
2016-02-11,20.7,31.2,29.3,24.8,30.2,20.7,40,0,1015,7.2,110,0,-30.0346,-51.2177
2016-02-12,21.3,32.6,28.8,24,31.7,21.7,54,0,1012,6.7,110,0,-30.0346,-51.2177
2016-02-13,22.7,33.2,30.5,25,32,23.2,52,2.99,1008,6.7,190,0,-30.0346,-51.2177
2016-02-14,24.3,29.7,26.9,24.4,28.8,24.9,74,0.14,1010,4.6,160,75,-30.0346,-51.2177
2016-02-15,21.9,30.2,27.3,23.7,28.4,22.1,65,0,1014,7.2,110,40,-30.0346,-51.2177
2016-02-16,22,30.6,28.4,24.1,30.6,22,58,0,1011,5.7,90,0,-30.0346,-51.2177
2016-02-17,22.2,34.2,30.7,24.2,33.3,22.3,52,5,1009,14.9,280,0,-30.0346,-51.2177
2016-02-18,22.8,31.3,27.8,24.4,31.3,22.9,74,0.6,1013,5.7,270,75,-30.0346,-51.2177
2016-02-19,20.6,31.8,27.2,24.1,31.3,20.7,54,0,1012,4.6,160,20,-30.0346,-51.2177
2016-02-20,21.6,30.5,27.8,24.1,29,21.9,65,0,1013,6.2,100,75,-30.0346,-51.2177
2016-02-21,23.1,29.7,28.2,25,28.7,23.1,62,0,1015,8.8,110,75,-30.0346,-51.2177
2016-02-22,23,31.4,30.8,23.9,28.9,23,55,0,1012,9.3,130,20,-30.0346,-51.2177
2016-02-23,23,32.4,31,24.5,31.2,23,52,0,1011,6.7,130,0,-30.0346,-51.2177
2016-02-24,22.6,32.9,31.1,24.3,31.5,22.6,62,0,1009,6.2,290,75,-30.0346,-51.2177
2016-02-25,25.3,33.9,32.7,26.5,31.3,25.3,52,0,1007,8.2,310,40,-30.0346,-51.2177
2016-02-26,24,35.2,32.9,25.7,26.9,24,55,7.37,1004,4.6,0,0,-30.0346,-51.2177
2016-02-27,23.2,27.7,27.7,25,25.9,24,65,0,1008,7.2,300,40,-30.0346,-51.2177
2016-02-28,20.3,27.6,26.4,22.7,26.8,20.3,56,0,1017,4.1,100,40,-30.0346,-51.2177
2016-02-29,16.6,29.7,29,20.3,27.8,16.8,32,0,1019,7.2,100,0,-30.0346,-51.2177
2016-03-01,16,30.4,28,19.5,26.9,16,34,0,1019,7.7,110,0,-30.0346,-51.2177
2016-03-02,19.8,26.8,26,21.6,25.4,20.2,52,5.53,1016,9.8,90,90,-30.0346,-51.2177
2016-03-03,18.7,23.7,22.9,20.3,20.4,18.7,78,34.34,1008,10.3,110,90,-30.0346,-51.2177
2016-03-04,19.7,26,23.8,20.2,24.2,20.1,69,0,1011,6.7,180,90,-30.0346,-51.2177
2016-03-05,18.1,28,25.6,19.2,26.7,18.1,65,0,1013,4.1,280,40,-30.0346,-51.2177
2016-03-06,19.5,28.4,27.1,20.5,27.4,19.5,57,0,1014,6.2,290,40,-30.0346,-51.2177
2016-03-07,19.9,27.6,26.4,21,25,20.3,57,0,1017,4.6,130,75,-30.0346,-51.2177
2016-03-08,18.3,29.6,28.8,19.9,26.8,18.3,54,0,1014,6.7,110,0,-30.0346,-51.2177
2016-03-09,21.5,24,22.4,22.9,22.9,22.4,93,19.25,1013,3.6,80,90,-30.0346,-51.2177
2016-03-10,20.9,22.8,22.5,21.5,22.6,20.9,94,24.26,1009,6.2,160,90,-30.0346,-51.2177
2016-03-11,19.8,24.8,24.8,20.6,21.9,19.9,69,0.58,1009,9.3,290,40,-30.0346,-51.2177
2016-03-12,19,25.1,24,19.9,23.1,19,60,2.33,1019,5.7,160,75,-30.0346,-51.2177
2016-03-13,18,24.4,24,19,23,18.4,64,0,1023,7.2,140,75,-30.0346,-51.2177
2016-03-14,18.2,28.5,27.5,19.6,25.8,18.4,47,0,1021,9.8,100,20,-30.0346,-51.2177
2016-03-15,18.4,29.6,28.1,20.8,26.9,18.4,51,0,1020,7.2,100,0,-30.0346,-51.2177
2016-03-16,19.3,31.1,29.2,22,29.1,19.3,56,0,1020,5.7,120,1,-30.0346,-51.2177
2016-03-17,20.3,32.7,30.4,22.5,29.7,20.3,57,0,1017,7.7,100,1,-30.0346,-51.2177
2016-03-18,22.4,34.1,32.4,23.8,31.6,23.1,49,0,1014,4.6,10,0,-30.0346,-51.2177
2016-03-19,21,25,24.1,24,22.2,23,88,8.98,1018,7.2,230,90,-30.0346,-51.2177
2016-03-20,21,24.5,23.8,21,22.8,21,73,7.14,1019,7.2,140,90,-30.0346,-51.2177
2016-03-21,21,26.9,24,21,24.9,21.1,83,18.18,1013,5.7,110,90,-30.0346,-51.2177
2016-03-22,20.8,26.1,23.3,22,24.8,20.9,83,0.85,1015,6.7,280,90,-30.0346,-51.2177
2016-03-23,19,25.6,23.6,19.8,23.9,19.4,83,1,1017,5.7,130,75,-30.0346,-51.2177
2016-03-24,18.3,27.7,26.9,20,23.8,18.3,57,0,1016,8.8,120,20,-30.0346,-51.2177
2016-03-25,19.3,22,20.9,22,19.4,21.4,82,36.3,1016,10.3,100,90,-30.0346,-51.2177
2016-03-26,20,26.9,26.1,20.1,24,20.9,65,16.96,1009,10.8,110,75,-30.0346,-51.2177
2016-03-27,20.5,24.9,24.3,21.7,23.4,20.5,60,0.5,1012,8.2,310,75,-30.0346,-51.2177
2016-03-28,20.1,26.4,25.6,21.8,23.9,20.1,61,0,1015,9.3,290,40,-30.0346,-51.2177
2016-03-29,19.2,27.2,26,20.7,25.7,19.2,61,0,1018,6.7,290,75,-30.0346,-51.2177
2016-03-30,18.9,27.7,26.6,19.9,24.3,19.7,61,0,1019,5.1,140,75,-30.0346,-51.2177
2016-03-31,19.7,28.2,27.1,20.5,24.8,20.2,74,0,1018,5.1,170,75,-30.0346,-51.2177
2016-04-01,21.1,28.9,27.7,21.1,25.8,21.8,61,0,1018,7.7,110,75,-30.0346,-51.2177
2016-04-02,20.3,31.9,28.5,22.5,29.5,20.3,61,0.5,1012,9.3,270,0,-30.0346,-51.2177
2016-04-03,20.5,27.9,25.6,21.5,23.7,20.5,73,0,1015,5.7,270,40,-30.0346,-51.2177
2016-04-04,20.6,26.9,25.3,21,24,20.6,78,0,1019,6.7,110,75,-30.0346,-51.2177
2016-04-05,21.6,32.2,30.5,22.5,29.1,21.6,62,0,1017,4.1,110,0,-30.0346,-51.2177
2016-04-06,23.5,32.8,31.8,25.5,28.6,23.5,52,1.5,1011,6.7,100,0,-30.0346,-51.2177
2016-04-07,22.5,26.6,25.6,23.7,23.6,22.5,83,0,1013,5.7,160,90,-30.0346,-51.2177
2016-04-08,20.9,25.6,24.8,22.4,22,21.7,73,3.5,1013,8.8,110,90,-30.0346,-51.2177
2016-04-09,19.6,25.8,24.9,20.6,24.4,19.7,78,0,1013,4.1,260,75,-30.0346,-51.2177
2016-04-10,22.9,26,24.9,22.9,23.5,22.9,83,0.5,1016,6.7,120,90,-30.0346,-51.2177
2016-04-11,21.2,24.4,23.4,22.5,23,21.3,88,8.06,1018,5.7,110,90,-30.0346,-51.2177
2016-04-12,21.9,23.8,22.4,22.1,22.2,22.4,94,1.23,1020,8.8,130,90,-30.0346,-51.2177
2016-04-13,22,28.8,27.6,22.2,26.3,23,74,8.89,1014,7.7,90,75,-30.0346,-51.2177
2016-04-14,21,27.9,26.6,22.5,26,21,73,3.32,1015,4.6,360,0,-30.0346,-51.2177
2016-04-15,21.2,33.5,30.7,22.7,30.3,21.8,62,0,1013,4.6,100,0,-30.0346,-51.2177
2016-04-16,22.5,34.7,33.1,24.9,33.2,22.5,49,0,1013,5.7,300,0,-30.0346,-51.2177
2016-04-17,24.6,34.9,33.6,26.8,32.5,24.6,49,0,1014,6.2,350,0,-30.0346,-51.2177
2016-04-18,24,30.8,30.8,26.6,27.2,24,62,0,1014,5.1,100,0,-30.0346,-51.2177
2016-04-19,23,33.5,32,24.9,31.3,23,43,0,1010,7.2,340,0,-30.0346,-51.2177
2016-04-20,23.1,27.8,26.7,26.1,25.6,23.1,78,0,1013,6.7,130,40,-30.0346,-51.2177
2016-04-21,21.1,28.9,28.7,23.7,22.8,22.4,61,0.5,1009,10.8,270,40,-30.0346,-51.2177
2016-04-22,19.7,23.5,22.9,20.1,22.7,19.7,68,5.14,1019,8.8,100,75,-30.0346,-51.2177
2016-04-23,20.8,26.5,24.4,20.8,25.6,21,94,6.73,1011,5.1,90,90,-30.0346,-51.2177
2016-04-24,20.4,27,24.8,23.5,21.2,22.3,75,11.28,1008,9.8,180,75,-30.0346,-51.2177
2016-04-25,18.6,25.1,23.1,20.7,23.4,21.2,83,16.89,1002,9.3,240,75,-30.0346,-51.2177
2016-04-26,12.1,18.4,13.1,18.1,12.4,16.3,93,17.22,1013,6.7,240,90,-30.0346,-51.2177
2016-04-27,9.9,15,14.2,12.9,13,9.9,62,0,1019,10.8,270,75,-30.0346,-51.2177
2016-04-28,7.8,15.5,13.7,10.1,13,8,58,0,1024,7.72,280,0,-30.0346,-51.2177
2016-04-29,6.5,14.9,12.3,8.1,13,6.5,67,0,1023,6.17,290,20,-30.0346,-51.2177
2016-04-30,9.7,16.8,14.7,11,15,10,59,0,1022,6.17,270,75,-30.0346,-51.2177
2016-05-01,7.2,18,15.8,9.7,15,7.2,63,0,1023,5.14,310,0,-30.0346,-51.2177
2016-05-02,8.1,20.5,16.8,10.1,17.6,8.1,72,0,1022,3.6,300,20,-30.0346,-51.2177
2016-05-03,12.9,20.7,19,13.6,16.5,13.6,64,0,1022,4.12,180,75,-30.0346,-51.2177
2016-05-04,11.2,20,16,13,17,11.2,88,0,1021,3.6,90,75,-30.0346,-51.2177
2016-05-05,10.7,18.8,17.4,12,15.9,10.7,77,0,1023,3.6,170,75,-30.0346,-51.2177
2016-05-06,12,19.9,19.2,12.1,18.8,13.6,73,0,1020,3.6,110,40,-30.0346,-51.2177
2016-05-07,16.1,21,19.5,16.2,18.9,16.1,88,0.31,1021,6.17,120,90,-30.0346,-51.2177
2016-05-08,17.1,22.5,21.8,18,19.7,17.1,73,2.85,1018,7.72,120,75,-30.0346,-51.2177
2016-05-09,18.1,23.5,23.3,18.9,21.7,18.7,69,0,1015,4.63,100,0,-30.0346,-51.2177
2016-05-10,17.1,21.8,20,19,19.9,18.5,94,1.5,1016,5.66,160,90,-30.0346,-51.2177
2016-05-11,15,18.2,17.9,17.1,15.9,16.1,83,0,1022,6.69,180,75,-30.0346,-51.2177
2016-05-12,12.7,16.1,15.6,14.9,15,13.1,72,0,1025,3.6,160,90,-30.0346,-51.2177
2016-05-13,11.4,19.4,17.8,14,18.2,12.6,82,0,1025,4.12,110,75,-30.0346,-51.2177
2016-05-14,12.5,24.2,22.4,14.6,20,13.6,65,0,1022,5.14,100,0,-30.0346,-51.2177
2016-05-15,14.1,19,16.1,16.1,17.3,14.1,100,16.47,1011,7.72,80,90,-30.0346,-51.2177
2016-05-16,12,18,14.3,18,14.2,15,77,0,1016,9.26,280,90,-30.0346,-51.2177
2016-05-17,9.9,14.5,13.2,12,12.1,9.9,67,0,1019,9.26,310,75,-30.0346,-51.2177
2016-05-18,7.2,16.4,13.7,9.5,14,7.5,72,0,1021,5.14,290,20,-30.0346,-51.2177
2016-05-19,7.3,16.3,15,10.8,12.5,7.3,77,0,1024,3.6,130,20,-30.0346,-51.2177
2016-05-20,7.9,15.9,15,10.7,14.5,8.3,82,0.63,1021,3.6,160,75,-30.0346,-51.2177
2016-05-21,13.7,18,17,14.3,17.4,14,82,0,1019,4.63,280,90,-30.0346,-51.2177
2016-05-22,13,15.9,15,13.6,14.9,14,88,0.8,1018,3.6,230,90,-30.0346,-51.2177
2016-05-23,9.1,15.8,12.3,12.9,13.1,9.5,81,0,1027,6.2,280,75,-30.0346,-51.2177
2016-05-24,6.5,17.8,15.3,9.6,14.2,6.7,68,0,1031,5.14,110,20,-30.0346,-51.2177
2016-05-25,9.6,20.9,19,12.6,17.1,9.6,73,0,1025,3.6,90,0,-30.0346,-51.2177
2016-05-26,13.4,20.7,19.5,13.9,16.3,13.7,68,1,1021,5.14,160,0,-30.0346,-51.2177
2016-05-27,11.7,16.5,15.6,14,14.2,14.1,77,0,1023,3.09,180,90,-30.0346,-51.2177
2016-05-28,12,22.2,17.7,12,19.4,14,88,0,1024,8.23,100,40,-30.0346,-51.2177
2016-05-29,15.4,19,19,16.6,18.1,16.6,93,16.9,1015,5.14,110,75,-30.0346,-51.2177
2016-05-30,15.9,19.8,18.9,17.1,17.9,16,68,0,1012,6.17,300,40,-30.0346,-51.2177
2016-05-31,13.5,19.3,18.1,15.1,17.4,14.7,68,0,1014,6.69,320,90,-30.0346,-51.2177
2016-06-01,9.2,17.9,17.4,12.5,15.6,9.6,68,0,1015,5.66,300,20,-30.0346,-51.2177
2016-06-02,10,17.9,15.6,11.6,14.5,10,72,0,1015,5.66,290,20,-30.0346,-51.2177
2016-06-03,9.2,13.5,13.1,12.5,11.7,11,62,0,1015,7.72,260,75,-30.0346,-51.2177
2016-06-04,6.6,13.9,11.8,9.5,12,6.6,82,0,1017,3.09,150,0,-30.0346,-51.2177
2016-06-05,6.1,14.8,13.9,6.8,12.9,6.4,67,0,1016,3.6,170,75,-30.0346,-51.2177
2016-06-06,9.1,13.9,13.9,10.9,12.9,9.8,58,0,1018,3.6,250,75,-30.0346,-51.2177
2016-06-07,4.8,15.9,14.5,8,13.9,5.3,63,0,1019,8.75,280,20,-30.0346,-51.2177
2016-06-08,6.4,14.8,13.4,11.6,11.9,9,54,0,1022,10.29,280,0,-30.0346,-51.2177
2016-06-09,3.1,14.3,12.1,5.3,9.8,3.7,54,0,1025,7.2,290,0,-30.0346,-51.2177
2016-06-10,5.1,13,8,6,10.8,5.1,87,0.8,1024,9.26,280,90,-30.0346,-51.2177
2016-06-11,3.4,12.4,10.3,6,9.6,4,66,0,1027,9.77,280,0,-30.0346,-51.2177
2016-06-12,2.3,14.4,11.7,6.5,10.9,2.3,58,0,1030,7.2,270,0,-30.0346,-51.2177
2016-06-13,1.3,16.9,14.2,4.2,12.4,1.3,51,0,1031,4.63,120,0,-30.0346,-51.2177
2016-06-14,3.2,18.3,14.3,6.7,13.6,3.2,72,0,1026,2.57,260,20,-30.0346,-51.2177
2016-06-15,5.7,20.9,18.1,8.2,14.9,5.7,59,0,1025,2.57,290,0,-30.0346,-51.2177
2016-06-16,11.6,17.5,17.5,11.6,14,11.6,68,1,1022,4.12,160,0,-30.0346,-51.2177
2016-06-17,9,12.9,11.5,12,10.5,10.9,82,0,1023,3.6,170,90,-30.0346,-51.2177
2016-06-18,5.5,11.7,9.2,8.1,9.8,7.7,100,0,1026,2.45,68,90,-30.0346,-51.2177
2016-06-19,4.3,9.6,8.4,5.3,8.6,5.3,100,0,1027,3.09,350,90,-30.0346,-51.2177
2016-06-20,6.8,12.9,10.8,6.8,9.5,8,71,0,1030,4.63,130,75,-30.0346,-51.2177
2016-06-21,8.8,17.7,13.5,8.8,14.8,9.4,77,0,1029,8.75,100,40,-30.0346,-51.2177
2016-06-22,12.2,15.8,15.3,13.4,14.8,12.2,88,2,1024,5.14,110,90,-30.0346,-51.2177
2016-06-23,10.3,17.3,15.9,12.5,14,12.7,82,0,1023,3.09,270,75,-30.0346,-51.2177
2016-06-24,6.4,18.6,12.9,9.1,14.9,6.4,100,0,1025,3.6,110,75,-30.0346,-51.2177
2016-06-25,9.6,19.8,16.2,10.2,16,10,94,0,1023,2.57,120,40,-30.0346,-51.2177
2016-06-26,10,21.2,18,12.6,16.4,10.1,77,0,1025,4.12,160,40,-30.0346,-51.2177
2016-06-27,11.9,17.2,13.5,13,14.9,11.9,100,0,1026,4.12,110,90,-30.0346,-51.2177
2016-06-28,11.9,15.4,14,12.4,14,11.9,94,0,1024,2.57,80,90,-30.0346,-51.2177
2016-06-29,12.8,15.9,14.3,13.8,14.4,13,94,0,1024,4.63,110,90,-30.0346,-51.2177
2016-06-30,11.3,16.4,13.6,12.1,15,11.9,100,0,1025,4.63,100,90,-30.0346,-51.2177
2016-07-01,11.8,26,17.8,12.4,19.9,11.9,94,0,1022,2.57,90,40,-30.0346,-51.2177
2016-07-02,10.8,27.2,22.7,14.1,22.6,11.3,65,0,1022,2.57,345,0,-30.0346,-51.2177
2016-07-03,11.5,29.2,26.4,14.6,21.6,11.8,45,0,1019,3.6,340,0,-30.0346,-51.2177
2016-07-04,13.5,29.5,27.3,15.4,23,13.5,42,0,1018,4.63,330,0,-30.0346,-51.2177
2016-07-05,16.6,27.5,26.9,17.8,22.9,17.3,50,0,1014,5.14,350,100,-30.0346,-51.2177
2016-07-06,12.1,21.3,14.1,21.3,12.7,15,83,10.28,1012,11.83,270,95,-30.0346,-51.2177
2016-07-07,9.6,17.9,16.4,12.1,15,10.7,63,0,1020,10.29,290,42,-30.0346,-51.2177
2016-07-08,7.4,19.2,16.1,8.9,14.7,7.4,64,0,1024,2.15,295,100,-30.0346,-51.2177
2016-07-09,11,13.1,13,11.8,12.7,11.3,96,5.46,1020,3.6,80,100,-30.0346,-51.2177
2016-07-10,10.3,17.9,14.3,10.9,15.4,10.4,86,0,1015,4.63,120,100,-30.0346,-51.2177
2016-07-11,12.8,16.2,16,13,16.1,13.3,99,33.88,1011,6.2,90,100,-30.0346,-51.2177
2016-07-12,12.2,18.7,18.3,15.3,16.4,15.1,77,0,1014,9.8,270,75,-30.0346,-51.2177
2016-07-13,9.7,17.8,16,10.5,14.3,10.2,78,2.92,1018,6.17,120,79,-30.0346,-51.2177
2016-07-14,13.2,18,14.7,13.7,17.5,13.6,94,5.81,1012,8.8,240,75,-30.0346,-51.2177
2016-07-15,13.7,19.1,17.7,15.2,16.7,14.1,85,0.41,1012,5.66,290,51,-30.0346,-51.2177
2016-07-16,9.8,16,14.9,14,11,11.6,77,0.5,1017,10.29,270,20,-30.0346,-51.2177
2016-07-17,7.3,12,10.5,8.9,10.1,7.8,56,0,1022,10.8,280,18,-30.0346,-51.2177
2016-07-18,6.4,13.6,11.5,9,11,7.7,72,0,1027,3.09,260,96,-30.0346,-51.2177
2016-07-19,5.6,14,11.4,6,10.5,6.1,77,0,1026,3.6,150,100,-30.0346,-51.2177
2016-07-20,4.3,13,11,7.7,10.9,4.3,68,0,1026,3.6,170,43,-30.0346,-51.2177
2016-07-21,6.2,15,11.7,6.2,12,8.5,79,0,1025,4.12,280,94,-30.0346,-51.2177
2016-07-22,8.3,14.8,12.8,9.9,12.5,8.7,74,0,1025,4.12,70,7,-30.0346,-51.2177
2016-07-23,7.9,21.9,14.9,8.7,16.3,7.9,58,0,1019,2.06,80,32,-30.0346,-51.2177
2016-07-24,11.2,20.9,20.5,13.4,14.9,11.4,69,0,1020,4.12,160,43,-30.0346,-51.2177
2016-07-25,12.9,23.8,21.2,13.3,19.4,13.8,70,0,1017,5.66,90,60,-30.0346,-51.2177
2016-07-26,12.9,19.4,17.5,16.3,16.1,19,88,7.69,1012,6.17,260,90,-30.0346,-51.2177
2016-07-27,9.1,15.1,13.7,12.8,13,11.1,67,0,1022,11.83,280,87,-30.0346,-51.2177
2016-07-28,5.5,14.2,12.8,8.5,11,5.5,68,0,1027,3.6,170,34,-30.0346,-51.2177
2016-07-29,4.8,17.7,16.1,6.5,13.9,4.8,59,0,1025,6.17,100,0,-30.0346,-51.2177
2016-07-30,8.9,22.6,19.7,10.9,19.9,9,60,0,1021,3.09,100,80,-30.0346,-51.2177
2016-07-31,13.2,29.1,25,14.4,22.7,13.6,41,0,1017,2.53,334,0,-30.0346,-51.2177
2016-08-01,14.8,21.2,20.8,17.7,15.2,19.5,75,5.04,1016,3.6,290,100,-30.0346,-51.2177
2016-08-02,12,14.6,14,14.6,12.9,12.8,85,0.64,1028,4.63,160,100,-30.0346,-51.2177
2016-08-03,12,21.1,19.3,12.1,16.6,13,59,0,1024,5.14,130,20,-30.0346,-51.2177
2016-08-04,13.8,23.3,21.3,15,20.4,13.8,66,0.36,1018,2.6,100,48,-30.0346,-51.2177
2016-08-05,13.4,28.9,26.2,15.8,23.7,13.4,59,0,1015,3.1,320,18,-30.0346,-51.2177
2016-08-06,12.8,19.6,18.4,18.2,13.6,17.7,83,19.67,1016,4.6,170,100,-30.0346,-51.2177
2016-08-07,10.9,18.4,17.2,12.6,16.3,11.3,61,3.83,1021,4.1,190,9,-30.0346,-51.2177
2016-08-08,9.6,18,17.5,10.8,14.9,9.6,48,0,1020,5.7,120,0,-30.0346,-51.2177
2016-08-09,10.5,17.4,14.7,12.3,15.9,10.8,80,0.25,1023,3.1,270,100,-30.0346,-51.2177
2016-08-10,9.8,16.5,15.9,11.8,14,9.8,71,2.1,1026,2.6,170,47,-30.0346,-51.2177
2016-08-11,11.3,17.9,14.6,11.6,15.1,11.7,86,0,1026,3.1,250,100,-30.0346,-51.2177
2016-08-12,10.4,20.4,16.7,11.7,17.9,10.7,69,0,1023,1.8,289,56,-30.0346,-51.2177
2016-08-13,8.6,23.2,20.9,10.6,20.2,8.6,56,0,1015,5.1,280,15,-30.0346,-51.2177
2016-08-14,11.3,24.9,22.4,11.3,20.4,12.1,56,0,1014,2.4,130,0,-30.0346,-51.2177
2016-08-15,13.3,24.4,20.5,14.4,22.4,13.6,74,3.59,1008,6.7,290,100,-30.0346,-51.2177
2016-08-16,15.4,22.8,19.8,17.6,19,16.3,61,0,1011,4.6,100,94,-30.0346,-51.2177
2016-08-17,13.5,20.9,19.1,15.3,19.4,16.6,96,5.33,1012,4.6,290,98,-30.0346,-51.2177
2016-08-18,8.2,19.9,17.7,11.7,16,8.2,54,0,1022,2.1,134,0,-30.0346,-51.2177
2016-08-19,12,17.3,16.8,12.5,15.1,12.4,77,4.6,1017,6.7,90,100,-30.0346,-51.2177
2016-08-20,13.5,16.2,15.5,14.6,14,15,93,13.09,1012,6.69,180,90,-30.0346,-51.2177
2016-08-21,9,14.7,13.5,14,12.8,11.8,75,1.9,1025,6.69,230,69,-30.0346,-51.2177
2016-08-22,6.2,17.3,14.4,8.5,14.9,6.6,55,0,1027,7.2,280,0,-30.0346,-51.2177
2016-08-23,5.8,21.1,17.6,9.3,17.7,5.8,50,0,1025,4.12,100,0,-30.0346,-51.2177
2016-08-24,6.2,24,19.7,10.2,20.7,6.6,46,0,1021,2.57,90,0,-30.0346,-51.2177
2016-08-25,8.9,26.5,23.4,11.2,23.7,8.9,57,0,1019,2.57,290,0,-30.0346,-51.2177
2016-08-26,12.4,31.4,27.5,15.2,26.7,12.4,43,0,1015,3.6,100,0,-30.0346,-51.2177
2016-08-27,16.4,32.6,30.4,19.2,28.5,16.4,50,0,1012,2.45,356,99,-30.0346,-51.2177
2016-08-28,16.2,24.6,23.1,19.6,19.8,16.2,74,2.82,1013,4.12,190,100,-30.0346,-51.2177
2016-08-29,17.3,19.6,18.8,17.8,19.6,17.3,97,27.6,1017,2.57,120,100,-30.0346,-51.2177
2016-08-30,17.2,24.3,23.5,18.8,20,17.9,69,25.21,1012,3.6,250,49,-30.0346,-51.2177
2016-08-31,15.9,19.5,17.4,17,17.9,16,90,1.94,1013,5.66,290,100,-30.0346,-51.2177
2016-09-01,14.4,20.9,18.6,15.8,19.1,15,71,0,1023,6.17,140,64,-30.0346,-51.2177
2016-09-02,13.5,17.8,16.7,14,17,13.5,78,0,1024,4.63,180,99,-30.0346,-51.2177
2016-09-03,15,16.8,16.8,15.4,15.9,15,96,14.82,1025,4.12,180,100,-30.0346,-51.2177
2016-09-04,15.3,17.6,16.2,15.3,17,15.9,93,11.66,1023,3.6,160,90,-30.0346,-51.2177
2016-09-05,15.7,21.9,19.9,16,18.5,15.9,82,13.27,1020,5.66,140,99,-30.0346,-51.2177
2016-09-06,12.9,16.9,15.5,16.9,13.5,13.7,63,8.96,1016,12.35,300,75,-30.0346,-51.2177
2016-09-07,11.9,15.6,14.9,13.1,15,12.3,63,0.2,1015,11.32,290,90,-30.0346,-51.2177
2016-09-08,13,20.2,17.5,14.1,18,13,68,0.11,1021,7.72,260,75,-30.0346,-51.2177
2016-09-09,9.9,23.4,21.5,13.2,20.7,9.9,56,0,1023,4.12,100,42,-30.0346,-51.2177
2016-09-10,11.6,27.3,24.1,14.2,24.6,11.6,55,0,1022,4.63,90,0,-30.0346,-51.2177
2016-09-11,11.5,24.9,23.6,15.1,20.1,11.5,64,0,1019,4.63,90,93,-30.0346,-51.2177
2016-09-12,12.9,31.1,28,15,26.4,12.9,52,0.29,1007,6.69,100,31,-30.0346,-51.2177
2016-09-13,17.9,26.6,18.9,20.8,19.4,20.6,88,14.74,1004,10.29,290,90,-30.0346,-51.2177
2016-09-14,14,17.2,15.9,17,16.1,14,55,0,1011,13.89,280,75,-30.0346,-51.2177
2016-09-15,11.3,19.3,16.6,14.4,17,12.7,59,0,1020,7.2,270,40,-30.0346,-51.2177
2016-09-16,8.4,22.3,19.7,10.2,17.7,8.4,55,0,1021,6.69,90,0,-30.0346,-51.2177
2016-09-17,11,27.3,24.5,13.5,25.1,11.3,56,0,1014,4.12,100,95,-30.0346,-51.2177
2016-09-18,15.1,22.4,19.6,17.5,18.8,15.4,67,0,1016,4.63,270,12,-30.0346,-51.2177
2016-09-19,13.8,17.9,16.6,17,16,15.9,59,0,1020,5.66,190,90,-30.0346,-51.2177
2016-09-20,12,20.1,17.2,13.6,19,12,68,0,1024,4.12,310,90,-30.0346,-51.2177
2016-09-21,14.3,23.4,22.1,14.9,19.8,14.3,57,0,1024,7.72,70,20,-30.0346,-51.2177
2016-09-22,11.6,24.9,23.1,15.1,21.9,11.6,47,0,1020,2.4,136,1,-30.0346,-51.2177
2016-09-23,12.7,21.3,21.3,13.3,14.9,12.8,69,0,1021,3.6,140,32,-30.0346,-51.2177
2016-09-24,11.9,18.3,16.4,12.9,16.6,11.9,52,0,1022,3.09,210,28,-30.0346,-51.2177
2016-09-25,10.9,16.5,14.7,12.6,16,11.5,72,0,1023,4.12,190,100,-30.0346,-51.2177
2016-09-26,8.3,21,18.6,11.8,17.4,8.3,56,0,1021,4.63,120,40,-30.0346,-51.2177
2016-09-27,10.8,23,19.4,11.8,18.9,10.9,55,0,1021,5.66,110,1,-30.0346,-51.2177
2016-09-28,12.6,27.2,22.4,12.8,21.1,12.7,53,0,1016,2.8,157,0,-30.0346,-51.2177
2016-09-29,12.7,19.6,18.9,13.9,16.5,13.2,60,0.26,1021,5.14,140,97,-30.0346,-51.2177
2016-09-30,9.7,21.1,20.2,11.8,17.7,9.8,52,0,1020,7.72,120,35,-30.0346,-51.2177
2016-10-01,13.9,22.7,21.9,14.1,18.6,13.9,50,0,1023,11.32,110,20,-30.0346,-51.2177
2016-10-02,13.9,25.1,23.7,14.9,19.7,13.9,51,0,1023,6.69,100,49,-30.0346,-51.2177
2016-10-03,15.2,24.6,23.5,16.8,19,15.2,54,0,1018,8.75,110,48,-30.0346,-51.2177
2016-10-04,16,21.9,21.1,16.9,17.9,16,73,0.17,1017,9.77,100,31,-30.0346,-51.2177
2016-10-05,14.9,21.9,21.8,15.8,18,15.1,60,2.8,1014,8.23,110,74,-30.0346,-51.2177
2016-10-06,15,18.6,18.2,16.7,17.3,15,90,4.48,1013,10.29,100,100,-30.0346,-51.2177
2016-10-07,13.2,24.1,23,14.1,20.9,13.2,53,0.22,1013,5.14,80,40,-30.0346,-51.2177
2016-10-08,14,23.5,21.3,17,21,17,50,0.83,1015,8.75,280,26,-30.0346,-51.2177
2016-10-09,10.5,22,20.2,12.5,18.8,10.5,45,0,1022,4.63,100,39,-30.0346,-51.2177
2016-10-10,7.7,25.7,23,11.9,19.4,7.7,28,0,1022,7.72,100,0,-30.0346,-51.2177
2016-10-11,15.5,28.2,24.5,16.4,25.7,16.1,50,1.98,1015,4.12,80,24,-30.0346,-51.2177
2016-10-12,16.1,27.3,26,17.9,24.9,16.1,54,0,1013,5.14,340,100,-30.0346,-51.2177
2016-10-13,19,26.1,23.9,20.6,25,19,81,14.56,1007,8.75,290,100,-30.0346,-51.2177
2016-10-14,17.6,25.3,24,19.3,22.8,18.4,61,0,1017,6.17,110,75,-30.0346,-51.2177
2016-10-15,17.1,28.6,28.2,17.1,23.5,17.5,60,0.61,1012,4.63,80,100,-30.0346,-51.2177
2016-10-16,19.7,25.1,24.4,20.6,21.4,20,78,0.51,1006,3.6,90,20,-30.0346,-51.2177
2016-10-17,19,21.3,19.9,21,20,20.7,98,36.46,1013,6.7,280,100,-30.0346,-51.2177
2016-10-18,17.9,19.9,18.7,19.4,19.8,18.1,94,29.84,1015,6.17,70,90,-30.0346,-51.2177
2016-10-19,19.1,21.1,19.7,19.8,20.9,19.1,99,33.51,1009,5.1,80,100,-30.0346,-51.2177
2016-10-20,18,24.1,21.9,19.9,22.1,20.7,67,0.11,1011,10.29,270,90,-30.0346,-51.2177
2016-10-21,14.7,21.1,19.7,17.5,19.9,15.5,60,0,1019,5.14,160,75,-30.0346,-51.2177
2016-10-22,11.5,23.2,20.1,14.8,21.9,11.8,60,0,1021,9.77,110,41,-30.0346,-51.2177
2016-10-23,17,28.6,24.3,17.9,28,17.4,57,3.22,1017,4.63,100,75,-30.0346,-51.2177
2016-10-24,19.3,28.3,26.7,20.6,25.5,19.3,71,0.6,1014,3.6,110,100,-30.0346,-51.2177
2016-10-25,19.8,24.3,23,21.4,21.5,20.9,81,7.17,1014,9.77,100,100,-30.0346,-51.2177
2016-10-26,19,26.5,24.8,20,25.9,19.1,71,17.57,1008,8.75,100,97,-30.0346,-51.2177
2016-10-27,15.7,21.1,17.3,21.1,17,19,64,1.55,1006,7.72,280,88,-30.0346,-51.2177
2016-10-28,12.8,18,15.5,15.6,17,12.9,62,0,1019,9.77,270,100,-30.0346,-51.2177
2016-10-29,9.6,22.4,19.1,12.5,21.5,9.6,52,0,1026,7.72,110,75,-30.0346,-51.2177
2016-10-30,12.6,25.9,22.8,15.7,24.4,12.7,44,0,1021,7.2,100,0,-30.0346,-51.2177
2016-10-31,14.9,32,27,17.6,31,15,48,0,1012,5.14,100,64,-30.0346,-51.2177
2016-11-01,20.5,22.8,22.2,22.2,21.5,20.5,88,3.33,1007,14.9,280,90,-30.0346,-51.2177
2016-11-02,15.8,20.6,19.7,19.3,18.8,19.1,83,17.15,1010,6.69,300,100,-30.0346,-51.2177
2016-11-03,11,21.5,19.1,15.1,21.5,11.2,46,0,1022,5.14,270,67,-30.0346,-51.2177
2016-11-04,10.6,27.3,22.7,13.2,27.3,10.6,49,0,1024,3.6,100,0,-30.0346,-51.2177
2016-11-05,12.5,30.5,26.4,17.1,27.9,12.5,30,0,1022,3.2,107,0,-30.0346,-51.2177
2016-11-06,16,30.8,27,18.5,30.6,16,42,0,1017,2.57,90,0,-30.0346,-51.2177
2016-11-07,17.4,33.7,29.1,19.9,31.8,17.5,53,0,1014,3.4,331,0,-30.0346,-51.2177
2016-11-08,18.9,30.2,27.2,21.2,27.2,18.9,61,0,1013,2.57,180,100,-30.0346,-51.2177
2016-11-09,21,25,22.9,22.4,21,21.9,91,19.89,1010,3.6,150,97,-30.0346,-51.2177
2016-11-10,19.1,28.1,25.8,21,27.9,19.8,71,1.05,1011,6.69,290,35,-30.0346,-51.2177
2016-11-11,14.4,21.8,19.9,20.5,20,18,72,2.89,1013,5.66,170,100,-30.0346,-51.2177
2016-11-12,9.5,24.4,21.8,13.4,22.5,9.5,46,0,1019,3.5,88,54,-30.0346,-51.2177
2016-11-13,13.3,28.5,24.1,15.5,25.9,13.3,51,0,1014,3.3,108,0,-30.0346,-51.2177
2016-11-14,16,30.5,27.9,18.8,29.1,16,52,0,1010,6.17,100,5,-30.0346,-51.2177
2016-11-15,18.7,31.6,28,20.3,27.3,18.7,49,0,1006,4.63,100,29,-30.0346,-51.2177
2016-11-16,21,26.3,25,21.8,25.1,21.5,74,0.83,1007,4.63,140,100,-30.0346,-51.2177
2016-11-17,15,23.3,23.3,21.1,18,19.1,65,7.42,1011,8.23,200,75,-30.0346,-51.2177
2016-11-18,11,19.9,14.4,14.2,19.9,11,91,1.46,1021,6.17,240,91,-30.0346,-51.2177
2016-11-19,10.7,22.5,20.9,13.5,21.7,10.7,55,0,1019,5.66,110,83,-30.0346,-51.2177
2016-11-20,12.6,26.9,23.6,15.8,25.9,12.6,50,0,1014,2.2,239,100,-30.0346,-51.2177
2016-11-21,17.4,26,26,19.2,23.1,18.6,66,0,1013,6.17,160,21,-30.0346,-51.2177
2016-11-22,15.4,23.3,18.9,17.1,22,15.4,61,0,1017,4.63,140,100,-30.0346,-51.2177
2016-11-23,13.3,26.3,22.7,15.8,25.1,13.3,44,0,1015,4.12,260,16,-30.0346,-51.2177
2016-11-24,13.4,27.4,25.6,16.4,25.9,13.4,37,0,1016,4.63,140,0,-30.0346,-51.2177
2016-11-25,17.3,30.4,25.7,18.7,27.8,17.3,53,1.78,1015,4.1,112,11,-30.0346,-51.2177
2016-11-26,20.1,33,29,21.5,31.5,20.1,63,0,1013,3.1,113,72,-30.0346,-51.2177
2016-11-27,22.5,31,29,23.7,23.1,23.7,62,18.04,1009,4.63,100,100,-30.0346,-51.2177
2016-11-28,19.6,24,23.6,22.3,23.9,21,82,6.11,1013,5.66,190,100,-30.0346,-51.2177
2016-11-29,16.1,25.3,24.5,18.8,23.8,16.1,59,0,1019,3.5,139,46,-30.0346,-51.2177
2016-11-30,12.7,25.1,23.1,17.1,23.8,12.8,49,0,1022,9.26,100,61,-30.0346,-51.2177
2016-12-01,15.2,27.3,24.4,17.4,25.5,15.3,50,0,1019,7.72,100,90,-30.0346,-51.2177
2016-12-02,17.4,30.8,28.1,20.2,30.2,17.4,54,0,1016,2.6,329,94,-30.0346,-51.2177
2016-12-03,20.3,25.3,22.7,22.7,21.1,20.6,73,14.45,1009,6.69,170,90,-30.0346,-51.2177
2016-12-04,18.3,24.4,21.9,21.4,24,19.5,74,11.39,1011,6.17,100,79,-30.0346,-51.2177
2016-12-05,15.5,26.9,24.2,18.1,26.5,15.9,64,0,1011,2.2,260,14,-30.0346,-51.2177
2016-12-06,16.4,31.9,26.9,19.8,31.5,16.4,47,0,1009,5.66,300,18,-30.0346,-51.2177
2016-12-07,20.4,29.2,27.8,25,27.8,20.4,59,0,1010,7.72,100,15,-30.0346,-51.2177
2016-12-08,19.1,30,25.7,21.6,29.9,19.1,61,1.46,1009,5.14,150,49,-30.0346,-51.2177
2016-12-09,17.6,24.1,23.5,20.6,23,17.6,44,0,1013,6.17,150,40,-30.0346,-51.2177
2016-12-10,19.2,31,27.1,19.6,30.9,19.3,58,0.8,1007,4.12,100,36,-30.0346,-51.2177
2016-12-11,20.7,32.4,29.8,24.8,28.3,23.9,49,0,1005,3.6,290,49,-30.0346,-51.2177
2016-12-12,18.7,32.5,26.8,20.4,32.4,18.7,52,0,1006,4.63,80,0,-30.0346,-51.2177
2016-12-13,20.9,32.8,29.5,24.1,24.7,22.4,33,3.41,1007,4.2,154,40,-30.0346,-51.2177
2016-12-14,17.7,26.2,23.1,20.1,24.2,18,41,0.65,1017,5.66,280,40,-30.0346,-51.2177
2016-12-15,14.8,24.9,22.2,17.5,23.9,14.8,37,0,1025,7.72,110,39,-30.0346,-51.2177
2016-12-16,15.1,27.7,25,18,26.8,15.1,41,0,1023,7.2,90,20,-30.0346,-51.2177
2016-12-17,18.9,31.2,27.7,19.7,30.5,18.9,49,0,1018,7.72,100,2,-30.0346,-51.2177
2016-12-18,22.2,34.3,31.3,25.1,28,22.2,46,4.7,1012,4.63,340,20,-30.0346,-51.2177
2016-12-19,23.9,30.3,28.8,24.7,27.9,24,61,12.69,1008,5.14,340,100,-30.0346,-51.2177
2016-12-20,22,30.8,27.4,24.6,30.8,22.1,63,7.43,1012,6.17,110,100,-30.0346,-51.2177
2016-12-21,20.7,32.5,29.6,23.6,30.8,21.1,55,0,1011,5.66,130,15,-30.0346,-51.2177
2016-12-22,22,35,31.1,24,31,22.2,58,0.37,1013,3.3,325,8,-30.0346,-51.2177
2016-12-23,23.1,33.5,31.8,24.4,31.8,23.5,55,5.09,1010,4.9,321,26,-30.0346,-51.2177
2016-12-24,22.6,30.5,28.4,26.9,29.2,22.6,66,3.98,1013,7.2,110,100,-30.0346,-51.2177
2016-12-25,20.7,34,30.5,22.6,32.9,20.7,58,0.23,1010,7.72,90,94,-30.0346,-51.2177
2016-12-26,21.7,37.3,34.4,23.5,35.1,21.8,59,2.9,1004,8.75,190,31,-30.0346,-51.2177
2016-12-27,22.7,28.5,24.7,25.6,25.1,25,86,3.16,1012,6.17,170,100,-30.0346,-51.2177
2016-12-28,22,25.8,25.8,22.5,24.6,22,74,1.83,1014,5.66,90,90,-30.0346,-51.2177
2016-12-29,22,26.9,25.4,23,26.2,23,94,25.69,1013,3.1,260,91,-30.0346,-51.2177
2016-12-30,22,31.8,26.9,22,29.3,22,79,4.05,1011,4.63,100,75,-30.0346,-51.2177
2016-12-31,23.5,29.9,25,24,28.9,23.5,93,4.93,1010,6.2,330,93,-30.0346,-51.2177
2017-01-01,23,32.5,30.2,24.8,32.5,23.4,68,0.6,1009,4.63,300,53,-30.0346,-51.2177
2017-01-02,24.2,30.4,29.2,27.1,27,24.2,71,7.83,1012,3.4,139,92,-30.0346,-51.2177
2017-01-03,22.6,33.9,30.7,24,31.9,22.6,58,0.8,1010,4.63,70,93,-30.0346,-51.2177
2017-01-04,22.2,32.1,31,27.1,22.6,22.6,62,13.35,1007,6.17,210,0,-30.0346,-51.2177
2017-01-05,21.8,30,28.2,23.1,26.9,21.8,70,2.98,1010,5.14,280,20,-30.0346,-51.2177
2017-01-06,22,27.1,25.7,23.2,25.5,22.4,58,2.11,1017,6.17,110,75,-30.0346,-51.2177
2017-01-07,21.6,28.1,25.9,21.7,27.8,21.6,65,0.48,1014,4.12,90,0,-30.0346,-51.2177
2017-01-08,23.2,32.4,30.2,24.2,30.8,23.5,66,0.18,1010,3.09,270,36,-30.0346,-51.2177
2017-01-09,23.5,29.8,28,26.6,29.5,23.5,70,2.5,1005,6.69,290,0,-30.0346,-51.2177
2017-01-10,22.2,29.6,27,26.5,29.6,22.6,80,31.59,1007,5.7,290,100,-30.0346,-51.2177
2017-01-11,22.6,30,26.6,24.1,28.7,22.9,66,2.89,1014,5.66,130,75,-30.0346,-51.2177
2017-01-12,20.2,30,27.5,22.6,28.8,20.2,63,0,1016,7.2,80,43,-30.0346,-51.2177
2017-01-13,18.7,33.4,27.9,21.7,33.2,18.8,59,0,1011,3.6,100,2,-30.0346,-51.2177
2017-01-14,23.1,31,31,25.1,26.4,23.3,59,0,1008,5.66,180,40,-30.0346,-51.2177
2017-01-15,23.1,32,28.9,23.4,30,23.5,67,0.88,1009,5.66,100,84,-30.0346,-51.2177
2017-01-16,21.7,30.8,30,25.2,29.8,24.1,65,1.1,1008,5.66,90,93,-30.0346,-51.2177
2017-01-17,22.1,30.3,27.4,22.1,28.4,22.6,71,3,1003,4.1,250,37,-30.0346,-51.2177
2017-01-18,23.1,30.5,28,24.3,28.5,23.1,66,0,1010,5.66,160,75,-30.0346,-51.2177
2017-01-19,19.7,28.9,27.1,23.5,27.9,19.7,57,0,1018,6.69,100,1,-30.0346,-51.2177
2017-01-20,18.5,29.4,27,21.7,27.9,18.9,55,0,1020,6.69,120,35,-30.0346,-51.2177
2017-01-21,19.1,29.4,28.2,22.1,27.5,19.1,58,0,1018,4.1,115,10,-30.0346,-51.2177
2017-01-22,20.3,31.3,28.8,22.7,29.2,20.3,62,0,1015,6.69,110,36,-30.0346,-51.2177
2017-01-23,22.2,31.5,29.2,24.4,28.1,22.2,52,1.55,1013,4.12,70,0,-30.0346,-51.2177
2017-01-24,22.1,32.8,29.9,24.2,30.8,22.6,58,0,1010,3.6,100,60,-30.0346,-51.2177
2017-01-25,22.3,30,27,24.8,26.1,23.7,69,7.37,1009,6.69,280,75,-30.0346,-51.2177
2017-01-26,20.6,26.4,25,22.3,22.3,20.8,57,4.85,1014,5.1,180,75,-30.0346,-51.2177
2017-01-27,18,26.5,23.7,20.1,26.2,18,50,0,1019,3.6,270,43,-30.0346,-51.2177
2017-01-28,17.3,28.6,26.2,20.7,27.9,17.3,58,0,1021,6.17,140,20,-30.0346,-51.2177
2017-01-29,20.8,31.5,29.1,22.7,29.1,20.8,61,0.41,1019,8.23,100,98,-30.0346,-51.2177
2017-01-30,22.4,32.8,30.7,24.5,30.1,22.4,51,2.81,1018,4.63,100,45,-30.0346,-51.2177
2017-01-31,23.2,32.3,28.8,25,25.1,24.2,58,5.21,1015,4.63,90,0,-30.0346,-51.2177
2017-02-01,22.8,28.9,27.9,23.2,28.9,22.8,63,5.46,1011,5.66,290,98,-30.0346,-51.2177
2017-02-02,22.7,31.7,30.1,24.7,29.3,22.7,61,4.24,1007,4.63,100,47,-30.0346,-51.2177
2017-02-03,22.7,31.7,29.2,23,29.6,22.7,71,2.59,1009,4.63,240,19,-30.0346,-51.2177
2017-02-04,21.8,34.9,31.1,24.8,33.3,22.3,58,0,1009,3.6,94,2,-30.0346,-51.2177
2017-02-05,25.2,31.7,29.8,25.8,31.1,25.7,62,2.76,1007,3.6,269,26,-30.0346,-51.2177
2017-02-06,21.5,26.4,23.5,26.1,26.2,22,63,0,1012,7.72,280,19,-30.0346,-51.2177
2017-02-07,17.8,28,24.3,21.4,27.1,17.9,57,0,1014,6.69,160,17,-30.0346,-51.2177
2017-02-08,17.2,28.5,26.8,20.2,27,17.2,51,0,1015,6.69,100,86,-30.0346,-51.2177
2017-02-09,20.4,33.3,29.4,21.5,31.2,20.8,54,0.41,1014,3.2,104,29,-30.0346,-51.2177
2017-02-10,22.3,33.5,31,24.8,30.9,22.4,55,0.55,1012,6.17,100,100,-30.0346,-51.2177
2017-02-11,22.5,26,24.2,23.3,25.9,22.7,86,4.32,1011,2.06,90,98,-30.0346,-51.2177
2017-02-12,22.4,30.7,27.1,23.6,30,22.6,78,13.84,1007,2.4,275,56,-30.0346,-51.2177
2017-02-13,23.3,30.1,30.1,25.1,25.8,23.5,66,25.24,1008,4.4,325,37,-30.0346,-51.2177
2017-02-14,23.4,28.4,27.7,24.3,27.9,24,79,44.02,1013,3,329,63,-30.0346,-51.2177
2017-02-15,22.8,33.2,30.7,23.7,32.1,22.8,65,7.93,1017,2.6,341,10,-30.0346,-51.2177
2017-02-16,22.9,34.3,30.7,25.1,27.5,24.3,66,6.11,1016,3.1,170,55,-30.0346,-51.2177
2017-02-17,21.7,30.9,27.8,22.7,30.6,22.2,69,0,1011,4.1,250,79,-30.0346,-51.2177
2017-02-18,23.4,35.7,32,25.7,35.3,23.9,53,4.62,1011,4.1,100,28,-30.0346,-51.2177
2017-02-19,24.2,33.2,30.3,26.4,29.6,24.5,67,4,1015,2.6,3,58,-30.0346,-51.2177
2017-02-20,23.7,34.2,32.1,23.7,31.6,24.1,63,0.81,1017,2.46,113,80,-30.0346,-51.2177
2017-02-21,24.6,32.1,31.4,26.4,25.5,25.1,70,14.34,1016,3.6,210,99,-30.0346,-51.2177
2017-02-22,23.6,30.8,29.6,24.5,29.7,23.6,64,0,1013,2.7,325,93,-30.0346,-51.2177
2017-02-23,22.9,31.1,27.2,23.9,29.4,22.9,73,0.37,1013,2.57,60,70,-30.0346,-51.2177
2017-02-24,23.5,31.1,29.8,25.1,28.6,23.5,68,0.99,1011,5.14,140,53,-30.0346,-51.2177
2017-02-25,22.5,30.2,29.6,23.8,28.8,22.7,68,0.5,1012,5.14,130,25,-30.0346,-51.2177
2017-02-26,22,30.9,29.1,24,29,22,70,0.42,1014,7.72,120,75,-30.0346,-51.2177
2017-02-27,21.1,31.9,30.3,23.6,29.2,21.3,52,0,1011,7.2,110,20,-30.0346,-51.2177
2017-02-28,21.6,33,31.1,23.5,31.7,21.6,54,0,1006,3.09,130,48,-30.0346,-51.2177
2017-03-01,24.3,30.5,27.2,25.7,29.2,24.3,82,1.95,1006,4.12,300,94,-30.0346,-51.2177
2017-03-02,23.7,34.2,31.5,26.4,32.7,23.7,55,0.16,1008,6.17,100,40,-30.0346,-51.2177
2017-03-03,24.2,34.3,33.2,25.7,26,24.6,60,0.22,1010,3.6,340,7,-30.0346,-51.2177
2017-03-04,23.5,28.4,28.4,24.2,25,24.2,73,8.08,1007,5.14,320,100,-30.0346,-51.2177
2017-03-05,22.6,26.1,24.4,24,25.2,23.4,95,3.77,1010,3.09,240,98,-30.0346,-51.2177
2017-03-06,20.2,29.4,28.5,22.4,27.9,20.2,67,0.92,1014,5.66,120,26,-30.0346,-51.2177
2017-03-07,20.8,30.5,29.7,23,26.9,20.8,60,1.45,1015,6.69,130,23,-30.0346,-51.2177
2017-03-08,23,32,30.5,23.5,29.7,23.1,57,0.73,1013,2.6,91,26,-30.0346,-51.2177
2017-03-09,22,33.8,32.1,25.5,25.5,22.9,53,24.98,1006,5.66,330,100,-30.0346,-51.2177
2017-03-10,20.3,25.5,24.6,22.1,25,22.1,83,20.06,1014,4.1,100,90,-30.0346,-51.2177
2017-03-11,18.3,27.9,26.8,20.2,25,18.3,57,0.33,1015,7.2,110,39,-30.0346,-51.2177
2017-03-12,20.6,23.1,22.5,22.6,23.1,22.1,97,22,1009,5.66,270,100,-30.0346,-51.2177
2017-03-13,15.7,24.1,21.7,19.5,23.3,15.8,50,0,1018,4.12,310,0,-30.0346,-51.2177
2017-03-14,14,27.2,24.8,16.3,24.8,14,50,0,1016,5.14,130,0,-30.0346,-51.2177
2017-03-15,17.3,32.1,29.8,19.2,29.5,17.3,56,0,1013,3.09,80,6,-30.0346,-51.2177
2017-03-16,19.9,26.4,26,24.5,21.9,22.2,77,9.67,1011,7.72,300,100,-30.0346,-51.2177
2017-03-17,16.6,23.1,21.5,19.9,21,17,60,0,1020,4.63,210,81,-30.0346,-51.2177
2017-03-18,13.7,24.4,22.5,17.4,21.9,13.7,63,0,1022,3,147,96,-30.0346,-51.2177
2017-03-19,16,25.5,25.3,17.3,22.9,16,69,0.33,1021,3.7,133,79,-30.0346,-51.2177
2017-03-20,18.3,26.3,25.4,18.8,24,18.3,65,0.11,1022,7.72,110,57,-30.0346,-51.2177
2017-03-21,17.5,28.6,26.6,19,24.9,17.5,57,0.14,1023,4.63,130,18,-30.0346,-51.2177
2017-03-22,18.8,28.9,28,21.1,25,18.8,54,0.99,1021,4.63,80,68,-30.0346,-51.2177
2017-03-23,20.4,27.7,26.5,21.6,25.2,20.7,63,11.46,1017,3.5,105,58,-30.0346,-51.2177
2017-03-24,17.1,28.9,26.1,20,25.6,17.1,68,0.25,1014,2.57,300,94,-30.0346,-51.2177
2017-03-25,19.4,26.2,25.1,20.6,25,19.4,77,0.75,1016,6.17,110,39,-30.0346,-51.2177
2017-03-26,20.7,27.8,26.1,20.7,25,20.9,70,0.14,1016,8.75,110,44,-30.0346,-51.2177
2017-03-27,19.7,27.6,27.4,22,24,19.8,62,0,1018,5.14,100,29,-30.0346,-51.2177
2017-03-28,18,27,27,20.6,24,18,55,0.29,1021,3.3,107,56,-30.0346,-51.2177
2017-03-29,17.6,26.9,25.4,20.7,24,17.6,61,0.11,1021,7.72,100,88,-30.0346,-51.2177
2017-03-30,17.3,27.5,26.1,19,22.9,17.3,56,0,1019,3.2,129,12,-30.0346,-51.2177
2017-03-31,17.4,26.9,25.5,19.2,24,17.4,48,0,1022,8.75,100,40,-30.0346,-51.2177
2017-04-01,17.6,26.5,26,19,23.5,17.6,51,0,1024,6.69,100,75,-30.0346,-51.2177
2017-04-02,16.9,27,26.6,19.2,23,16.9,57,0,1019,4.63,120,88,-30.0346,-51.2177
2017-04-03,19.3,29.9,27.6,20.7,26.4,19.4,56,0,1015,1.6,28,23,-30.0346,-51.2177
2017-04-04,20.3,29.2,29,21.2,27,20.3,53,0,1012,3.6,90,99,-30.0346,-51.2177
2017-04-05,22.8,27.4,25,23.5,26,24.5,69,3.89,1009,4.12,290,100,-30.0346,-51.2177
2017-04-06,19.3,26.7,25.5,23,22.9,20.5,66,0,1015,6.69,160,35,-30.0346,-51.2177
2017-04-07,15.9,27.6,26.9,18.7,24.8,15.9,61,0,1016,7.72,110,25,-30.0346,-51.2177
2017-04-08,20.4,28.2,28.2,20.9,24.5,20.4,63,0.71,1016,8.23,110,100,-30.0346,-51.2177
2017-04-09,22.5,25.9,25.8,23.6,23.6,23.5,80,13.82,1016,4.12,120,100,-30.0346,-51.2177
2017-04-10,22,31.4,28.5,22.5,28.4,22,65,5.36,1011,9.26,260,100,-30.0346,-51.2177
2017-04-11,17.9,25,22.6,23,22.2,18,67,2.8,1015,8.75,290,0,-30.0346,-51.2177
2017-04-12,14.6,21.8,20.9,18.9,19.1,17,57,0,1023,4.12,150,99,-30.0346,-51.2177
2017-04-13,12.2,25.3,23.2,14.4,21.7,12.9,58,0,1020,2.9,131,27,-30.0346,-51.2177
2017-04-14,16.4,24.2,23.1,17.3,21.6,16.8,66,1.68,1018,2.06,200,48,-30.0346,-51.2177
2017-04-15,19.2,24.6,24.6,19.8,21.7,19.2,80,5.36,1018,5.66,80,100,-30.0346,-51.2177
2017-04-16,18.2,21.2,19.2,21,19.1,20,96,1.62,1019,4.63,170,100,-30.0346,-51.2177
2017-04-17,15.9,23.5,23.3,18.1,20.6,15.9,75,0.38,1020,6.69,160,33,-30.0346,-51.2177
2017-04-18,16.7,24,23,17.2,21,16.7,74,0.62,1021,7.72,120,64,-30.0346,-51.2177
2017-04-19,17.4,27.3,25.3,18.2,23.3,17.4,61,0,1016,5.14,70,20,-30.0346,-51.2177
2017-04-20,17.6,27.2,27,19.4,23.8,17.6,58,2.81,1011,5.14,90,0,-30.0346,-51.2177
2017-04-21,16.6,26,25.2,21.7,18,22.2,80,16.07,1008,3,280,93,-30.0346,-51.2177
2017-04-22,15.3,23.3,21.3,16.9,20,16.4,66,0,1019,3.09,310,7,-30.0346,-51.2177
2017-04-23,11.7,23.7,22.1,14.5,19.8,11.7,57,0,1021,5.14,160,0,-30.0346,-51.2177
2017-04-24,14.9,20.1,19.9,15.6,19.5,14.9,83,1.76,1018,3.09,80,90,-30.0346,-51.2177
2017-04-25,18.2,21.9,20.1,18.6,20.2,18.5,88,23.41,1010,5.66,360,90,-30.0346,-51.2177
2017-04-26,14.5,19,16.5,19,16.9,18.7,79,12.63,1007,12.86,280,100,-30.0346,-51.2177
2017-04-27,11.5,18.9,18,14.1,16.2,11.5,45,0,1020,8.75,280,40,-30.0346,-51.2177
2017-04-28,8.4,21.4,18.8,11.5,18,8.4,54,0,1024,2.66,317,0,-30.0346,-51.2177
2017-04-29,9.3,23.9,20.2,10.9,20.3,9.3,54,0,1025,2.29,311,0,-30.0346,-51.2177
2017-04-30,9.3,25.8,21.8,11.3,20.9,9.8,57,0,1024,2.57,80,0,-30.0346,-51.2177
2017-05-01,11.1,23.2,20.9,12.6,19.8,11.1,56,0,1023,2.2,341,0,-30.0346,-51.2177
2017-05-02,12.8,27,24.2,15.6,22.5,12.8,58,0,1019,1.9,72,1,-30.0346,-51.2177
2017-05-03,14.6,26.8,25.5,17.4,22.4,14.6,59,0,1019,2,128,100,-30.0346,-51.2177
2017-05-04,17.1,23.1,21.9,18.7,21.4,18.5,80,0.78,1017,2.6,40,86,-30.0346,-51.2177
2017-05-05,17.6,24.2,23.3,17.8,21,17.9,73,0,1017,4.12,150,96,-30.0346,-51.2177
2017-05-06,18.6,24.8,23.7,19.4,21.9,19.1,73,0.46,1020,6.69,100,86,-30.0346,-51.2177
2017-05-07,17.1,27.6,25.8,18.7,22.9,17.1,64,0,1017,5.14,80,9,-30.0346,-51.2177
2017-05-08,16.1,27,26.7,18.4,22.9,16.2,52,0,1011,4.63,220,75,-30.0346,-51.2177
2017-05-09,16.3,22.2,21.7,21.4,19.6,19.2,73,1.4,1016,5.66,190,90,-30.0346,-51.2177
2017-05-10,14.2,20.5,20.2,15.7,18,15.4,60,0,1022,4.63,160,20,-30.0346,-51.2177
2017-05-11,10.4,20.8,18.6,13.2,17.1,10.4,64,0,1022,6.17,100,100,-30.0346,-51.2177
2017-05-12,14.5,18.1,17.8,14.9,17.6,15.4,93,16.16,1016,4.63,100,95,-30.0346,-51.2177
2017-05-13,16.5,18.1,17.9,17.6,17.1,17.9,94,50.11,1010,7.72,290,90,-30.0346,-51.2177
2017-05-14,14.5,20.1,19,17,18.2,16,88,11.71,1011,6.17,280,93,-30.0346,-51.2177
2017-05-15,13.6,20.9,18.7,13.9,18,14,81,0.39,1018,4.12,300,95,-30.0346,-51.2177
2017-05-16,14.6,20,19,16.5,17.8,14.9,73,0,1020,3.6,160,75,-30.0346,-51.2177
2017-05-17,12.2,23.9,21.9,14.6,19.9,12.2,61,0,1018,2.3,137,3,-30.0346,-51.2177
2017-05-18,14.8,24,24,16,20,14.8,66,0,1014,8.75,100,86,-30.0346,-51.2177
2017-05-19,17.5,24.4,23.7,19,21.2,17.5,64,7.36,1009,8.23,90,73,-30.0346,-51.2177
2017-05-20,17.4,25.3,24.8,19.3,22.4,17.4,65,5.42,1014,5.14,90,71,-30.0346,-51.2177
2017-05-21,13.1,20,17.4,17.8,16.9,16.2,82,9.45,1015,3.6,290,97,-30.0346,-51.2177
2017-05-22,10.1,22,20.1,12.5,17.6,10.1,66,0,1020,4.12,110,25,-30.0346,-51.2177
2017-05-23,11.8,19.8,18.8,14.8,16.9,12.8,73,13.08,1020,2.57,50,100,-30.0346,-51.2177
2017-05-24,15,25,23,16.7,22,15.7,69,3.67,1017,4.63,90,75,-30.0346,-51.2177
2017-05-25,19.4,22.1,21.3,19.7,21.7,20,94,21.64,1014,7.2,190,75,-30.0346,-51.2177
2017-05-26,17.5,22.1,21.4,21.8,18.2,21.2,100,40.35,1015,4.12,160,90,-30.0346,-51.2177
2017-05-27,17,18,17.1,17.4,17.3,17.4,97,39.6,1024,10.29,120,100,-30.0346,-51.2177
2017-05-28,16.9,20.1,19.3,17,18.9,17,96,32.39,1021,7.72,100,96,-30.0346,-51.2177
2017-05-29,16.6,20.9,19.4,18.9,18.6,18,88,1.88,1019,5.66,270,75,-30.0346,-51.2177
2017-05-30,14.9,18,17.1,16.1,17,15.2,88,1.11,1022,3.09,160,100,-30.0346,-51.2177
2017-05-31,15.2,17.6,17,16,15.2,15.5,86,4.57,1018,6.69,120,100,-30.0346,-51.2177
2017-06-01,15.9,17,17,16.1,16.1,17,100,22.52,1012,6.17,120,90,-30.0346,-51.2177
2017-06-02,12.4,19.6,18.2,15.5,16.1,15.3,72,0.5,1021,3.6,280,26,-30.0346,-51.2177
2017-06-03,9.9,21.9,19.2,11.5,17.6,9.9,68,0,1018,2.57,100,0,-30.0346,-51.2177
2017-06-04,15.9,17.4,17,16.5,17,16.4,95,11.94,1015,2.06,10,100,-30.0346,-51.2177
2017-06-05,15.1,18,17.9,16.9,16.1,16.9,85,0.11,1016,6.17,170,100,-30.0346,-51.2177
2017-06-06,15.6,17.7,17,16,16.6,15.6,94,2.18,1015,4.12,170,100,-30.0346,-51.2177
2017-06-07,15.5,19.3,18.5,16,17.5,15.5,88,43.45,1015,6.17,90,100,-30.0346,-51.2177
2017-06-08,15,18.9,18.7,17.6,16.8,18.4,87,35.51,1003,12.35,290,100,-30.0346,-51.2177
2017-06-09,11.5,14.9,12.6,14.8,12,13.8,83,3.63,1016,9.26,280,88,-30.0346,-51.2177
2017-06-10,10.9,17,15.2,11.4,15.1,11,59,0,1019,9.26,300,0,-30.0346,-51.2177
2017-06-11,8.8,19,16.8,12,15.2,8.8,63,0,1019,3.6,290,0,-30.0346,-51.2177
2017-06-12,9.4,18.9,17.4,9.4,15,10,72,0,1020,3.09,100,20,-30.0346,-51.2177
2017-06-13,11.9,19.9,15.7,12.8,15.4,11.9,80,0,1020,2.57,110,2,-30.0346,-51.2177
2017-06-14,12.2,15.5,14.3,12.2,14.7,13,90,0,1025,2.17,141,100,-30.0346,-51.2177
2017-06-15,12,23,19.4,14.3,18.6,12,73,0,1022,3.09,80,0,-30.0346,-51.2177
2017-06-16,13.8,25.8,23.4,14.3,20.3,14.5,62,0,1016,3.6,350,98,-30.0346,-51.2177
2017-06-17,13.6,28.3,25.3,16.2,23.9,13.8,47,0,1012,4.3,354,0,-30.0346,-51.2177
2017-06-18,10.2,25.1,24.1,17.4,11,16,65,2.66,1010,5.66,170,40,-30.0346,-51.2177
2017-06-19,7.1,12,11.5,10.1,10.7,9.6,70,0.5,1025,6.69,280,99,-30.0346,-51.2177
2017-06-20,4.7,14,12.3,7.5,11.2,4.8,70,0,1029,3.6,140,34,-30.0346,-51.2177
2017-06-21,6.6,20.1,18.1,6.9,16.7,7.6,62,0,1025,2.1,120,3,-30.0346,-51.2177
2017-06-22,9.5,24.7,22.1,12.3,19.6,9.7,56,0,1020,3.1,90,75,-30.0346,-51.2177
2017-06-23,11.3,27,24.1,13.2,20.3,11.3,58,0,1022,4.6,90,0,-30.0346,-51.2177
2017-06-24,13.8,25.9,25.2,15.7,21.1,13.8,53,0,1022,3.33,2,30,-30.0346,-51.2177
2017-06-25,12.7,26.1,24.1,16.1,20.7,12.7,57,0,1024,3.5,332,0,-30.0346,-51.2177
2017-06-26,11.8,22.6,20.9,15.1,17.5,11.8,56,0,1022,3,348,85,-30.0346,-51.2177
2017-06-27,12.6,27,24.1,13.1,22.2,12.8,54,0,1020,4.6,340,81,-30.0346,-51.2177
2017-06-28,13.7,26.9,25.1,15.1,22.7,13.7,55,0,1020,2.67,344,4,-30.0346,-51.2177
2017-06-29,16,25.5,21.8,16.8,21.5,16,66,0,1019,3.1,50,35,-30.0346,-51.2177
2017-06-30,13.7,19,16.3,18.9,16.2,16.9,86,4.78,1021,5.7,210,100,-30.0346,-51.2177
2017-07-01,8,16.8,15.1,13.4,13.6,11.2,67,0,1029,3.6,160,36,-30.0346,-51.2177
2017-07-02,5.9,18.1,15.5,8.3,14.8,5.9,77,0,1033,5.14,110,13,-30.0346,-51.2177
2017-07-03,6.8,19.9,18.2,9.4,15.7,6.8,63,0,1032,4.12,100,0,-30.0346,-51.2177
2017-07-04,8.7,21.5,20.1,11.3,17.9,8.7,56,0,1029,4.63,80,0,-30.0346,-51.2177
2017-07-05,12.5,24.7,22.5,14,18.9,13.2,56,0,1027,3.6,80,0,-30.0346,-51.2177
2017-07-06,9.2,23.9,21.5,13.3,18.9,9.2,56,0,1026,2.2,341,0,-30.0346,-51.2177
2017-07-07,9.8,25.6,22.5,12.4,18.9,9.8,54,0,1025,1.7,111,45,-30.0346,-51.2177
2017-07-08,13.7,25.8,22,14.5,19.8,14.1,54,0,1024,2.87,17,1,-30.0346,-51.2177
2017-07-09,14.4,24.1,23.6,16.4,19.8,15.2,54,0,1023,2.33,75,68,-30.0346,-51.2177
2017-07-10,14.6,26.4,23.9,16.1,23.2,14.6,64,0.46,1022,1.91,345,10,-30.0346,-51.2177
2017-07-11,15.8,19.4,19.3,17.1,16.5,16,89,4.22,1024,2,149,65,-30.0346,-51.2177
2017-07-12,16.5,24.8,22.1,16.5,21.4,16.6,75,5.68,1025,4.63,70,57,-30.0346,-51.2177
2017-07-13,13.9,27.7,25.1,16.8,21.5,14,48,0,1022,3.09,20,0,-30.0346,-51.2177
2017-07-14,13.8,27.7,25.1,15.8,23.2,13.8,55,0,1020,5.66,360,2,-30.0346,-51.2177
2017-07-15,16.1,28,26.9,16.5,22.7,17.8,44,0,1013,6.17,340,94,-30.0346,-51.2177
2017-07-16,8.9,23,20.3,19.8,11.9,22.9,82,8.43,1013,4.63,210,98,-30.0346,-51.2177
2017-07-17,6.2,9,8.1,8.2,8.1,8,78,8.37,1028,7.2,270,100,-30.0346,-51.2177
2017-07-18,3.7,11.4,9.7,5.7,9.7,4,57,0,1032,6.17,290,0,-30.0346,-51.2177
2017-07-19,1.8,15,11.7,4.1,10.1,1.8,51,0,1028,2.35,322,0,-30.0346,-51.2177
2017-07-20,2.8,20.1,15.9,4.3,14.6,2.8,63,0,1023,3.09,280,0,-30.0346,-51.2177
2017-07-21,5.9,19.5,15.9,6.9,15.7,6.1,63,0,1023,5.14,280,0,-30.0346,-51.2177
2017-07-22,5.2,20.7,18.2,8.4,16.4,5.7,59,0,1023,5.66,110,0,-30.0346,-51.2177
2017-07-23,7.1,26.7,22.4,10.7,19.9,7.1,54,0,1020,3.6,320,0,-30.0346,-51.2177
2017-07-24,11.1,30.6,27.3,12.5,23.8,11.1,48,0,1019,4.63,320,1,-30.0346,-51.2177
2017-07-25,15.2,26.6,24.5,17.2,22.8,15.5,61,0,1023,2.57,160,23,-30.0346,-51.2177
2017-07-26,16.3,26,21,17.5,21.8,17,76,0,1024,1.7,137,14,-30.0346,-51.2177
2017-07-27,15,22.3,18.3,16.1,18.9,15,86,0,1024,4.12,60,15,-30.0346,-51.2177
2017-07-28,13.1,25.8,22.4,14.6,20.5,13.9,54,0,1024,3.3,357,22,-30.0346,-51.2177
2017-07-29,12.2,26.9,24.1,14.5,24.3,12.7,50,0,1026,3,341,0,-30.0346,-51.2177
2017-07-30,12.1,27.6,25,15,23.7,12.1,56,0,1025,1.5,354,13,-30.0346,-51.2177
2017-07-31,13.5,26.8,25.1,15.3,23,13.7,52,0,1020,2.56,327,11,-30.0346,-51.2177
2017-08-01,14.1,27.6,24.6,16.9,22.9,14.4,53,0,1016,2,289,4,-30.0346,-51.2177
2017-08-02,16.4,19.6,19.6,18,16.8,17.3,76,9.17,1018,2,129,100,-30.0346,-51.2177
2017-08-03,13.7,18.6,16.8,16.4,16,15.3,89,11.05,1019,6.2,180,81,-30.0346,-51.2177
2017-08-04,10.4,18.5,17,13.5,15.4,10.4,77,0,1027,3.09,230,51,-30.0346,-51.2177
2017-08-05,9.1,21.1,19.4,11.5,17.4,9.6,67,0,1026,5.14,90,1,-30.0346,-51.2177
2017-08-06,8.4,22.8,20.2,12.5,18,8.8,48,0,1023,2.57,170,0,-30.0346,-51.2177
2017-08-07,9,25.6,21.6,11.1,20.5,9.3,57,0,1017,2.6,349,58,-30.0346,-51.2177
2017-08-08,13.7,20.4,17.7,14,19.7,17.7,94,1.53,1013,4.8,251,100,-30.0346,-51.2177
2017-08-09,12.1,17,16.4,15.2,15.4,12.1,74,0,1018,7.72,280,83,-30.0346,-51.2177
2017-08-10,9.7,21.7,18.5,12.8,18,9.7,81,0,1020,11.32,90,100,-30.0346,-51.2177
2017-08-11,15.6,20,19.9,17,18.3,15.6,88,3.34,1014,7.7,100,100,-30.0346,-51.2177
2017-08-12,16.6,21.2,17.9,17,19.6,16.6,94,2.11,1013,6.17,250,75,-30.0346,-51.2177
2017-08-13,15.9,20.5,19.5,17.1,19.5,18,97,26.86,1008,7.24,278,99,-30.0346,-51.2177
2017-08-14,11.3,19,16,15,16.3,13.5,77,0,1019,6.17,270,75,-30.0346,-51.2177
2017-08-15,8.8,21.7,18.1,10.4,18.6,8.8,71,0,1020,4.12,190,10,-30.0346,-51.2177
2017-08-16,12.6,21.7,18.5,14,17,13.9,76,0,1021,4.63,170,76,-30.0346,-51.2177
2017-08-17,9.2,21.5,19.5,11.9,18.8,9.2,63,0,1020,2.07,116,65,-30.0346,-51.2177
2017-08-18,10.7,25.8,20.6,12.8,21.7,10.7,62,0,1016,3.6,100,0,-30.0346,-51.2177
2017-08-19,11.6,26,24.7,14.2,21.6,11.6,56,0.95,1009,2.8,167,27,-30.0346,-51.2177
2017-08-20,10.1,16.3,15,16,14,14,72,13.57,1022,5.66,220,75,-30.0346,-51.2177
2017-08-21,7.1,16.8,16,8.8,13.8,7.1,42,0,1032,2.06,300,75,-30.0346,-51.2177
2017-08-22,5.8,21,18.5,8.7,18.1,5.8,43,0,1026,5.14,110,0,-30.0346,-51.2177
2017-08-23,11.6,26.9,24,14.9,23.3,11.6,54,0,1018,5.14,100,0,-30.0346,-51.2177
2017-08-24,15.2,32.5,27.7,17.4,26.7,15.3,56,0,1016,3.09,90,60,-30.0346,-51.2177
2017-08-25,17.4,31.8,29,20.5,27.2,17.4,48,0,1016,3,329,11,-30.0346,-51.2177
2017-08-26,15.6,28,27.3,19.7,24.4,15.6,51,0,1015,4.12,340,100,-30.0346,-51.2177
2017-08-27,16.7,21.5,20.8,19.2,20.9,18.6,89,2.42,1017,3.09,100,100,-30.0346,-51.2177
2017-08-28,15.9,26.4,23.1,16.4,23.6,16.1,72,0,1016,2.14,129,1,-30.0346,-51.2177
2017-08-29,17.1,34.1,29.4,18.8,29,17.4,53,0,1012,2.27,353,90,-30.0346,-51.2177
2017-08-30,13.2,23.6,15.6,21,13.8,22.1,78,2.07,1019,6.69,260,86,-30.0346,-51.2177
2017-08-31,12.2,21.2,19.2,13.1,19,12.2,71,0,1025,8.23,110,100,-30.0346,-51.2177
2017-09-01,14.4,25.1,23.6,15.3,22.2,14.4,55,0,1022,6.17,110,96,-30.0346,-51.2177
2017-09-02,14.3,30.3,27.2,17.3,25.9,14.5,51,0,1021,4.63,90,21,-30.0346,-51.2177
2017-09-03,14.4,31.8,29,17.6,27.9,14.4,40,0,1016,3.09,10,0,-30.0346,-51.2177
2017-09-04,18,33,30.9,19.7,27.7,18.6,42,0,1013,5.66,240,61,-30.0346,-51.2177
2017-09-05,16.4,22.8,19.7,22.8,17.1,20.3,79,6.18,1021,3.6,260,100,-30.0346,-51.2177
2017-09-06,16,22.8,20.1,16.4,19.9,16.4,79,0,1021,5.14,110,100,-30.0346,-51.2177
2017-09-07,16.8,30.2,26.4,17.6,26.2,16.8,62,0.19,1017,4.12,100,98,-30.0346,-51.2177
2017-09-08,17.5,26.3,26.3,19.4,22.3,17.5,71,0,1015,5.14,200,81,-30.0346,-51.2177
2017-09-09,18.9,27,22.6,19,24.3,19,78,0,1015,3.6,140,75,-30.0346,-51.2177
2017-09-10,17.7,33.2,30.5,20,27.6,17.7,46,0,1009,4.63,90,96,-30.0346,-51.2177
2017-09-11,19.4,25.2,20.6,22.1,22,24.9,83,0.16,1015,9.77,260,75,-30.0346,-51.2177
2017-09-12,16.1,19.4,19,19.4,17.8,16.1,68,5.72,1023,6.69,110,90,-30.0346,-51.2177
2017-09-13,17.5,23.7,23,17.5,21.9,18.5,80,0,1017,8.75,90,100,-30.0346,-51.2177
2017-09-14,17.6,24.1,22.5,18.6,20.1,17.7,78,14.05,1012,5.1,60,96,-30.0346,-51.2177
2017-09-15,14.7,18.6,14.7,18.6,16.2,16.5,97,36.19,1025,5.14,170,100,-30.0346,-51.2177
2017-09-16,15.1,17.1,16.5,16,17.1,15.5,98,19.28,1022,8.23,130,100,-30.0346,-51.2177
2017-09-17,14.5,20.3,19.1,17,18.9,16.9,93,1.11,1023,5.14,180,79,-30.0346,-51.2177
2017-09-18,13.5,22,20.3,13.5,19.1,14.2,68,0,1023,5.14,100,75,-30.0346,-51.2177
2017-09-19,16,24.9,23.2,17,21.9,16.5,69,0,1020,5.14,110,76,-30.0346,-51.2177
2017-09-20,17,31.9,26.7,18.6,27.8,17,64,0,1018,2.57,60,0,-30.0346,-51.2177
2017-09-21,16.2,33.6,30.6,20,28.5,16.2,37,0,1016,3.1,310,0,-30.0346,-51.2177
2017-09-22,17.2,28.1,25.4,19.1,21.5,17.2,61,2.48,1014,5.66,160,3,-30.0346,-51.2177
2017-09-23,16.9,19.4,18.6,18.3,18.9,17.9,92,4.36,1021,4.12,160,100,-30.0346,-51.2177
2017-09-24,15.7,23.4,22.1,16.5,20,16,73,0,1023,8.75,100,75,-30.0346,-51.2177
2017-09-25,15.9,28.2,26.1,17.6,23.9,15.9,57,0,1020,3.6,120,32,-30.0346,-51.2177
2017-09-26,18.5,29.8,27.7,19.1,26.2,18.5,58,0,1016,2.57,310,0,-30.0346,-51.2177
2017-09-27,17.9,25.2,24,19.6,22.6,17.9,67,2.69,1014,4.9,213,100,-30.0346,-51.2177
2017-09-28,16.9,20.2,19.6,19.7,18.9,18,77,0,1023,8.23,120,100,-30.0346,-51.2177
2017-09-29,15.9,19,19,16.9,17,16,72,9.73,1020,3,91,100,-30.0346,-51.2177
2017-09-30,16,21.9,20,16,21.3,16,82,12.69,1007,2.1,310,75,-30.0346,-51.2177
2017-10-01,16.1,30.5,27,18.8,22.7,16.1,63,1.62,1000,4.12,340,11,-30.0346,-51.2177
2017-10-02,15.9,21.2,21.1,17.3,18.1,17.2,64,0.19,1005,9.77,280,100,-30.0346,-51.2177
2017-10-03,13.1,22.9,21.4,15,21.8,13.1,46,0,1015,4.51,297,15,-30.0346,-51.2177
2017-10-04,11.7,29.1,27.4,17.3,24.5,11.7,36,0,1016,2.7,352,40,-30.0346,-51.2177
2017-10-05,15,30.7,27.7,17.4,26.1,15.1,36,0,1011,4.63,90,87,-30.0346,-51.2177
2017-10-06,18.7,23.1,20.7,19.2,21.3,18.7,96,9.92,1015,2.3,152,99,-30.0346,-51.2177
2017-10-07,16.2,23,22.4,18.8,19,16.2,58,0,1023,6.69,110,63,-30.0346,-51.2177
2017-10-08,17,22.9,20.2,17.5,21.4,17.9,75,0.11,1017,3.6,121,69,-30.0346,-51.2177
2017-10-09,17.7,27,26.5,17.8,25,17.8,64,0.71,1009,5.66,290,100,-30.0346,-51.2177
2017-10-10,19.9,23.8,23.7,20.8,20.4,20.1,74,4.54,1013,5.7,130,90,-30.0346,-51.2177
2017-10-11,15.3,20,18.5,20,15.3,18.8,100,46.26,1011,5.33,163,100,-30.0346,-51.2177
2017-10-12,17.9,20.6,20.6,18,20,18.6,96,47.24,1011,5.66,130,100,-30.0346,-51.2177
2017-10-13,18.1,22.5,21.5,20,19,20,100,14.79,1010,2.7,269,99,-30.0346,-51.2177
2017-10-14,16.8,20,18,18,18.7,16.8,93,2.15,1019,4.12,210,94,-30.0346,-51.2177
2017-10-15,12.2,23.1,22.1,15,20.9,12.2,47,0,1023,3,117,3,-30.0346,-51.2177
2017-10-16,13.4,26,24.2,15.3,24,13.4,57,0,1020,5.14,110,49,-30.0346,-51.2177
2017-10-17,17.2,30.7,26,18.8,29.3,17.7,47,0,1016,4.12,100,100,-30.0346,-51.2177
2017-10-18,19.5,28.4,26.7,21.6,26.2,20.2,65,8.5,1012,6.17,100,100,-30.0346,-51.2177
2017-10-19,18.8,24.7,22.3,21,22,21,77,15.45,1008,11.8,240,100,-30.0346,-51.2177
2017-10-20,14.6,24.9,22.4,18.1,23.3,14.6,66,0,1017,6.17,90,85,-30.0346,-51.2177
2017-10-21,18,21.9,21.7,18.7,21.9,18,88,11.42,1010,3.6,70,75,-30.0346,-51.2177
2017-10-22,14.8,20.5,17.3,20.1,20.5,15.9,47,0.7,1019,7.72,300,10,-30.0346,-51.2177
2017-10-23,10.5,20.8,18.3,14.7,19.9,10.9,54,0,1022,4.63,160,44,-30.0346,-51.2177
2017-10-24,11.5,25.9,21.3,14.2,22.9,12.1,56,0,1019,3.09,110,12,-30.0346,-51.2177
2017-10-25,16.7,25.1,22.1,17.7,24.2,16.7,65,0,1015,5.14,110,100,-30.0346,-51.2177
2017-10-26,16.4,27.4,24.6,18.7,25,16.9,68,0,1010,1.9,91,88,-30.0346,-51.2177
2017-10-27,19.6,27,24.5,20.6,25.7,20,74,15.68,1005,8.8,290,40,-30.0346,-51.2177
2017-10-28,18,22.4,20.2,20,20.4,18,74,1.69,1007,9.77,280,100,-30.0346,-51.2177
2017-10-29,16.7,25.7,23,19,23,16.7,73,0,1014,8.23,120,100,-30.0346,-51.2177
2017-10-30,18,27,25.1,20,27,18,63,6.25,1008,6.17,170,89,-30.0346,-51.2177
2017-10-31,15.4,23.4,21.6,20.6,22.1,17.4,52,0,1017,5.66,170,22,-30.0346,-51.2177
2017-11-01,11.2,25.9,23.7,15.7,24,11.2,38,0,1019,7.2,100,0,-30.0346,-51.2177
2017-11-02,14.5,29,24.6,17.7,25.9,14.5,39,0,1017,5.66,100,0,-30.0346,-51.2177
2017-11-03,18.8,24.1,23,19.9,23.7,18.8,78,0.57,1009,6.7,34,40,-30.0346,-51.2177
2017-11-04,18,20.7,19.3,20.7,19.9,20,99,15.1,1009,5.66,140,100,-30.0346,-51.2177
2017-11-05,13.3,23.6,21.3,17.4,22,13.3,60,0,1018,5.66,120,80,-30.0346,-51.2177
2017-11-06,15.8,24.9,22.7,16.3,23,15.8,57,0.14,1019,7.2,110,75,-30.0346,-51.2177
2017-11-07,15.8,27.6,24.8,17.7,26,15.8,57,0,1015,5.66,120,17,-30.0346,-51.2177
2017-11-08,18.8,22.6,21.2,19.7,19.9,18.8,77,3.89,1013,3.6,170,68,-30.0346,-51.2177
2017-11-09,16.8,28.9,26.5,18.4,27.5,17,65,4.94,1011,4.63,90,52,-30.0346,-51.2177
2017-11-10,16.6,21.5,19,20.2,21.5,19.3,97,4.87,1012,2.5,272,100,-30.0346,-51.2177
2017-11-11,14.9,28.8,25,17,28.3,14.9,59,0,1008,9.26,270,15,-30.0346,-51.2177
2017-11-12,14.9,25.9,21.4,20.5,25.5,14.9,50,0,1009,9.26,270,0,-30.0346,-51.2177
2017-11-13,14.5,28.8,23.5,18.3,28.8,14.7,58,0,1014,3.6,280,23,-30.0346,-51.2177
2017-11-14,14.5,29.9,25.9,18.3,27.9,14.5,45,0,1016,4.53,111,0,-30.0346,-51.2177
2017-11-15,17.3,35.3,31.1,19.8,35,17.5,31,0,1008,4.42,340,0,-30.0346,-51.2177
2017-11-16,17.5,27.2,26.5,23.6,18.2,24.1,59,13.5,1010,7.2,170,99,-30.0346,-51.2177
2017-11-17,17,24.9,22,18,23.1,17.4,73,0.36,1010,4.46,111,100,-30.0346,-51.2177
2017-11-18,19.5,27,24.2,20.1,24.7,19.5,83,15.08,1006,4.38,223,100,-30.0346,-51.2177
2017-11-19,13.8,24.4,20.9,19.8,24.4,13.8,48,0.58,1013,5.66,280,29,-30.0346,-51.2177
2017-11-20,13.1,28.4,25.1,16.3,26.7,13.1,52,0,1014,4.07,138,0,-30.0346,-51.2177
2017-11-21,17,25,24.4,19.4,19.4,18.7,77,7.17,1010,6.17,140,100,-30.0346,-51.2177
2017-11-22,15,22.7,19.5,17.1,21.2,15,56,0,1015,4.12,220,54,-30.0346,-51.2177
2017-11-23,11.1,28.4,23.6,14.2,28.4,11.1,33,0,1014,3.6,100,0,-30.0346,-51.2177
2017-11-24,15.2,29.3,27.9,18.3,23.6,15.2,51,0,1013,8.23,170,0,-30.0346,-51.2177
2017-11-25,17,21.7,21.7,17.6,18.3,17.5,76,28.88,1015,5.66,130,100,-30.0346,-51.2177
2017-11-26,18,23.6,20.9,18.4,22,18,78,13.21,1010,4.63,200,90,-30.0346,-51.2177
2017-11-27,15.7,29,25,19.3,27.9,16.1,64,0,1014,2.9,132,17,-30.0346,-51.2177
2017-11-28,18.6,25,24,20.4,22.9,19,66,0.16,1020,4,128,99,-30.0346,-51.2177
2017-11-29,17.1,23.9,23.1,18.6,22.4,17.1,68,0,1017,5.2,121,100,-30.0346,-51.2177
2017-11-30,18.8,23.9,23.4,19.1,22.4,19,68,0,1014,10.29,110,98,-30.0346,-51.2177
2017-12-01,18.5,26.2,24.8,19,24.8,18.6,69,0.31,1014,8.75,100,43,-30.0346,-51.2177
2017-12-02,18.3,30.1,26.8,20.1,28.1,18.3,58,0,1013,5.66,100,21,-30.0346,-51.2177
2017-12-03,20.6,28.3,24.9,21.6,27.1,20.7,61,0,1010,4.63,130,100,-30.0346,-51.2177
2017-12-04,19.5,24.3,22,21.5,22.8,20.9,80,1.95,1013,5.94,129,100,-30.0346,-51.2177
2017-12-05,18.9,24.8,22.4,20,23.9,19,84,0.73,1018,8.23,110,99,-30.0346,-51.2177
2017-12-06,20.1,31.3,28.5,20.6,30,20.2,62,0.36,1012,4.63,100,48,-30.0346,-51.2177
2017-12-07,21.5,26.4,22.4,23.2,26.2,21.9,100,3.57,1008,5.14,50,71,-30.0346,-51.2177
2017-12-08,20.1,28.4,26.6,21.6,27,20.1,62,0,1009,3.3,129,21,-30.0346,-51.2177
2017-12-09,18.4,31.1,26.2,20.5,30,18.4,50,0,1009,2.5,84,9,-30.0346,-51.2177
2017-12-10,19.7,34.3,29.9,21.4,34,20,52,0,1003,7.2,180,5,-30.0346,-51.2177
2017-12-11,18.6,25,24.3,21.7,24.3,18.8,47,0,1013,6.69,150,75,-30.0346,-51.2177
2017-12-12,15,26,23.8,18.2,24.8,15,53,0,1017,3.9,110,2,-30.0346,-51.2177
2017-12-13,16.9,33.4,28.6,19.6,31.8,16.9,45,0,1014,5.66,120,1,-30.0346,-51.2177
2017-12-14,20.8,33.4,32.1,23,28.8,20.8,54,0.34,1011,4.1,248,100,-30.0346,-51.2177
2017-12-15,20.5,31.9,29.8,24.4,30.8,20.5,54,0,1013,8.23,110,21,-30.0346,-51.2177
2017-12-16,22,35.5,29.8,23.2,35.3,22,60,0,1010,2.6,124,3,-30.0346,-51.2177
2017-12-17,22.1,35.3,34,26,24.9,23.2,56,15.13,1007,9.26,190,100,-30.0346,-51.2177
2017-12-18,19,21.9,21.4,21.1,21.4,19.3,65,0,1021,6.17,120,100,-30.0346,-51.2177
2017-12-19,18.9,28.3,26.3,19.5,25.1,19,70,0.46,1017,6.14,118,58,-30.0346,-51.2177
2017-12-20,21.5,27,26,22,26.9,21.5,79,10.9,1013,4.63,100,99,-30.0346,-51.2177
2017-12-21,21.4,30.6,27.4,22.6,30.3,21.4,67,0.21,1011,3.7,120,65,-30.0346,-51.2177
2017-12-22,20.8,33.4,30.5,22.8,31.4,21.1,57,0,1010,4.63,90,30,-30.0346,-51.2177
2017-12-23,22.4,30.4,30.4,23.7,23.9,22.4,68,65.35,1005,4,251,57,-30.0346,-51.2177
2017-12-24,19.5,23.6,22.7,22.4,23.3,22.3,85,8.5,1012,4.63,160,100,-30.0346,-51.2177
2017-12-25,15.9,25.9,23.2,19.1,25.1,16.7,54,0,1015,6.17,90,95,-30.0346,-51.2177
2017-12-26,16.3,30.9,26.7,18.4,28.8,16.3,54,0,1013,3.6,100,0,-30.0346,-51.2177
2017-12-27,20.5,32.7,28.4,21.7,31.8,20.5,70,0.11,1013,3.24,125,20,-30.0346,-51.2177
2017-12-28,21.2,32.1,28.7,22.8,29.8,21.2,65,0,1013,5.34,112,93,-30.0346,-51.2177
2017-12-29,22.5,29.6,29.2,23.5,23.7,22.5,62,3.12,1010,4.63,130,33,-30.0346,-51.2177
2017-12-30,20.9,30.3,27.8,22.6,29.2,21,57,1.3,1008,3.3,96,18,-30.0346,-51.2177
2017-12-31,20.5,32.1,29.5,23,30.9,20.6,56,0,1007,3.8,122,0,-30.0346,-51.2177
2018-01-01,21,30.9,23.5,22.4,29.5,21,94,5.98,1007,5.14,100,100,-30.0346,-51.2177
2018-01-02,21.5,27.4,26,21.5,24.4,22,79,8.08,1002,5.66,280,75,-30.0346,-51.2177
2018-01-03,20,30.2,26.8,21.5,29.4,20.7,70,0,1006,6.69,270,14,-30.0346,-51.2177
2018-01-04,18.3,33.1,29.2,22,33,19,46,0,1011,3.09,250,0,-30.0346,-51.2177
2018-01-05,20.4,35.2,30.9,22.9,35,21.2,48,0,1010,5.14,340,0,-30.0346,-51.2177
2018-01-06,21.6,26.5,25.6,25.4,24.6,25.8,58,0,1014,8.75,200,84,-30.0346,-51.2177
2018-01-07,16.5,27.5,24.9,20.4,26,18.2,55,0,1018,5.66,110,92,-30.0346,-51.2177
2018-01-08,18.8,28,26.5,20.8,26.7,18.8,58,0,1020,10.8,100,40,-30.0346,-51.2177
2018-01-09,17.8,29.5,27.4,21,26.9,18.3,59,0,1019,8.23,110,1,-30.0346,-51.2177
2018-01-10,21.6,31.3,30.5,24,24.9,22,55,0.91,1017,5.66,90,29,-30.0346,-51.2177
2018-01-11,21.9,29.2,28.1,22.4,27.1,22.8,67,1.97,1014,7.2,110,41,-30.0346,-51.2177
2018-01-12,21.5,29.5,28,22.5,26.9,22,66,0.75,1010,7.2,120,80,-30.0346,-51.2177
2018-01-13,22,31.5,29.5,22.5,30.5,22.5,61,0.19,1006,5.14,110,32,-30.0346,-51.2177
2018-01-14,22.1,31.6,29.3,23.9,23.2,22.8,67,11.08,1007,4.12,280,96,-30.0346,-51.2177
2018-01-15,23.7,29.2,29.1,24.4,29.2,24.5,74,3.1,1006,5.66,250,94,-30.0346,-51.2177
2018-01-16,22.5,27.9,27.2,23.9,26,22.7,66,0,1015,7.2,110,80,-30.0346,-51.2177
2018-01-17,21.5,30.3,29.4,22.4,28.9,21.8,65,0.38,1012,7.72,100,54,-30.0346,-51.2177
2018-01-18,23.5,32,30,25,26,24.7,66,3.38,1009,9.77,280,40,-30.0346,-51.2177
2018-01-19,20.5,30.3,26.6,23.8,29.5,22,65,0,1015,3.2,134,21,-30.0346,-51.2177
2018-01-20,16.8,32.6,29.5,21.6,30,18.3,55,0,1014,8.23,110,0,-30.0346,-51.2177
2018-01-21,21.5,24.2,21.6,24.1,22.5,23.2,98,18.19,1011,4.12,110,98,-30.0346,-51.2177
2018-01-22,20.9,26.7,22,21.5,25.4,21,95,13.47,1008,5.66,310,98,-30.0346,-51.2177
2018-01-23,22.2,27.5,26.5,22.6,26,22.8,79,1.97,1006,5.14,310,97,-30.0346,-51.2177
2018-01-24,21.1,32,28.9,23.4,24.7,21.2,67,5.77,1009,3.3,276,100,-30.0346,-51.2177
2018-01-25,20.5,26,25.5,23.3,25,21.7,70,0.62,1015,8.23,130,87,-30.0346,-51.2177
2018-01-26,16.5,26.4,25.8,20.1,25.2,18.8,65,0,1017,10.8,100,94,-30.0346,-51.2177
2018-01-27,18.2,30,27.2,20.1,27.8,19,53,0,1012,3.6,110,24,-30.0346,-51.2177
2018-01-28,22.5,29.9,28,22.6,27.5,22.9,63,8.42,1007,3.8,320,99,-30.0346,-51.2177
2018-01-29,21.5,26.9,26.5,22.5,25.7,22,69,0,1010,5.14,150,58,-30.0346,-51.2177
2018-01-30,20.5,28.8,27.5,21.9,27,20.9,66,0,1012,9.26,100,75,-30.0346,-51.2177
2018-01-31,20.6,29,27,21.5,28,21,66,0,1014,7.72,100,75,-30.0346,-51.2177
2018-02-01,19.6,29.9,27,21.5,28,20.1,58,0,1014,6.69,100,20,-30.0346,-51.2177
2018-02-02,18.1,32,25,21.5,32,19,74,0,1012,4.12,180,20,-30.0346,-51.2177
2018-02-03,20.9,28.1,27.4,24.7,27,21.7,54,0,1012,6.17,140,75,-30.0346,-51.2177
2018-02-04,18.7,28,26.2,21,27.2,18.7,58,0,1015,7.2,110,22,-30.0346,-51.2177
2018-02-05,17.8,30,27.8,21.1,28,19,52,0,1012,7.2,110,27,-30.0346,-51.2177
2018-02-06,19,31.1,28,21.2,28.9,20,55,0,1011,8.23,110,20,-30.0346,-51.2177
2018-02-07,20,32.5,28.5,22.5,29.3,20.8,58,0,1011,7.2,120,20,-30.0346,-51.2177
2018-02-08,19.5,34.1,29.5,22,32,20.9,59,0,1009,6.69,110,4,-30.0346,-51.2177
2018-02-09,21.5,36,32.4,23.6,26.5,23,52,0,1008,6.69,80,14,-30.0346,-51.2177
2018-02-10,21.5,30.5,29,25.3,28.7,22,66,2.62,1011,5.14,180,20,-30.0346,-51.2177
2018-02-11,20,27.1,27.1,24.7,23,25,77,6.5,1010,6.7,200,98,-30.0346,-51.2177
2018-02-12,18.5,24.7,22,20,24.2,20.5,92,0.3,1016,3.6,200,43,-30.0346,-51.2177
2018-02-13,13.6,26,23.4,17.6,25.4,14.8,67,0,1021,5.66,150,30,-30.0346,-51.2177
2018-02-14,15.8,27.8,26,19.1,26.4,17.9,58,0,1023,7.2,110,75,-30.0346,-51.2177
2018-02-15,15.6,28.4,27,20.1,26.4,16.7,55,0,1022,8.75,100,3,-30.0346,-51.2177
2018-02-16,17.3,29.8,27.9,20.6,27.7,18.4,49,0,1020,6.69,110,26,-30.0346,-51.2177
2018-02-17,18.7,31,27.6,21.5,29.3,19.2,57,0,1016,3.7,125,4,-30.0346,-51.2177
2018-02-18,19.4,33.4,29.3,21.2,31.2,20.2,54,0,1011,7.2,100,25,-30.0346,-51.2177
2018-02-19,20.6,29,27.4,22.2,24.6,21.2,66,2.5,1006,6.17,80,99,-30.0346,-51.2177
2018-02-20,22,25.5,25.5,22.7,22.8,22.7,79,17.79,1001,3.6,280,98,-30.0346,-51.2177
2018-02-21,19.5,29,26.4,22,22,21.1,75,2.96,1007,6.2,290,21,-30.0346,-51.2177
2018-02-22,18,27.5,25,19.2,25.7,18,61,1.47,1012,5.66,270,40,-30.0346,-51.2177
2018-02-23,19,28,26.5,20.6,25.8,19.5,73,0.13,1016,4.63,160,64,-30.0346,-51.2177
2018-02-24,19.4,29,28.3,20.9,25.8,20,61,0,1016,5.66,130,25,-30.0346,-51.2177
2018-02-25,19.8,29.4,27.8,21.5,27.3,19.8,66,0,1015,4.63,160,12,-30.0346,-51.2177
2018-02-26,19.7,29.3,28,21.1,26.8,19.9,65,0.98,1013,4.1,136,55,-30.0346,-51.2177
2018-02-27,20.8,30,26.5,22.4,28,21.1,70,0.46,1012,6.2,100,57,-30.0346,-51.2177
2018-02-28,20.2,29.3,27.8,20.8,26.5,20.2,70,0.46,1011,5.14,120,99,-30.0346,-51.2177
2018-03-01,22.9,30.6,29.5,23.5,26.7,22.9,60,9.29,1012,3.6,160,5,-30.0346,-51.2177
2018-03-02,23,29.9,28.6,24,28.3,23.7,71,0.99,1014,4.63,170,21,-30.0346,-51.2177
2018-03-03,20.6,29.4,28.2,22.8,27.8,20.8,66,0,1013,3.5,137,56,-30.0346,-51.2177
2018-03-04,22.4,31.9,30.5,23,23.3,22.7,59,1.38,1009,3.9,125,40,-30.0346,-51.2177
2018-03-05,21,31.7,28,22,29.5,21,70,0.19,1009,4.63,280,20,-30.0346,-51.2177
2018-03-06,21.3,27.5,27.5,23,23.8,22.9,75,0,1010,8.23,180,86,-30.0346,-51.2177
2018-03-07,18,26.1,24,21.5,24,18.6,44,0,1015,4.63,230,40,-30.0346,-51.2177
2018-03-08,16.8,27.4,24.7,17.7,25,16.9,60,0,1014,5.14,150,66,-30.0346,-51.2177
2018-03-09,17,27.4,26.2,19.1,25.3,18,59,0,1011,7.2,120,95,-30.0346,-51.2177
2018-03-10,20,32.9,29.4,20.5,30.7,20,63,0,1008,2.5,131,0,-30.0346,-51.2177
2018-03-11,21.2,34.4,31.4,23.5,27.7,22,58,1.86,1006,8.75,180,19,-30.0346,-51.2177
2018-03-12,17,24.4,22,19.8,23.6,17.7,50,1.26,1012,4.63,280,40,-30.0346,-51.2177
2018-03-13,14.4,28,25,16.7,25.7,14.4,50,0.56,1012,2.7,129,16,-30.0346,-51.2177
2018-03-14,19.6,32,29.5,20.6,29.5,19.7,43,3.54,1011,6.17,90,32,-30.0346,-51.2177
2018-03-15,21.5,27,24.9,22,26.8,22,85,36.48,1006,7.72,290,100,-30.0346,-51.2177
2018-03-16,17,26.9,25,20.8,25,17.7,54,0,1014,3.6,120,20,-30.0346,-51.2177
2018-03-17,18.1,31.6,28.2,20.7,28,18.1,54,0,1011,6.17,110,21,-30.0346,-51.2177
2018-03-18,21.7,36.6,34,22.1,32.3,22.1,53,18.14,1005,5.14,360,100,-30.0346,-51.2177
2018-03-19,19.5,27.3,21.6,27.3,23.3,20.6,77,4.44,1010,3.1,136,17,-30.0346,-51.2177
2018-03-20,17.5,21,19.8,19.7,20.8,17.9,87,2.57,1013,3.6,280,99,-30.0346,-51.2177
2018-03-21,16,24.6,23,16.6,21.8,17,69,0,1016,3.6,290,75,-30.0346,-51.2177
2018-03-22,13.3,26,24.1,16.1,23,14.2,55,0.14,1013,6.17,110,12,-30.0346,-51.2177
2018-03-23,16.7,32.2,28.3,19.4,29.5,17.2,59,0.84,1009,3.6,90,39,-30.0346,-51.2177
2018-03-24,20.8,30,30,24,21,22.9,62,6,1009,6.7,180,75,-30.0346,-51.2177
2018-03-25,18.1,23.9,23.4,20.4,21.7,20.9,88,5.95,1010,8.23,270,100,-30.0346,-51.2177
2018-03-26,16.6,22,20,17.8,21.5,16.6,88,0.15,1021,4.63,150,75,-30.0346,-51.2177
2018-03-27,19.9,23,22,19.9,21,21,88,0.24,1019,7.2,110,90,-30.0346,-51.2177
2018-03-28,20.9,26.9,26,21.3,26,21.7,80,0,1016,4.12,180,99,-30.0346,-51.2177
2018-03-29,21.4,28,25.4,22.4,25.6,21.7,96,7.25,1016,4.12,120,62,-30.0346,-51.2177
2018-03-30,21.9,28.5,26.5,22.5,26,22.5,72,0.45,1014,4.12,150,51,-30.0346,-51.2177
2018-03-31,20.9,24.1,22.8,22.5,21.8,22,98,17.6,1011,2.3,88,100,-30.0346,-51.2177
2018-04-01,21,25.5,23.8,21,21.9,21.1,88,7.31,1008,3.09,310,100,-30.0346,-51.2177
2018-04-02,20.8,23,21.7,21.8,22.6,20.9,98,5.67,1009,6.69,270,98,-30.0346,-51.2177
2018-04-03,20,26,25,21,24,20,74,4.48,1012,3.6,280,75,-30.0346,-51.2177
2018-04-04,19.6,26,24.4,20.1,21.5,20,80,11.18,1011,3.6,150,62,-30.0346,-51.2177
2018-04-05,17.5,26.1,24.5,20,24,18.1,73,0.29,1012,4.12,160,79,-30.0346,-51.2177
2018-04-06,17,28,25.2,18.6,24.8,19,65,0,1013,2.57,80,27,-30.0346,-51.2177
2018-04-07,18,30,28,20,27.3,18,63,0,1013,3.6,260,8,-30.0346,-51.2177
2018-04-08,19,30,28.1,21.6,26.5,19.1,69,0,1016,3.09,100,9,-30.0346,-51.2177
2018-04-09,21.1,30.7,27.6,21.6,27.7,21.1,61,0,1016,3.5,95,9,-30.0346,-51.2177
2018-04-10,18.7,31.4,29.4,22,27.9,19.3,55,0,1014,2.9,334,91,-30.0346,-51.2177
2018-04-11,19.3,33,30.5,22.3,29.5,20.2,55,0,1015,5.66,350,37,-30.0346,-51.2177
2018-04-12,21.3,33,30.4,23.7,31.3,22.4,55,0.11,1014,6.53,179,49,-30.0346,-51.2177
2018-04-13,19.4,23.9,19.9,23.9,20.6,19.9,90,4.67,1023,6.08,170,100,-30.0346,-51.2177
2018-04-14,17.5,22.5,21.9,19,21,18.5,71,0,1026,6.07,101,100,-30.0346,-51.2177
2018-04-15,17.8,25.6,24.9,19,22.3,19,66,0,1026,8.23,100,98,-30.0346,-51.2177
2018-04-16,18,26,25.5,19,22.4,18.4,61,0,1026,9.77,100,75,-30.0346,-51.2177
2018-04-17,14,27.7,26,18.2,24.1,15,54,0,1024,3.09,130,0,-30.0346,-51.2177
2018-04-18,16.9,30.5,27,19,25.9,17,54,0,1021,3.6,319,26,-30.0346,-51.2177
2018-04-19,15.9,30.4,27.5,18.5,27.5,17.2,58,0,1019,4.12,280,76,-30.0346,-51.2177
2018-04-20,18,31.2,28.9,19.4,26.7,19.1,54,0,1016,4.5,191,98,-30.0346,-51.2177
2018-04-21,19,24,22,20.5,21,20.8,94,2.32,1018,6.17,170,75,-30.0346,-51.2177
2018-04-22,18,29.5,26.2,18.6,26.5,18.7,63,0,1014,2.57,120,18,-30.0346,-51.2177
2018-04-23,18.8,30,29.5,21,28,19.2,62,2.35,1015,4.1,80,100,-30.0346,-51.2177
2018-04-24,20,27.7,27,23,26,20,74,0.29,1018,3.6,80,99,-30.0346,-51.2177
2018-04-25,21.7,29,27,22.9,26,21.7,74,0,1019,2.57,250,68,-30.0346,-51.2177
2018-04-26,20.7,27.9,26,22.9,25.5,21.2,84,0,1019,4.63,110,75,-30.0346,-51.2177
2018-04-27,19,29,28,21.5,25.1,19,62,0,1016,5.14,80,98,-30.0346,-51.2177
2018-04-28,19.6,31.2,28.6,22,27,20.2,58,0,1017,2.1,77,1,-30.0346,-51.2177
2018-04-29,18.9,31.5,29.4,23.2,26.5,20.3,58,0,1014,2.57,80,100,-30.0346,-51.2177
2018-04-30,20.9,27,26.8,23.6,23.9,21,76,3.28,1014,5.66,250,100,-30.0346,-51.2177
2018-05-01,18.5,22.3,19.4,22.3,19,20,96,2.21,1020,4.63,110,100,-30.0346,-51.2177
2018-05-02,18.6,25,23.8,19.3,22.3,19,75,2.62,1018,6.17,100,100,-30.0346,-51.2177
2018-05-03,19.6,25,24,20.3,23.4,20,82,0.55,1014,4.63,250,94,-30.0346,-51.2177
2018-05-04,16.7,26.4,25,20.5,22.4,17.4,73,0,1016,3.09,140,6,-30.0346,-51.2177
2018-05-05,19.2,25.7,25,20.5,22.8,19.8,79,0,1020,4.12,150,75,-30.0346,-51.2177
2018-05-06,19.9,24.8,24.8,21,22,20.4,70,0.29,1023,7.2,120,98,-30.0346,-51.2177
2018-05-07,18,24,24,19.5,21.3,19.5,74,0,1024,7.7,100,75,-30.0346,-51.2177
2018-05-08,16.8,26.1,25.1,19.1,22.7,18,62,0,1020,3.6,100,94,-30.0346,-51.2177
2018-05-09,16.5,26,25.1,18.8,23,18,59,0.14,1018,2.6,338,92,-30.0346,-51.2177
2018-05-10,19,28.5,27,20.1,24.6,19.2,58,0,1013,3.6,350,100,-30.0346,-51.2177
2018-05-11,18,22.4,19.5,20.5,21,21.2,94,5.73,1010,5.66,310,90,-30.0346,-51.2177
2018-05-12,14.9,22.8,20.4,19,19.6,16.2,68,0,1016,5.66,280,74,-30.0346,-51.2177
2018-05-13,11.7,21.1,19.9,14.5,16.9,13,63,0,1019,2.57,210,75,-30.0346,-51.2177
2018-05-14,11.5,25,23,13.7,20.6,12.6,65,0,1017,3.09,90,44,-30.0346,-51.2177
2018-05-15,14.7,21,19.8,15,19.4,15.5,83,0.12,1012,3.09,280,100,-30.0346,-51.2177
2018-05-16,12,20,20,18.8,15.9,17.7,37,1.38,1019,3.09,180,75,-30.0346,-51.2177
2018-05-17,8,20.7,19,11.1,18.3,10,64,0,1019,5.66,140,20,-30.0346,-51.2177
2018-05-18,15,18,16,17.3,15.7,15.7,100,23.22,1014,5.66,140,75,-30.0346,-51.2177
2018-05-19,12.8,15.8,14,15.8,12.8,15,97,11.15,1011,8.23,280,100,-30.0346,-51.2177
2018-05-20,10.5,15,13.9,12.8,13.8,11,79,0,1014,6.69,280,100,-30.0346,-51.2177
2018-05-21,10.5,18,16.4,13,15.8,11,74,0,1018,5.14,280,38,-30.0346,-51.2177
2018-05-22,9.2,18,14.7,12.6,14.6,10.1,85,0,1020,5.66,290,32,-30.0346,-51.2177
2018-05-23,7.4,16.7,14.1,10.8,13.2,8,75,0,1024,3.4,245,0,-30.0346,-51.2177
2018-05-24,5.8,18,13.6,7.3,12.8,7,71,0,1026,2.57,260,5,-30.0346,-51.2177
2018-05-25,3.3,19.6,16,6.7,15.9,6.4,77,0,1025,3.1,94,0,-30.0346,-51.2177
2018-05-26,8,24,20.6,10.8,19.9,9.3,62,0,1020,3.09,90,0,-30.0346,-51.2177
2018-05-27,10.5,26.9,24.3,13,22,11,61,0,1021,3.09,350,37,-30.0346,-51.2177
2018-05-28,13,28.9,25.4,16.4,21.5,14,57,0,1021,3.6,100,0,-30.0346,-51.2177
2018-05-29,11,27.5,25.7,16.2,20.8,13,51,0,1020,4.12,360,53,-30.0346,-51.2177
2018-05-30,13,27.8,25.4,14.5,20,14.5,50,0,1017,5.14,340,89,-30.0346,-51.2177
2018-05-31,12.6,24,24,14.6,19.3,13.6,69,2.81,1014,3.6,250,100,-30.0346,-51.2177
2018-06-01,15.9,22.9,22.9,18.4,18.4,17,76,14.39,1011,4.12,190,94,-30.0346,-51.2177
2018-06-02,10,16,14.3,16,14,13.7,75,1.2,1020,5.66,270,77,-30.0346,-51.2177
2018-06-03,7.6,14.1,11.5,9,12.6,8,82,0,1029,4.12,280,81,-30.0346,-51.2177
2018-06-04,11.4,20,18.1,12,17.5,11.4,73,1.68,1026,5.66,120,55,-30.0346,-51.2177
2018-06-05,12.8,16,15,14.8,13.6,14.1,85,0.31,1017,6.69,270,100,-30.0346,-51.2177
2018-06-06,9,15.4,13.1,12.8,12.4,12,84,0,1016,5.14,270,85,-30.0346,-51.2177
2018-06-07,7.6,16.3,14,8.1,13.6,8,67,0,1017,5.47,289,0,-30.0346,-51.2177
2018-06-08,7.2,17,14,9.5,13,7.2,62,0,1019,5.66,300,0,-30.0346,-51.2177
2018-06-09,4,21.5,17,6.8,17.6,4.6,63,0,1019,2.75,97,0,-30.0346,-51.2177
2018-06-10,12.8,19.9,18.3,12.8,19.7,14.2,99,8.84,1009,3.09,100,96,-30.0346,-51.2177
2018-06-11,18.9,29.2,26,21.5,24.2,21.2,74,30.27,1003,6.7,323,75,-30.0346,-51.2177
2018-06-12,15.7,21.4,16.9,21.4,17.6,16.7,97,5.32,1008,4.63,300,77,-30.0346,-51.2177
2018-06-13,8,15.9,11.5,15.9,11.4,10,71,0,1022,11.32,270,75,-30.0346,-51.2177
2018-06-14,6,12.6,12,8.1,10.1,6.1,71,0,1028,4.63,280,40,-30.0346,-51.2177
2018-06-15,4.5,12,10,7.5,9,6,76,0,1031,3.6,300,40,-30.0346,-51.2177
2018-06-16,2,12.8,10.5,5.3,7.6,3.2,82,0,1032,2.57,260,20,-30.0346,-51.2177
2018-06-17,2,15,12,3,11,3.6,62,0,1029,2.06,270,15,-30.0346,-51.2177
2018-06-18,5.7,18,15.5,6.9,12.5,7.1,72,0,1028,2.4,131,97,-30.0346,-51.2177
2018-06-19,7.3,20.7,14.4,7.9,15.2,10,70,0,1023,2.1,326,27,-30.0346,-51.2177
2018-06-20,7.9,23.9,19.6,11.1,17.8,9.4,64,0,1021,2.39,334,53,-30.0346,-51.2177
2018-06-21,10,27,21.4,12.3,20.7,11.3,64,3.61,1015,8.23,300,1,-30.0346,-51.2177
2018-06-22,7.9,17.2,15,17.1,13.4,10.5,55,0,1019,1.9,162,11,-30.0346,-51.2177
2018-06-23,8.5,26.1,21.2,8.5,19.4,10.2,67,8.31,1010,3.49,322,53,-30.0346,-51.2177
2018-06-24,10.8,13,12.7,12.7,11.8,10.9,91,18.19,1021,4.12,150,86,-30.0346,-51.2177
2018-06-25,8.4,12.5,12,11.3,11.8,11.9,100,15.93,1014,4.12,280,100,-30.0346,-51.2177
2018-06-26,9,14.1,13.2,11.9,13,11,78,0,1017,4.12,310,77,-30.0346,-51.2177
2018-06-27,11,17,13,11,14.4,11,100,0,1018,2.06,170,90,-30.0346,-51.2177
2018-06-28,11.8,16.4,16,12.8,14.9,12.1,90,4.91,1017,2.8,259,100,-30.0346,-51.2177
2018-06-29,15.1,18.3,17.9,15.8,16.8,15.1,95,10.65,1016,3.09,270,100,-30.0346,-51.2177
2018-06-30,14,17.3,15.6,15,17,14,99,0,1016,2.57,100,89,-30.0346,-51.2177
2018-07-01,14,22.2,19.3,15.9,19.5,14.7,79,0,1012,2.86,101,24,-30.0346,-51.2177
2018-07-02,14,19.4,18,16.4,16,15.3,88,0.6,1012,5.66,140,90,-30.0346,-51.2177
2018-07-03,9.5,14,12.6,14,11,12,68,0,1024,5.14,200,100,-30.0346,-51.2177
2018-07-04,8.5,13,12,9.5,11,9,82,2.28,1021,4.63,110,75,-30.0346,-51.2177
2018-07-05,11,13,13,11,13,12,100,1.5,1019,2.98,123,90,-30.0346,-51.2177
2018-07-06,13,16.3,16,13,15.8,13,100,0,1020,7.2,120,90,-30.0346,-51.2177
2018-07-07,14.9,21.3,20.1,15.5,19,15,81,1.03,1009,4.12,270,74,-30.0346,-51.2177
2018-07-08,12,17,13.3,17,14,12.1,82,0.11,1018,11.32,290,75,-30.0346,-51.2177
2018-07-09,11,12.7,12,12,12,11.8,100,9.2,1025,6.17,230,90,-30.0346,-51.2177
2018-07-10,11.1,16.1,15,11.5,12.8,11.7,82,0.6,1029,5.14,200,40,-30.0346,-51.2177
2018-07-11,8.5,16,14,11.1,12.5,11.1,88,0,1028,3.09,250,75,-30.0346,-51.2177
2018-07-12,8.7,17.3,14.2,8.7,13.7,9.9,68,0,1023,2.57,260,98,-30.0346,-51.2177
2018-07-13,5.5,19.4,15.2,10,13.8,7,61,0,1020,3.09,290,26,-30.0346,-51.2177
2018-07-14,7,25.4,21.4,10.9,20.9,10,56,0,1015,2.34,18,7,-30.0346,-51.2177
2018-07-15,13.5,28.9,26.1,14,23,13.7,54,3.37,1012,4.12,290,31,-30.0346,-51.2177
2018-07-16,13.9,17,14.9,17,16,14.7,96,18.07,1022,6.17,120,100,-30.0346,-51.2177
2018-07-17,16.4,19,18.7,16.4,18,16.9,100,28.79,1019,7.72,100,100,-30.0346,-51.2177
2018-07-18,16.7,25.7,25,17.9,21.7,17.9,65,0,1017,5.14,100,7,-30.0346,-51.2177
2018-07-19,13.5,30,27.4,15.4,24.1,15.4,52,0,1013,2.86,352,3,-30.0346,-51.2177
2018-07-20,12,28.4,28.4,17.9,15.8,18.7,51,9.89,1007,7.72,280,98,-30.0346,-51.2177
2018-07-21,6.7,14,12.4,11.8,12,9.7,58,0,1023,11.32,290,0,-30.0346,-51.2177
2018-07-22,5.4,19,16.6,6.2,15.9,6.2,56,0,1020,2.71,120,100,-30.0346,-51.2177
2018-07-23,11.4,16.3,16,14,11.8,13.9,82,5.89,1023,5.66,180,75,-30.0346,-51.2177
2018-07-24,10.7,15,13,12,13.8,12,91,10.24,1030,5.29,107,100,-30.0346,-51.2177
2018-07-25,13.9,16,14.9,14,15.8,14.7,97,28.89,1026,7.72,100,100,-30.0346,-51.2177
2018-07-26,14.9,19.8,19.1,15,15.8,15.1,86,17.92,1020,3.09,300,62,-30.0346,-51.2177
2018-07-27,11.7,15.2,15,15,15,13,73,0,1019,3.1,327,100,-30.0346,-51.2177
2018-07-28,12.5,17,16,12.5,16.8,13.7,93,3.49,1013,5.66,280,83,-30.0346,-51.2177
2018-07-29,12,17.4,16.4,13.9,14.9,12.1,63,0.24,1013,5,308,77,-30.0346,-51.2177
2018-07-30,9.6,17.3,16.1,14.2,15.4,12.2,59,0,1018,3.1,240,85,-30.0346,-51.2177
2018-07-31,8.6,15.6,15,9.4,12.3,10.2,69,0,1022,3.32,142,100,-30.0346,-51.2177
2018-08-01,6.7,15,14.2,8.5,11.8,8.9,57,0,1024,4.63,110,80,-30.0346,-51.2177
2018-08-02,5.4,21,18.5,9.1,17,6.4,59,0,1021,5.14,110,57,-30.0346,-51.2177
2018-08-03,12.3,22.2,19.2,12.5,19.5,13.1,69,0,1016,3.6,90,92,-30.0346,-51.2177
2018-08-04,13.4,22,19.9,13.6,18,14.9,78,0.89,1014,6.69,250,95,-30.0346,-51.2177
2018-08-05,10,18,15.3,12.5,15.9,10.2,73,0,1018,5.66,290,61,-30.0346,-51.2177
2018-08-06,7,19.1,15.9,10,15.6,8,72,0,1023,2.3,265,4,-30.0346,-51.2177
2018-08-07,7.5,22.5,19.4,10.1,17.5,10,52,0,1020,5.14,100,0,-30.0346,-51.2177
2018-08-08,10.5,16,13.9,12.2,15.5,11.5,94,1.15,1018,5.66,270,99,-30.0346,-51.2177
2018-08-09,10.4,13.9,10.7,13.9,10.7,11.1,96,4.97,1014,10.8,290,99,-30.0346,-51.2177
2018-08-10,9,10.9,10.7,10.9,10.7,9,72,0.19,1017,10.8,290,100,-30.0346,-51.2177
2018-08-11,9.9,15,12.9,10.6,13.8,10.7,91,0.11,1022,3.6,290,100,-30.0346,-51.2177
2018-08-12,12.9,19.8,16.9,13,17.5,12.9,85,0.3,1023,4.63,130,68,-30.0346,-51.2177
2018-08-13,9.5,24,15.8,14.4,19.9,10.1,94,0,1019,2,99,40,-30.0346,-51.2177
2018-08-14,10.6,24.8,20.3,12.6,18,11,64,0,1017,8.23,180,44,-30.0346,-51.2177
2018-08-15,9.6,17,15.7,15,13.6,13.7,70,0,1025,3.09,100,66,-30.0346,-51.2177
2018-08-16,7.7,20.1,16.2,9.1,16.8,7.9,79,0,1027,8.23,100,37,-30.0346,-51.2177
2018-08-17,8.7,24,21.4,12.7,18.8,10.8,56,0,1026,3.09,110,0,-30.0346,-51.2177
2018-08-18,8.5,25,22.3,13.2,21,10.4,53,0,1021,3.6,340,3,-30.0346,-51.2177
2018-08-19,9.7,26,23.2,13,15,10.6,59,1.24,1017,7.72,180,26,-30.0346,-51.2177
2018-08-20,8.9,11.8,9.9,11.8,8.9,9.7,90,11.15,1026,5.14,220,100,-30.0346,-51.2177
2018-08-21,8.8,13,12.7,8.9,12,8.9,71,7.27,1026,3.6,290,74,-30.0346,-51.2177
2018-08-22,10.1,15,13,10.1,13.7,11.8,100,7.94,1021,5.14,280,90,-30.0346,-51.2177
2018-08-23,10.7,20,16.2,11.4,17.8,10.8,68,0,1017,3.83,114,5,-30.0346,-51.2177
2018-08-24,13.9,20.6,19.7,15,17.7,13.9,91,5.52,1007,6.93,282,100,-30.0346,-51.2177
2018-08-25,9.2,14.8,14,13.8,13,11,67,0.3,1021,10.8,290,40,-30.0346,-51.2177
2018-08-26,5,15,12.5,8.2,12.7,5.2,44,0,1028,4.63,280,0,-30.0346,-51.2177
2018-08-27,4,20.1,17.3,4.7,16.8,4,40,0,1025,4.63,120,0,-30.0346,-51.2177
2018-08-28,5,24,17.2,10.7,20.4,6.2,57,0,1021,2.41,111,0,-30.0346,-51.2177
2018-08-29,9.8,28.9,26.2,12,24.9,11.1,47,0,1017,3.6,70,41,-30.0346,-51.2177
2018-08-30,14.7,23.4,23,17.6,20.6,15.7,73,3.32,1014,4.12,170,20,-30.0346,-51.2177
2018-08-31,16.9,18.6,17.9,17.9,17.8,17.7,100,37.92,1015,5.14,80,100,-30.0346,-51.2177
2018-09-01,16.8,18.7,17.5,16.9,17.8,16.8,99,20.4,1014,9.26,100,100,-30.0346,-51.2177
2018-09-02,16.9,20.4,20.4,17.9,18.8,17,82,13.57,1012,2.9,271,100,-30.0346,-51.2177
2018-09-03,15,17.6,16.9,17,16.7,16.7,100,5.3,1014,5.14,200,100,-30.0346,-51.2177
2018-09-04,12.6,19.3,18.1,14.8,16.7,13.8,72,0.24,1018,5.66,220,36,-30.0346,-51.2177
2018-09-05,9,21,19.1,12.2,17.8,10.6,55,0,1023,4.63,100,20,-30.0346,-51.2177
2018-09-06,9.2,25.4,23,12,22.4,10,52,0,1020,2.57,90,0,-30.0346,-51.2177
2018-09-07,11.1,26.5,23,14,22.5,11.8,53,0,1021,4.12,120,0,-30.0346,-51.2177
2018-09-08,11.2,24.4,24,16.1,19.7,12,47,0,1020,4.63,150,0,-30.0346,-51.2177
2018-09-09,14.8,23.2,21,15.6,19.8,15.7,78,0,1022,6.69,110,75,-30.0346,-51.2177
2018-09-10,16.8,22.3,22.1,17.8,17.8,16.8,67,0,1020,7.2,120,78,-30.0346,-51.2177
2018-09-11,14.3,20,19,16.4,17,14.5,68,0,1022,8.23,120,95,-30.0346,-51.2177
2018-09-12,14.7,24.5,23.5,14.9,19.6,14.7,62,0,1018,9.26,110,21,-30.0346,-51.2177
2018-09-13,13.7,25.8,24.1,15.7,21.9,14,55,0,1014,4.63,120,100,-30.0346,-51.2177
2018-09-14,17.6,19.8,19,18.7,18.4,17.9,93,16.99,1013,5.66,110,100,-30.0346,-51.2177
2018-09-15,16,22,19,17.3,20,16.7,94,8.14,1014,8.75,90,75,-30.0346,-51.2177
2018-09-16,17,24,23,18,20,17,73,0,1015,9.26,100,40,-30.0346,-51.2177
2018-09-17,18,24.5,23,18.5,20,18,78,0.62,1012,10.29,100,20,-30.0346,-51.2177
2018-09-18,17,24.1,21,18,22,18,78,0.36,1010,4.12,300,75,-30.0346,-51.2177
2018-09-19,15,29,27.5,17,26.9,16,58,0,1011,6.69,310,0,-30.0346,-51.2177
2018-09-20,17,21,21,18.5,20,18,69,0,1018,8.75,110,75,-30.0346,-51.2177
2018-09-21,17.5,26.5,23,17.5,25.4,18,78,0,1015,4.12,110,20,-30.0346,-51.2177
2018-09-22,17,33,30,20,28.7,17,52,0,1013,4.63,90,0,-30.0346,-51.2177
2018-09-23,18.9,22.2,20.7,20,21,20,96,3.96,1013,12.86,180,77,-30.0346,-51.2177
2018-09-24,19,22,21,21,20.6,19,88,0,1017,6.69,70,75,-30.0346,-51.2177
2018-09-25,17.6,22,22,19,19.7,18,78,3.58,1014,10.29,110,75,-30.0346,-51.2177
2018-09-26,18.6,25.5,25,20,24,19,74,0,1012,3.09,220,20,-30.0346,-51.2177
2018-09-27,20,24.5,21.5,21,23,20,88,0.3,1014,6.17,120,90,-30.0346,-51.2177
2018-09-28,19.7,25.5,24,20,22,20,78,0,1016,9.26,100,40,-30.0346,-51.2177
2018-09-29,19,32,28.6,20,27,19,58,0,1009,10.29,180,0,-30.0346,-51.2177
2018-09-30,18.8,25,24.5,21.5,22.5,18.8,69,11.13,1009,6.17,280,75,-30.0346,-51.2177
2018-10-01,18,26.5,21.9,21,22,18.3,78,3.06,1010,6.69,210,75,-30.0346,-51.2177
2018-10-02,16,17.7,17,17,16,16.7,88,8.1,1016,4.63,210,90,-30.0346,-51.2177
2018-10-03,15.7,18.6,18.5,16,17,16,94,2.4,1017,6.17,180,90,-30.0346,-51.2177
2018-10-04,12,22.5,21,14.5,21.6,12,60,0,1021,5.66,170,40,-30.0346,-51.2177
2018-10-05,12,21,19.5,15.4,16.7,12,32,0,1023,4.12,140,20,-30.0346,-51.2177
2018-10-06,9,21.5,20,12,19,9,49,0,1020,7.72,120,95,-30.0346,-51.2177
2018-10-07,14,28,25.2,15.5,25,15,54,0,1014,5.66,100,59,-30.0346,-51.2177
2018-10-08,18,30.5,28,18.5,26.9,18,55,0.52,1011,5.14,80,13,-30.0346,-51.2177
2018-10-09,20,28.4,28,20.8,21,21,66,0.46,1010,8.75,180,75,-30.0346,-51.2177
2018-10-10,18,23.5,22.5,19.9,19.9,20,69,0,1017,5.66,170,100,-30.0346,-51.2177
2018-10-11,16,22,21,18,18.7,16,60,0,1022,10.29,100,75,-30.0346,-51.2177
2018-10-12,17,27,25,18,22.7,17,57,2.61,1012,6.69,90,92,-30.0346,-51.2177
2018-10-13,15.4,20,20,19.9,18,19,73,0.72,1016,5.66,200,75,-30.0346,-51.2177
2018-10-14,14,22.5,21.5,14.5,20,15,70,0,1016,6.69,130,83,-30.0346,-51.2177
2018-10-15,15,26.5,24,16.7,23,15,65,0,1013,7.72,110,40,-30.0346,-51.2177
2018-10-16,16,29,27.1,16.7,25.5,16,52,0,1010,5.14,130,11,-30.0346,-51.2177
2018-10-17,18.2,30,29,19.5,27,18.2,58,0,1010,5.66,90,90,-30.0346,-51.2177
2018-10-18,20,26,25.3,22,23.4,20,74,2.27,1011,3.6,290,75,-30.0346,-51.2177
2018-10-19,16.9,24.8,24,21.5,21,19.8,54,0,1019,7.2,140,75,-30.0346,-51.2177
2018-10-20,15,22,21.5,16,20,16,46,0,1022,6.69,140,75,-30.0346,-51.2177
2018-10-21,13,25,23,14.5,22,14,53,0,1018,7.72,120,40,-30.0346,-51.2177
2018-10-22,15,29.5,26.9,16,27,15.2,53,0,1012,4.12,330,22,-30.0346,-51.2177
2018-10-23,18.4,24,24,21.5,20.5,20,65,2.02,1018,7.72,130,75,-30.0346,-51.2177
2018-10-24,16.6,23.8,22.9,17.5,20,16.6,59,0,1017,9.77,110,98,-30.0346,-51.2177
2018-10-25,18,28,26.4,19,25.3,18,53,0,1014,5.14,90,35,-30.0346,-51.2177
2018-10-26,18.3,26.4,25,21,20.7,18.3,69,12.25,1011,3.09,160,75,-30.0346,-51.2177
2018-10-27,15.9,22.2,21.5,20,19.8,18,66,3.54,1010,6.17,270,38,-30.0346,-51.2177
2018-10-28,14,23.6,22.4,15.9,20.8,14,57,0,1016,5.14,110,91,-30.0346,-51.2177
2018-10-29,15.2,25.7,24.5,16.1,22.5,16.9,54,0.24,1014,8.75,110,40,-30.0346,-51.2177
2018-10-30,17,32.1,29,18,29,17,52,0,1012,6.69,90,0,-30.0346,-51.2177
2018-10-31,20,25.5,23.9,22.5,24,21,77,4.35,1009,7.2,350,100,-30.0346,-51.2177
2018-11-01,16,22,21.7,19,19.8,19,72,2.45,1015,5.66,150,100,-30.0346,-51.2177
2018-11-02,13,26,23.5,15.9,23.6,13.6,38,0,1014,5.14,110,17,-30.0346,-51.2177
2018-11-03,18,21,20.8,19,19.9,19.9,93,16.34,1008,4.12,300,100,-30.0346,-51.2177
2018-11-04,15,25,24,17,23,15.1,47,0,1016,5.66,150,75,-30.0346,-51.2177
2018-11-05,16.5,29,25.5,17.9,27,16.9,57,0,1016,6.17,110,20,-30.0346,-51.2177
2018-11-06,17.2,28.5,26.5,19.8,25.1,17.8,58,0,1015,5.14,170,98,-30.0346,-51.2177
2018-11-07,19,25.5,23.4,21,23.9,20.8,82,0,1022,8.23,110,100,-30.0346,-51.2177
2018-11-08,18,27.2,25.6,19,24.9,18,48,0,1021,9.26,90,13,-30.0346,-51.2177
2018-11-09,16.3,31.1,26.5,19.2,28.9,16.3,51,0,1018,3.09,80,0,-30.0346,-51.2177
2018-11-10,18,33,29.8,20.7,32.3,19,51,0,1010,6.69,100,12,-30.0346,-51.2177
2018-11-11,20.6,34.1,29.4,22.5,33.4,20.6,55,0,1010,3.6,100,67,-30.0346,-51.2177
2018-11-12,20.9,34,30.5,23.2,29,20.9,47,0,1011,7.2,120,100,-30.0346,-51.2177
2018-11-13,21.9,34,32,22.9,33,22,46,1.77,1007,6.17,10,100,-30.0346,-51.2177
2018-11-14,21.5,26.8,24.2,25.6,25,22.7,87,18.16,1004,9.77,290,100,-30.0346,-51.2177
2018-11-15,17.3,29,25.2,20.4,28.4,18,54,0,1011,3.1,231,1,-30.0346,-51.2177
2018-11-16,15.9,29,28,19.4,27.5,17.1,40,0,1018,8.23,130,0,-30.0346,-51.2177
2018-11-17,18,29,28.5,21,28,19,42,1.38,1011,7.2,100,100,-30.0346,-51.2177
2018-11-18,18.8,23.7,22,21,23.5,21.1,78,9.37,1012,4.63,180,90,-30.0346,-51.2177
2018-11-19,13.9,25,20.3,18,24.5,14.1,59,0,1021,6.69,100,29,-30.0346,-51.2177
2018-11-20,13,28,24,16,26.5,13,54,0,1020,6.69,100,0,-30.0346,-51.2177
2018-11-21,14.5,31,27,16,28.5,15,51,0,1017,7.72,100,0,-30.0346,-51.2177
2018-11-22,17,32.5,29,19.5,30,18,45,0,1013,6.69,90,6,-30.0346,-51.2177
2018-11-23,20,32.3,31,22.2,29,20,52,0.74,1007,5.66,130,100,-30.0346,-51.2177
2018-11-24,20.7,23.1,21.4,21,23,21,98,29.99,1001,4.63,230,100,-30.0346,-51.2177
2018-11-25,18.2,26.5,22.5,21.7,25.2,18.7,67,0,1015,3.6,170,16,-30.0346,-51.2177
2018-11-26,14.5,25.4,23.6,17.2,23.8,14.5,52,0,1020,4.2,136,4,-30.0346,-51.2177
2018-11-27,17.9,26,25,18.5,23.8,18,65,0.17,1017,8.23,100,41,-30.0346,-51.2177
2018-11-28,19.5,25.7,24.9,20.4,25.5,19.8,70,3.37,1014,3.6,90,95,-30.0346,-51.2177
2018-11-29,20.1,31,28.1,21.5,31,20.2,65,0.14,1010,4.12,290,40,-30.0346,-51.2177
2018-11-30,22,28,24.1,24.2,23.8,22.7,82,6.64,1006,2.57,280,73,-30.0346,-51.2177
2018-12-01,20.9,27.4,27.4,22,22.1,20.9,71,15.65,1006,3.09,170,62,-30.0346,-51.2177
2018-12-02,16.1,22.2,20,18.8,20.9,16.1,73,0,1016,5.14,270,75,-30.0346,-51.2177
2018-12-03,13.9,24,20.7,15.8,23.9,14.5,52,0,1013,6.17,280,17,-30.0346,-51.2177
2018-12-04,13.8,28,24.2,17.7,28,13.9,43,0,1006,7.2,290,0,-30.0346,-51.2177
2018-12-05,18,26.3,23.2,19.7,24.3,18.7,55,0,1010,5.14,170,1,-30.0346,-51.2177
2018-12-06,17,24.4,22.4,18.9,22,17.7,57,0,1017,6.69,170,98,-30.0346,-51.2177
2018-12-07,15.7,22.4,21,18.4,21.1,15.7,43,0,1021,4.12,180,75,-30.0346,-51.2177
2018-12-08,13,25.3,22,15.1,25.3,13.4,43,0,1022,8.23,100,20,-30.0346,-51.2177
2018-12-09,14.5,31.4,25.8,16.2,29.5,14.7,46,0,1017,3.6,100,92,-30.0346,-51.2177
2018-12-10,18.4,33.3,29.9,19.9,33.1,18.4,49,0,1016,4.12,110,26,-30.0346,-51.2177
2018-12-11,20.4,37.2,33.5,24.2,34,22,42,0,1013,4.63,100,3,-30.0346,-51.2177
2018-12-12,23.5,29.6,28,25.6,28.9,24.8,61,0,1013,5.14,290,100,-30.0346,-51.2177
2018-12-13,22,30.4,29,24,26.8,22.5,66,0,1012,11.32,90,91,-30.0346,-51.2177
2018-12-14,22.7,35.9,33.9,23.1,23.9,22.8,54,0.36,1008,5.1,196,100,-30.0346,-51.2177
2018-12-15,21.8,29.4,27.2,22,24,22.6,67,0.32,1016,5.66,110,100,-30.0346,-51.2177
2018-12-16,21.9,32.5,29.3,22.3,32.4,21.9,67,0,1015,4.63,90,100,-30.0346,-51.2177
2018-12-17,23.4,36.5,34.4,25,27.7,23.8,54,0.54,1008,4.4,317,71,-30.0346,-51.2177
2018-12-18,21.8,26.3,26.3,23.5,22.5,22.7,71,4.16,1015,5.66,180,100,-30.0346,-51.2177
2018-12-19,21.2,29.1,27.4,21.9,25.9,21.6,76,0,1013,5.66,120,100,-30.0346,-51.2177
2018-12-20,21.7,28.5,25.3,23,22.9,22.8,83,9.02,1010,4.3,351,100,-30.0346,-51.2177
2018-12-21,21.6,27.4,22,22,27.4,21.6,94,6.58,1008,6.17,320,100,-30.0346,-51.2177
2018-12-22,21.2,31.1,27.9,24,31.1,21.2,70,0.41,1009,3.8,268,39,-30.0346,-51.2177
2018-12-23,20.9,29,27.9,22.6,26.3,20.9,68,1.66,1013,3.4,152,64,-30.0346,-51.2177
2018-12-24,19.1,28.8,26.9,21.1,26.6,20,58,0,1015,4,136,44,-30.0346,-51.2177
2018-12-25,19.1,29.9,28.2,20.6,26.7,19.6,59,0.11,1014,8.75,100,12,-30.0346,-51.2177
2018-12-26,21.9,30.8,29.2,22.6,28.8,21.9,58,3.28,1011,4,124,6,-30.0346,-51.2177
2018-12-27,20.7,32.8,29.6,22.8,31.7,20.9,52,0,1009,4.63,90,9,-30.0346,-51.2177
2018-12-28,21.7,35,31.7,23.6,34,21.9,55,0,1009,5.14,150,6,-30.0346,-51.2177
2018-12-29,21.5,35.1,31.6,24.4,32.9,21.6,49,0,1008,3.4,102,10,-30.0346,-51.2177
2018-12-30,22.7,36.8,32.9,24.2,31.7,23,61,0,1007,5.14,140,40,-30.0346,-51.2177
2018-12-31,24.6,31,27.9,28.9,29.6,25,73,0,1012,5.14,180,86,-30.0346,-51.2177
2019-01-01,24.1,35.7,32.1,25,33,24.2,53,0,1012,3.8,121,94,-30.0346,-51.2177
2019-01-02,24.1,38.3,34.6,25.5,37.9,24.6,52,0,1009,3.6,100,16,-30.0346,-51.2177
2019-01-03,21.4,30.5,24.8,30.2,25,28,95,17.61,1006,4.12,200,99,-30.0346,-51.2177
2019-01-04,19.9,24.3,24.3,21.3,23.7,20.9,73,0.83,1013,5.14,120,100,-30.0346,-51.2177
2019-01-05,20.8,28,25,21.1,27.4,20.8,74,0,1014,7.2,90,100,-30.0346,-51.2177
2019-01-06,20.9,35.2,31.7,21.5,31.8,21.2,57,0.48,1010,3.5,333,93,-30.0346,-51.2177
2019-01-07,25.1,35,32.5,26.3,29,25.8,58,4.62,1002,6.7,327,100,-30.0346,-51.2177
2019-01-08,22.4,31.6,29.1,25.5,30.1,23.1,63,1.07,1013,3.6,300,85,-30.0346,-51.2177
2019-01-09,24,28.2,26,25.5,28,24.5,79,1.25,1012,8.23,280,75,-30.0346,-51.2177
2019-01-10,23.8,29.5,29.5,25.2,26.9,24,74,4.48,1010,4.63,250,100,-30.0346,-51.2177
2019-01-11,23,26,24.5,26,23.9,23.7,91,0,1017,5.14,100,100,-30.0346,-51.2177
2019-01-12,22.1,26.5,25.5,23.1,24.9,22.1,78,3.86,1016,6.69,110,100,-30.0346,-51.2177
2019-01-13,21.7,34.1,31,23.6,32.4,22.7,59,1.18,1014,3.6,100,91,-30.0346,-51.2177
2019-01-14,22.9,32.6,29.8,24.9,32.1,22.9,73,0.53,1012,7.2,250,100,-30.0346,-51.2177
2019-01-15,24,34.8,32.3,24.7,34.8,24.6,61,4.81,1010,4.63,80,97,-30.0346,-51.2177
2019-01-16,23.3,31.9,31.5,24.4,30.2,24,70,5.6,1008,8.23,300,77,-30.0346,-51.2177
2019-01-17,22.4,27.8,26.3,27.8,26,25.1,93,5.48,1013,5.14,140,100,-30.0346,-51.2177
2019-01-18,22,28.6,26.4,22.3,27.7,22.5,82,12.44,1012,4.12,90,100,-30.0346,-51.2177
2019-01-19,20.1,24.4,21.2,24.4,21.3,22.8,90,2.78,1016,5.66,130,87,-30.0346,-51.2177
2019-01-20,19.8,27.5,25.3,20.2,25.6,20.1,70,3.08,1017,6.69,120,75,-30.0346,-51.2177
2019-01-21,21.7,29.5,25.9,22,28.8,21.7,76,0.19,1014,5.14,110,99,-30.0346,-51.2177
2019-01-22,20.8,33.6,30.6,22.7,33.1,20.8,53,0,1015,5.14,110,0,-30.0346,-51.2177
2019-01-23,22.3,34.5,32.4,23.7,33.5,22.8,66,0,1014,6.69,130,100,-30.0346,-51.2177
2019-01-24,24.9,30.8,30.4,26.1,29.1,25,74,0.8,1015,6.69,130,27,-30.0346,-51.2177
2019-01-25,21.5,31.7,29.9,24.6,30,21.8,57,0,1015,9.26,100,2,-30.0346,-51.2177
2019-01-26,22.8,34.8,32.1,25,33.8,23.1,53,0,1013,5.14,100,67,-30.0346,-51.2177
2019-01-27,21.7,35,31.8,24.4,34.5,22.1,56,0,1013,5.14,100,95,-30.0346,-51.2177
2019-01-28,23.5,36.4,33.6,26.3,35.5,23.6,55,0.12,1013,3.7,331,14,-30.0346,-51.2177
2019-01-29,24.7,37.6,35.1,27.3,29.2,24.7,53,2.91,1013,3.7,264,4,-30.0346,-51.2177
2019-01-30,24.7,38,34.6,26.5,37.6,25.5,58,0,1010,7.2,290,76,-30.0346,-51.2177
2019-01-31,24.3,36.3,33.7,28,25,25.4,56,16.73,1011,4.1,148,12,-30.0346,-51.2177
2019-02-01,23.1,35.4,31.5,24.5,25.6,23.1,66,2.53,1012,3.1,155,3,-30.0346,-51.2177
2019-02-02,23.1,28.5,27.7,24.2,27.4,23.2,89,27.05,1014,3.09,280,80,-30.0346,-51.2177
2019-02-03,20.5,24.8,23.9,23.1,24.3,21.5,62,0,1019,5.14,130,100,-30.0346,-51.2177
2019-02-04,17.5,26.1,24.4,20.4,25.2,18,65,0.12,1021,4.6,110,75,-30.0346,-51.2177
2019-02-05,16.9,28.5,25.8,19.4,27.3,17.7,53,0,1019,3.6,131,52,-30.0346,-51.2177
2019-02-06,17.2,30,27.8,21.1,27.9,18.4,52,0,1015,3.8,127,5,-30.0346,-51.2177
2019-02-07,18.1,32.1,28,21.7,30.9,18.2,55,0,1011,5.14,110,0,-30.0346,-51.2177
2019-02-08,19,34,29.7,22.9,34,19.3,59,0,1010,2.8,141,0,-30.0346,-51.2177
2019-02-09,21.2,36.5,32.2,24.5,36.5,22,54,0.23,1009,2.9,245,4,-30.0346,-51.2177
2019-02-10,24,29.6,28.9,27.8,25.1,26,71,2.74,1008,4.63,310,100,-30.0346,-51.2177
2019-02-11,22.5,34.3,31.5,24.6,32.3,22.5,62,9,1005,3.1,314,0,-30.0346,-51.2177
2019-02-12,21,24.6,24.4,22.8,23.2,22.1,76,3.55,1016,6.17,190,100,-30.0346,-51.2177
2019-02-13,16.7,26.2,23.4,20,25.3,17,65,0,1019,4.12,190,86,-30.0346,-51.2177
2019-02-14,19.2,30.2,26.7,20.6,28.5,19.2,65,1.32,1016,5.14,120,55,-30.0346,-51.2177
2019-02-15,21.1,25.9,22.9,23.3,25.4,21.1,89,19.71,1012,5.66,120,90,-30.0346,-51.2177
2019-02-16,20.7,28,27.5,22,25.8,21.5,70,0.32,1013,8.23,110,40,-30.0346,-51.2177
2019-02-17,20.7,29.3,27.2,21.7,27,21.2,58,0,1014,6.17,100,74,-30.0346,-51.2177
2019-02-18,22.4,31.1,29.9,22.8,26.9,22.4,62,0.11,1011,8.75,100,48,-30.0346,-51.2177
2019-02-19,21,31.2,30.1,22.7,30.4,21,60,7.03,1007,5.66,250,20,-30.0346,-51.2177
2019-02-20,21.9,33.4,31.2,24.6,31,21.9,56,0.14,1009,3.09,250,6,-30.0346,-51.2177
2019-02-21,20.1,34.8,31.7,22.3,30,20.1,43,0,1014,3.4,107,0,-30.0346,-51.2177
2019-02-22,19.1,33.9,32,23.4,33.7,19.3,63,0,1013,5.14,90,1,-30.0346,-51.2177
2019-02-23,21.7,35.9,33.2,24.3,34.9,21.7,48,0,1007,3.5,282,10,-30.0346,-51.2177
2019-02-24,23.2,33.3,24.2,25.9,25,25.5,98,6.1,1005,4.12,270,89,-30.0346,-51.2177
2019-02-25,19,23.2,21.1,23.1,20.2,21.8,96,18.94,1010,5.66,240,100,-30.0346,-51.2177
2019-02-26,18.8,23.8,21,18.9,23.1,19,91,2.17,1015,2.93,130,99,-30.0346,-51.2177
2019-02-27,18.5,24.4,23.4,19.5,22.9,18.5,65,0.54,1015,7.2,90,45,-30.0346,-51.2177
2019-02-28,16.5,28.1,25.1,18.1,26,16.5,66,0,1014,2.57,290,28,-30.0346,-51.2177
2019-03-01,16.7,30.9,28.2,20,28.3,16.8,49,0,1013,3.6,250,6,-30.0346,-51.2177
2019-03-02,19.7,31.4,29.6,21.1,30,19.8,56,0,1012,5.14,290,1,-30.0346,-51.2177
2019-03-03,21.3,29.3,26.9,23.5,26.2,21.8,66,0,1015,7.2,100,93,-30.0346,-51.2177
2019-03-04,19.9,35.9,32.3,21,31.4,19.9,48,0,1011,6.17,100,0,-30.0346,-51.2177
2019-03-05,21.4,34.1,33.7,24.8,21.8,23.1,57,6.2,1013,4.7,26,100,-30.0346,-51.2177
2019-03-06,21.2,30.9,26.4,21.5,28.4,21.2,78,0,1013,3.6,80,100,-30.0346,-51.2177
2019-03-07,22,32.8,30.5,23.3,31,22.4,60,4.11,1011,4.3,13,26,-30.0346,-51.2177
2019-03-08,22.9,29.5,27.6,23.5,27.9,22.9,67,5.64,1011,3.6,180,100,-30.0346,-51.2177
2019-03-09,20.3,23.1,22.9,23.1,20.5,22,92,26.77,1017,6.17,170,100,-30.0346,-51.2177
2019-03-10,18.4,24.1,24,20.7,22.4,19.1,69,0,1022,5.66,140,75,-30.0346,-51.2177
2019-03-11,17.2,26,25.9,18.3,24.2,17.3,60,0,1018,7.2,80,100,-30.0346,-51.2177
2019-03-12,18.8,28.5,28.1,19.6,27.6,18.8,66,2.19,1013,3.6,110,75,-30.0346,-51.2177
2019-03-13,21.4,26.9,23.5,23.4,26,21.4,94,0.86,1011,5.66,280,90,-30.0346,-51.2177
2019-03-14,18.7,28,27,21.9,26.9,19.6,62,0,1012,4.63,280,14,-30.0346,-51.2177
2019-03-15,18.7,29.1,27.7,20.7,26.1,19,62,0,1015,6.69,160,21,-30.0346,-51.2177
2019-03-16,19.5,30.1,29.4,22.3,26,19.7,61,0,1015,6.69,100,74,-30.0346,-51.2177
2019-03-17,21.9,25.2,23.1,23,23,22.3,92,15.42,1012,5.66,110,100,-30.0346,-51.2177
2019-03-18,21.5,26.3,25.7,21.8,23.9,21.8,77,14.6,1007,3.6,268,62,-30.0346,-51.2177
2019-03-19,19.9,28.8,27.4,21.4,24.3,20,67,1.15,1010,3.6,150,44,-30.0346,-51.2177
2019-03-20,19.3,24.5,22.9,21.4,19.8,19.3,75,1.4,1015,6.17,160,100,-30.0346,-51.2177
2019-03-21,16,22.4,22,19,21.1,16.1,64,0,1020,4.63,180,40,-30.0346,-51.2177
2019-03-22,12.6,26.1,24.6,14.7,22.9,12.8,65,1.13,1019,6.17,100,75,-30.0346,-51.2177
2019-03-23,15.3,27.3,24.2,17.3,25,15.3,72,0,1017,3.09,170,47,-30.0346,-51.2177
2019-03-24,15.8,29.5,27.2,17.9,27.4,16.1,74,0,1014,6.69,280,20,-30.0346,-51.2177
2019-03-25,16.6,25.3,22.9,20.5,23.3,18,49,0,1015,6.17,290,0,-30.0346,-51.2177
2019-03-26,13.9,25.2,23.1,16.9,22.7,14.4,78,0,1020,3.1,152,40,-30.0346,-51.2177
2019-03-27,16.5,23.9,22.6,17.8,21,16.9,92,2.34,1023,6.17,130,63,-30.0346,-51.2177
2019-03-28,18.5,27.3,24.9,18.5,23.6,18.6,71,0,1024,10.29,90,82,-30.0346,-51.2177
2019-03-29,18.5,28.2,27.2,20.5,25.3,18.5,63,0,1021,6.69,100,96,-30.0346,-51.2177
2019-03-30,17.5,31.7,29.9,20.1,27.8,17.5,58,0,1017,3.09,330,53,-30.0346,-51.2177
2019-03-31,21.2,29.6,29,23.3,27.2,21.8,70,7.16,1014,2.4,148,100,-30.0346,-51.2177
2019-04-01,20.9,30.6,26.1,21.7,27.1,21.4,84,0,1015,5.66,110,75,-30.0346,-51.2177
2019-04-02,19.1,32.2,29.9,21,30.4,19.2,63,0,1012,2.6,308,57,-30.0346,-51.2177
2019-04-03,21.9,32.6,30.6,22.6,30.9,22.1,67,0,1009,4.12,160,12,-30.0346,-51.2177
2019-04-04,22.4,33,31.7,23.6,26.6,22.4,62,8.26,1005,4.63,250,75,-30.0346,-51.2177
2019-04-05,19.6,24.1,21.2,24.1,20.5,22.8,83,14.13,1009,4.12,240,100,-30.0346,-51.2177
2019-04-06,19,23,22.1,19.4,20.4,19.3,96,3.98,1016,3.81,129,100,-30.0346,-51.2177
2019-04-07,19.9,23.8,22.7,20.4,21.9,20.4,77,2.27,1017,4.63,150,100,-30.0346,-51.2177
2019-04-08,16.6,25.2,24.3,20.4,22.4,18.2,73,0,1019,3.6,120,75,-30.0346,-51.2177
2019-04-09,13.8,26.1,24.4,16,22.7,14.8,63,0,1018,6.17,110,2,-30.0346,-51.2177
2019-04-10,13.7,28.6,26.1,16.5,26.1,14.4,51,0,1017,2.06,70,0,-30.0346,-51.2177
2019-04-11,17,30.9,29.4,19.2,22.4,17.5,57,0.34,1013,3.5,327,4,-30.0346,-51.2177
2019-04-12,20.3,23.3,23.3,20.6,22,21.1,78,0.65,1015,3.1,138,97,-30.0346,-51.2177
2019-04-13,18,29,26.9,20.2,25.3,18.3,70,0,1014,7.72,100,20,-30.0346,-51.2177
2019-04-14,19.4,32.1,29.3,21.4,28.4,19.5,64,0.44,1013,2.9,152,39,-30.0346,-51.2177
2019-04-15,19.6,27.1,25.9,21.5,24.4,20.6,74,0,1018,5.14,120,71,-30.0346,-51.2177
2019-04-16,18.6,22.3,20.4,22.3,19.5,20,99,21.08,1015,6.17,80,98,-30.0346,-51.2177
2019-04-17,16.4,23.9,22.1,18.5,21.6,16.5,82,1.8,1015,4.12,160,65,-30.0346,-51.2177
2019-04-18,16.1,25.2,21.1,18.4,22.4,16.2,83,0,1015,3.09,70,75,-30.0346,-51.2177
2019-04-19,17,27.1,25.3,18.2,24.6,17,67,0,1012,4.12,260,92,-30.0346,-51.2177
2019-04-20,17.6,26.8,25,18.2,24,17.8,78,0,1013,3.09,300,86,-30.0346,-51.2177
2019-04-21,18.2,21.2,20.9,20.8,20.2,20.6,92,1.3,1012,4.63,160,100,-30.0346,-51.2177
2019-04-22,17.4,20.9,20,18,20.1,17.4,78,0,1017,5.14,140,100,-30.0346,-51.2177
2019-04-23,18.4,25.3,23.8,18.4,23.2,18.8,74,0.23,1019,6.17,120,48,-30.0346,-51.2177
2019-04-24,18,28.7,27.1,20,23.7,18.8,58,0,1019,3.6,360,11,-30.0346,-51.2177
2019-04-25,21.2,23.3,22.6,21.8,22.8,22,96,1.47,1020,5.66,110,100,-30.0346,-51.2177
2019-04-26,21.8,25.4,23.7,22.4,23.8,21.8,98,8.86,1016,7.2,90,99,-30.0346,-51.2177
2019-04-27,20.8,23.1,22.9,22.2,21.9,21.1,94,16.78,1009,6.69,260,75,-30.0346,-51.2177
2019-04-28,16.9,23,20.2,20.8,21.1,20,79,2.68,1011,3.6,250,98,-30.0346,-51.2177
2019-04-29,15.5,24.7,22.5,17.2,20.6,16.3,68,0,1014,2.5,322,45,-30.0346,-51.2177
2019-04-30,13.3,24.1,22.6,15.2,20.8,13.8,77,0.13,1015,5.14,140,4,-30.0346,-51.2177
2019-05-01,17.6,24.8,22.9,19,21.4,18.3,61,1.36,1016,3.6,160,75,-30.0346,-51.2177
2019-05-02,15.4,25.9,22.7,16.8,22.5,15.5,72,0,1011,3.6,100,38,-30.0346,-51.2177
2019-05-03,17.5,29.3,29.3,19.1,22.1,18.6,66,5.38,1010,4.21,295,15,-30.0346,-51.2177
2019-05-04,21.6,27.4,26,21.6,24.9,21.9,85,0.6,1015,4.12,70,99,-30.0346,-51.2177
2019-05-05,20.4,30.1,28.9,21.9,21.6,21.2,69,20.57,1014,13.9,310,100,-30.0346,-51.2177
2019-05-06,20,24.3,24.3,21.6,21.1,21,89,8.89,1016,4.63,290,75,-30.0346,-51.2177
2019-05-07,15.5,22,21.3,20.3,18.8,18.3,69,0,1021,5.14,120,75,-30.0346,-51.2177
2019-05-08,13.6,22.9,22.4,15,21,13.6,73,0,1019,7.72,100,90,-30.0346,-51.2177
2019-05-09,18,25.3,23.5,19.6,22.6,18.1,73,0.65,1014,5.14,110,75,-30.0346,-51.2177
2019-05-10,19.8,21.6,20,20.5,20.7,19.8,100,11.6,1009,4.12,80,100,-30.0346,-51.2177
2019-05-11,16.6,20.1,19.5,20,17.3,19.6,94,2.22,1012,5.14,150,90,-30.0346,-51.2177
2019-05-12,16.3,19.9,19.3,16.5,19,16.3,78,1.8,1020,4.12,160,90,-30.0346,-51.2177
2019-05-13,16.7,21.3,20.8,17,20.3,18,88,7.14,1017,5.14,120,90,-30.0346,-51.2177
2019-05-14,16.1,19.4,19.1,18,18.6,16.2,88,3.05,1023,5.14,280,75,-30.0346,-51.2177
2019-05-15,17.1,22.6,21.2,17.2,19.9,17.5,83,2.7,1026,7.2,100,75,-30.0346,-51.2177
2019-05-16,15.4,24.1,23.3,18.6,20.1,16.4,65,0,1026,8.75,100,40,-30.0346,-51.2177
2019-05-17,12.3,25.7,23.6,14.7,20.8,13.2,53,0,1022,6.69,100,0,-30.0346,-51.2177
2019-05-18,13.3,25.5,23.8,16,22,14,65,0,1020,4.63,100,20,-30.0346,-51.2177
2019-05-19,17.1,26.9,25.3,17.9,22,17.1,54,0,1017,3.09,90,20,-30.0346,-51.2177
2019-05-20,15.3,25.1,24.6,18,22.8,16.2,77,0,1015,4.12,110,88,-30.0346,-51.2177
2019-05-21,18.1,21.4,19.5,20.1,20.2,19.5,94,14.9,1014,4.63,340,75,-30.0346,-51.2177
2019-05-22,18.9,21.9,21.7,19.3,19.1,19,94,7.22,1015,5.14,130,90,-30.0346,-51.2177
2019-05-23,16.7,19,18.7,19,16.9,17.5,94,5.52,1016,4.63,180,90,-30.0346,-51.2177
2019-05-24,15.8,17.6,17.1,16.9,16.1,17,94,1.3,1013,6.17,140,90,-30.0346,-51.2177
2019-05-25,12.2,19.9,18.7,15.8,16.3,14.6,76,0,1017,4.63,300,36,-30.0346,-51.2177
2019-05-26,10.3,23.3,20.5,11.8,18.5,10.3,64,1.33,1015,3.09,100,61,-30.0346,-51.2177
2019-05-27,16.8,23.9,22.6,17.3,20.1,16.8,70,23.97,1012,2.06,260,67,-30.0346,-51.2177
2019-05-28,17.3,19.5,19.1,18.3,18.4,17.8,99,18.04,1009,3.09,200,99,-30.0346,-51.2177
2019-05-29,15.1,20.6,19.4,16.6,17.5,15.8,72,0,1018,2.6,131,62,-30.0346,-51.2177
2019-05-30,15,17.3,16.8,15.2,16,16.2,99,7.83,1015,6.7,110,100,-30.0346,-51.2177
2019-05-31,15.1,18.2,17,15.1,16.9,15.7,98,3.09,1013,4.12,130,100,-30.0346,-51.2177
2019-06-01,15.8,19.5,19.4,16.1,18,16.1,87,0.41,1016,6.69,100,100,-30.0346,-51.2177
2019-06-02,16.5,20.7,20.1,17,19,16.5,82,1.77,1020,4.12,130,94,-30.0346,-51.2177
2019-06-03,14.2,20.9,20.1,16.9,16.9,16.8,78,0.97,1022,2.3,152,27,-30.0346,-51.2177
2019-06-04,11.9,19.2,16.4,14.8,15.2,12.6,100,0,1028,2.57,80,75,-30.0346,-51.2177
2019-06-05,9.7,21.5,19.7,12,17.3,10,55,0,1024,2.57,110,4,-30.0346,-51.2177
2019-06-06,10.4,23.4,21.4,13.4,18.9,11.2,63,0,1019,3.6,80,70,-30.0346,-51.2177
2019-06-07,12.3,25.7,23.2,14,21,12.5,59,0,1016,4.12,280,86,-30.0346,-51.2177
2019-06-08,15.7,18.5,18.1,16.7,16.2,16.2,88,1.12,1021,4.12,180,90,-30.0346,-51.2177
2019-06-09,15,22.6,20.4,15.8,20.3,15.6,73,0,1021,3.6,90,38,-30.0346,-51.2177
2019-06-10,15.8,26,25,18.4,20.2,16.9,48,0,1018,2.57,200,84,-30.0346,-51.2177
2019-06-11,14.7,25.6,23.5,17,20.7,15.5,59,0,1018,1.7,134,3,-30.0346,-51.2177
2019-06-12,14.4,26.9,23.7,17.7,22,15.1,62,0,1015,1.9,338,100,-30.0346,-51.2177
2019-06-13,16.8,29,27.9,18.7,23.3,17.2,60,0,1016,2.47,345,91,-30.0346,-51.2177
2019-06-14,16.2,29.6,27.3,17.8,23.9,16.4,56,0,1016,2.2,347,93,-30.0346,-51.2177
2019-06-15,17,29.3,25.5,19.1,23.2,18.2,63,0,1017,1.8,352,100,-30.0346,-51.2177
2019-06-16,16.1,28.8,25.8,18.6,22.8,17,54,0,1020,1.5,135,94,-30.0346,-51.2177
2019-06-17,16.9,24.2,22.2,18.5,21.6,17,70,0,1021,2.4,149,66,-30.0346,-51.2177
2019-06-18,16.9,27.2,25,17.5,24.2,17.5,55,0,1015,3.3,342,0,-30.0346,-51.2177
2019-06-19,12.7,21.9,16.1,21.9,16.7,18.7,77,5.71,1020,6.69,290,17,-30.0346,-51.2177
2019-06-20,9.6,19.5,17.2,12.1,14.8,10,60,0,1023,2.06,270,0,-30.0346,-51.2177
2019-06-21,8.2,23.2,20.1,11.2,18.6,8.6,51,0,1023,1.54,60,88,-30.0346,-51.2177
2019-06-22,12.3,26.9,23.7,13.4,22.5,12.4,67,0,1022,2.4,328,78,-30.0346,-51.2177
2019-06-23,14.2,27.8,25.3,17,23.4,15.1,57,0,1017,3.5,326,41,-30.0346,-51.2177
2019-06-24,16.2,28.3,26.9,16.8,22.2,16.7,47,0,1011,5.7,320,99,-30.0346,-51.2177
2019-06-25,12.4,29,27.8,17.2,18,16,43,2.11,1002,5.7,270,92,-30.0346,-51.2177
2019-06-26,5.3,13.3,11.6,11.9,9.9,8.8,52,0.45,1018,5.1,240,52,-30.0346,-51.2177
2019-06-27,3.7,20.1,15,5,16.8,4.3,56,0,1017,4.6,100,19,-30.0346,-51.2177
2019-06-28,11.6,23.8,18.2,12,21.4,11.9,95,7.95,1013,1.6,98,98,-30.0346,-51.2177
2019-06-29,19.2,31.4,29.1,19.2,24.9,24.3,50,0,1009,5,333,54,-30.0346,-51.2177
2019-06-30,15.1,27,20.9,27,15.8,20.9,93,13.81,1011,2.7,349,100,-30.0346,-51.2177
2019-07-01,8.8,15.1,13.4,15.1,12.1,13.1,82,0.9,1018,4.1,210,99,-30.0346,-51.2177
2019-07-02,6.9,14.9,10.9,7.9,12.1,7.7,79,0,1010,2,339,28,-30.0346,-51.2177
2019-07-03,7.5,14.8,13.8,9.9,11.5,8.5,55,0,1010,4,260,1,-30.0346,-51.2177
2019-07-04,3.3,13.4,11.5,5.7,11.3,3.3,54,0,1017,2.8,292,51,-30.0346,-51.2177
2019-07-05,5.7,11.1,9.6,8,9.8,6.1,53,0,1021,12.9,280,0,-30.0346,-51.2177
2019-07-06,3.9,11.2,9.7,7.6,8.7,4.7,57,0,1028,7.7,280,24,-30.0346,-51.2177
2019-07-07,0.8,13.1,10.2,3.4,9.7,1.9,61,0,1030,1.8,286,0,-30.0346,-51.2177
2019-07-08,2.4,19.1,14.9,4.3,12.7,3,49,0,1025,2.2,325,32,-30.0346,-51.2177
2019-07-09,4.4,20.3,15.5,6.6,13.8,5.8,66,0,1023,1.5,285,74,-30.0346,-51.2177
2019-07-10,6.5,22.7,17.4,8.5,17.5,6.6,58,0,1018,2,340,93,-30.0346,-51.2177
2019-07-11,10.4,26.9,22.3,11.7,21.1,11,55,0,1016,1.6,318,95,-30.0346,-51.2177
2019-07-12,12,28.6,26,14.5,20.9,12.3,46,0.73,1011,5.7,200,75,-30.0346,-51.2177
2019-07-13,13.5,18,15.7,16.5,14.2,15.1,93,13.54,1015,2.1,116,97,-30.0346,-51.2177
2019-07-14,9.9,13.3,12.1,13.2,12.8,12.5,100,2.9,1018,3.1,170,90,-30.0346,-51.2177
2019-07-15,8.9,13,11.9,10,11.9,9.5,81,0,1020,2,325,90,-30.0346,-51.2177
2019-07-16,6.7,15.7,12.5,10,13.1,6.7,71,0,1024,2.1,298,1,-30.0346,-51.2177
2019-07-17,6.4,18.1,14.4,7.6,16.1,7.2,81,0,1027,4.1,110,93,-30.0346,-51.2177
2019-07-18,7.7,22,19.3,11.3,17.8,8.7,57,0,1024,3.1,170,0,-30.0346,-51.2177
2019-07-19,11.9,20.2,20.2,11.9,17.6,12.2,64,0,1021,3.6,80,100,-30.0346,-51.2177
2019-07-20,11.2,27,23.5,13.2,22,11.7,55,0,1018,1.3,109,1,-30.0346,-51.2177
2019-07-21,12.7,27.6,25.7,16.4,22.1,13.4,50,0,1014,2.3,18,37,-30.0346,-51.2177
2019-07-22,16.3,27.1,26.6,18.9,19.5,17.8,48,6.54,1012,5.7,190,99,-30.0346,-51.2177
2019-07-23,17.4,18.7,18,17.9,18.4,17.5,95,24.31,1018,4.1,110,100,-30.0346,-51.2177
2019-07-24,15.5,18.6,15.5,18.1,15.9,18.6,96,23.92,1019,6.1,173,100,-30.0346,-51.2177
2019-07-25,15.8,20.3,19.2,15.8,19.1,16.3,88,1.68,1020,4.1,130,100,-30.0346,-51.2177
2019-07-26,13,19.3,15.8,18.6,14.1,17.1,93,1.97,1020,6.2,260,100,-30.0346,-51.2177
2019-07-27,11,14.4,12.9,12.2,13.2,11.1,79,0,1027,4.6,300,100,-30.0346,-51.2177
2019-07-28,8.6,16.8,16,12.3,14.6,9.3,62,0,1025,3.3,126,64,-30.0346,-51.2177
2019-07-29,9.6,21.3,19.2,11.2,18.9,10,72,0,1018,2.6,5,77,-30.0346,-51.2177
2019-07-30,15.2,21.1,20.1,16.4,16.4,15.7,81,9.1,1017,2.1,160,69,-30.0346,-51.2177
2019-07-31,11.5,23.8,20.8,15.4,19.6,12.6,67,0,1016,2,324,37,-30.0346,-51.2177
2019-08-01,11.8,29.7,28.1,13.3,22.9,12.7,39,7.36,1008,5.7,340,82,-30.0346,-51.2177
2019-08-02,9.8,15.1,10.8,12,13.1,10.5,82,5.76,1021,7.2,280,93,-30.0346,-51.2177
2019-08-03,7.5,15.4,13.6,9.7,13.1,7.7,55,0,1026,5.1,280,4,-30.0346,-51.2177
2019-08-04,4.1,15.2,13.2,7.5,12.5,4.7,43,0,1032,2.6,190,5,-30.0346,-51.2177
2019-08-05,5.1,21.1,17.6,6.9,17.4,5.4,47,0,1029,2.6,110,0,-30.0346,-51.2177
2019-08-06,9.1,27,23,10.1,22.9,9.2,53,0,1023,2.5,332,0,-30.0346,-51.2177
2019-08-07,13.7,29.5,27.4,15.9,26.1,14.7,52,0,1020,2.3,331,0,-30.0346,-51.2177
2019-08-08,16.1,27.6,25.9,19.5,19,16.5,53,5.5,1017,4.1,160,59,-30.0346,-51.2177
2019-08-09,17.6,22.4,22.4,17.7,21.6,17.7,83,3.53,1014,2.5,69,99,-30.0346,-51.2177
2019-08-10,11.8,19.1,16.9,18.7,14.9,16.2,63,4.02,1017,7.7,270,100,-30.0346,-51.2177
2019-08-11,8,20,17.6,11.2,17.9,9.1,67,0.42,1022,5.1,80,75,-30.0346,-51.2177
2019-08-12,13.9,19.5,19.4,14.5,14.5,15,83,11.33,1014,6.7,220,80,-30.0346,-51.2177
2019-08-13,8.8,13.8,12,13.6,12.1,10.5,57,0,1028,6.2,270,61,-30.0346,-51.2177
2019-08-14,7,14,10.9,9,11.9,7.6,70,0,1034,5.1,140,21,-30.0346,-51.2177
2019-08-15,6,21.9,18.1,8.4,18.7,6.1,50,0,1026,1.9,92,100,-30.0346,-51.2177
2019-08-16,8.3,27.1,22.9,10.6,22.7,9.2,54,0,1018,1.6,135,89,-30.0346,-51.2177
2019-08-17,13.5,30.8,28.4,16.2,27,14.4,32,0,1009,7.2,340,25,-30.0346,-51.2177
2019-08-18,11.9,22,13.9,22,13.1,14.9,78,3.39,1018,6.2,180,80,-30.0346,-51.2177
2019-08-19,7.3,14.4,13.5,11.7,11.9,8.5,58,0,1025,5.1,210,89,-30.0346,-51.2177
2019-08-20,8.1,15.5,13.8,11,12.3,8.8,62,0,1027,5.1,150,87,-30.0346,-51.2177
2019-08-21,6.9,16.1,14.1,8.6,13.4,6.9,68,0,1028,4.6,140,94,-30.0346,-51.2177
2019-08-22,6.6,20,18.4,9.6,16.4,7.7,58,0,1025,6.2,120,75,-30.0346,-51.2177
2019-08-23,10,17.3,14.6,12.6,15.2,12,74,0,1025,4.1,170,94,-30.0346,-51.2177
2019-08-24,7.7,20.4,18.3,9.1,17,8.1,59,0,1026,6.7,110,27,-30.0346,-51.2177
2019-08-25,9.5,24.3,21.4,12.8,20.1,11.1,49,0,1023,3.1,90,6,-30.0346,-51.2177
2019-08-26,11.6,23.6,22.6,14.7,21.5,12.3,47,0,1021,3,323,98,-30.0346,-51.2177
2019-08-27,14.8,25.6,24.2,17.6,21.6,15.1,53,0,1023,4.6,170,0,-30.0346,-51.2177
2019-08-28,14.1,28.4,24,15.8,24.9,14.1,54,0,1019,1.8,128,0,-30.0346,-51.2177
2019-08-29,15.7,33.4,30.2,18,29.6,16.1,42,0,1013,2.8,350,0,-30.0346,-51.2177
2019-08-30,17.5,29.8,29.8,20.2,22.8,17.7,48,0,1011,6.7,180,75,-30.0346,-51.2177
2019-08-31,14.3,16.9,16.6,16.9,15.3,16.2,91,13.08,1016,5.1,190,100,-30.0346,-51.2177
2019-09-01,10.9,19.2,18.2,12.8,17.3,11.9,45,0,1018,2.1,340,20,-30.0346,-51.2177
2019-09-02,8.2,20.1,17.9,10.1,17.6,8.2,41,0,1016,5.7,140,0,-30.0346,-51.2177
2019-09-03,9.6,17.7,17.5,12.6,13.6,9.6,58,0,1020,2.6,141,0,-30.0346,-51.2177
2019-09-04,7.3,16.3,14.9,9,13.7,8.9,44,0,1026,4.6,160,67,-30.0346,-51.2177
2019-09-05,6.4,16.1,14,8.5,13.6,6.5,52,0,1030,3.4,124,44,-30.0346,-51.2177
2019-09-06,11.8,20.2,19.5,11.8,16.2,13,65,7.88,1020,4.6,100,100,-30.0346,-51.2177
2019-09-07,13.5,20.9,16.2,14.6,19.4,14.2,95,10.91,1016,4.1,100,100,-30.0346,-51.2177
2019-09-08,18.1,27.7,20.7,19.5,23.8,18.5,91,1.27,1013,3.1,60,100,-30.0346,-51.2177
2019-09-09,16.9,36.6,31.8,20.2,32,17.3,53,0,1006,4.4,335,7,-30.0346,-51.2177
2019-09-10,16,25.7,20.4,25.7,17.9,18.3,70,0,1015,4.6,120,100,-30.0346,-51.2177
2019-09-11,16.2,19.2,17.8,16.2,19.1,17.4,93,9.14,1012,4.6,80,100,-30.0346,-51.2177
2019-09-12,14.1,18.1,16.8,18.1,16.7,17.6,94,13.46,1015,4.1,170,99,-30.0346,-51.2177
2019-09-13,13.1,19.5,18.1,13.6,16.9,13.2,63,0,1023,5.7,130,90,-30.0346,-51.2177
2019-09-14,14.4,23.5,23,14.9,20.1,15.1,62,0,1015,5.7,120,34,-30.0346,-51.2177
2019-09-15,16,30.5,28.6,17.7,27.3,16.5,47,0,1009,1.6,84,1,-30.0346,-51.2177
2019-09-16,16.6,26.6,22.9,21.9,17.2,22.8,82,0,1011,4.1,190,40,-30.0346,-51.2177
2019-09-17,13.8,16.1,15.8,16.1,14.4,14.6,81,34.29,1013,4.1,0,89,-30.0346,-51.2177
2019-09-18,11.4,17.8,15.1,14.3,17.4,14,85,1.01,1010,4.6,280,100,-30.0346,-51.2177
2019-09-19,10.6,25.4,21.9,10.8,22.6,10.6,63,0,1005,2,288,0,-30.0346,-51.2177
2019-09-20,11.2,18.1,17,18.1,15.1,14.7,62,0,1018,4.6,180,20,-30.0346,-51.2177
2019-09-21,10.9,20.8,18.2,11,18.3,11.4,64,0,1021,2.3,219,29,-30.0346,-51.2177
2019-09-22,9.4,20.5,20.2,12.2,16.3,9.8,48,0,1027,3.9,143,0,-30.0346,-51.2177
2019-09-23,6.1,21.1,19.6,8.9,17.6,6.1,48,0,1027,3.5,106,0,-30.0346,-51.2177
2019-09-24,11.9,24.4,22.8,14,21.1,11.9,42,0,1021,5.1,110,0,-30.0346,-51.2177
2019-09-25,10.9,25.1,22.4,14.6,21.9,11.1,54,0,1019,2.2,144,63,-30.0346,-51.2177
2019-09-26,15.2,26.1,22.3,16.4,23.7,15.6,60,0,1019,2.6,240,4,-30.0346,-51.2177
2019-09-27,14.4,22.7,21.6,16.7,18.6,14.5,56,0,1022,6.7,120,98,-30.0346,-51.2177
2019-09-28,13.2,24.1,22.9,15.2,20.5,13.2,50,0,1018,3,107,29,-30.0346,-51.2177
2019-09-29,13,27.1,24.3,15.5,23.3,13,55,0,1013,2.3,138,0,-30.0346,-51.2177
2019-09-30,14.7,34.3,28.8,16.4,29.3,14.7,49,0,1009,3.6,350,0,-30.0346,-51.2177
2019-10-01,20.5,37,33.1,21.3,35.3,22.1,33,0,1005,4.9,335,47,-30.0346,-51.2177
2019-10-02,19.3,26.5,25.2,24.6,21.7,23.2,74,10.16,1010,4.1,240,100,-30.0346,-51.2177
2019-10-03,17.6,19.1,18.9,18.9,17.7,17.6,88,7.37,1021,6.2,120,100,-30.0346,-51.2177
2019-10-04,18.2,22.3,19.9,18.3,22.3,18.9,95,21.31,1014,5.7,120,100,-30.0346,-51.2177
2019-10-05,16.2,20.3,18.6,20.3,17,20,90,39.09,1014,3.1,210,100,-30.0346,-51.2177
2019-10-06,15.8,19.2,19.2,16.2,18.1,15.9,80,1.26,1020,4.6,120,100,-30.0346,-51.2177
2019-10-07,15.7,26.3,24.3,16.5,24,15.7,55,0,1016,2,234,47,-30.0346,-51.2177
2019-10-08,15.9,27.6,25.1,17.5,24.6,15.9,47,0,1017,2.3,258,65,-30.0346,-51.2177
2019-10-09,14.9,28.1,26.3,17.7,23.9,14.9,48,0,1017,2.9,122,0,-30.0346,-51.2177
2019-10-10,16.6,31.7,28.2,18.5,29.1,16.6,54,0,1014,1.9,320,49,-30.0346,-51.2177
2019-10-11,18.7,36.7,34.2,21.8,33.3,19.2,35,0,1010,3.9,328,0,-30.0346,-51.2177
2019-10-12,19.5,38.9,36.1,22.7,36.6,19.5,40,0,1008,3.2,339,1,-30.0346,-51.2177
2019-10-13,21.3,28.4,27.4,26.5,24,21.3,70,1.52,1009,7.2,160,57,-30.0346,-51.2177
2019-10-14,13.3,21.7,17.2,21.7,14.9,19.3,90,19.28,1021,7.2,150,100,-30.0346,-51.2177
2019-10-15,13.8,18.2,18.2,13.8,17.9,14.4,74,1.81,1023,6.7,110,100,-30.0346,-51.2177
2019-10-16,17.1,20.5,18.2,17.6,19.9,17.4,94,2.53,1019,2.7,112,100,-30.0346,-51.2177
2019-10-17,18.7,23.4,21.5,19.3,20.9,18.7,91,22.85,1014,4.2,143,100,-30.0346,-51.2177
2019-10-18,20,27.3,24.6,20.1,24.2,20.1,67,2.54,1014,5.1,180,61,-30.0346,-51.2177
2019-10-19,15,22.6,21.7,19.2,19,17,53,0,1020,4.6,150,0,-30.0346,-51.2177
2019-10-20,13.9,20.8,20.6,14.3,18.1,14,60,0,1017,4.6,120,100,-30.0346,-51.2177
2019-10-21,15.6,19.9,18.1,16.7,17.2,15.7,81,2.79,1009,9.3,80,100,-30.0346,-51.2177
2019-10-22,15,21.8,19.5,16.8,19.8,15,70,5.08,1015,3.6,130,72,-30.0346,-51.2177
2019-10-23,13.1,26.2,24.9,14.9,23.3,13.2,40,0,1015,2.4,138,0,-30.0346,-51.2177
2019-10-24,17.2,27.7,23.6,17.8,26.1,17.3,60,0,1014,2.6,290,36,-30.0346,-51.2177
2019-10-25,15.3,26.7,25.4,18.2,23.6,15.3,51,0,1016,2.4,151,20,-30.0346,-51.2177
2019-10-26,13.8,30.7,28,16.2,25.9,13.8,43,0,1013,3.4,116,0,-30.0346,-51.2177
2019-10-27,19.5,21.5,20,20.8,21,21.4,100,16.77,1014,6.7,10,90,-30.0346,-51.2177
2019-10-28,17.9,30.3,28.3,18.9,28.1,18,58,0,1007,5.1,320,97,-30.0346,-51.2177
2019-10-29,20.5,25.6,21,23.3,21.2,22,94,3.68,1014,10.3,230,90,-30.0346,-51.2177
2019-10-30,19,21.8,20.5,20.5,21.8,19.1,100,11.42,1015,8.2,190,90,-30.0346,-51.2177
2019-10-31,19.4,21.1,20.9,20.2,19.8,19.9,94,12.54,1017,5.7,60,90,-30.0346,-51.2177
2019-11-01,18.6,25.5,24.3,19.5,24.2,18.6,73,0,1019,11.3,100,75,-30.0346,-51.2177
2019-11-02,19.8,32.9,31.6,21,26.4,19.8,52,1.27,1010,6.7,200,82,-30.0346,-51.2177
2019-11-03,19.5,23.1,22.7,23.1,21,22.1,56,1.52,1012,6.2,190,75,-30.0346,-51.2177
2019-11-04,18.9,21.1,20.1,19.4,21.1,19.2,100,25.16,1007,5.1,100,90,-30.0346,-51.2177
2019-11-05,18,24.2,22,20.8,22.3,20.3,83,3.04,1012,5.7,160,75,-30.0346,-51.2177
2019-11-06,14.9,25.5,24,17.5,21.9,14.9,49,0,1018,8.2,110,0,-30.0346,-51.2177
2019-11-07,17,24.7,21.5,17.9,24.7,17,83,8.38,1012,5.1,270,75,-30.0346,-51.2177
2019-11-08,19,28.2,27,19.5,25.1,19,73,0,1014,7.2,120,75,-30.0346,-51.2177
2019-11-09,18.1,25.8,25.2,19.8,23.9,18.6,61,0,1013,6.2,110,75,-30.0346,-51.2177
2019-11-10,19.6,23.4,23,21.5,20.6,21,88,0.81,1016,7.7,110,90,-30.0346,-51.2177
2019-11-11,19.1,25,24.9,19.6,22.3,19.2,69,0,1020,9.3,110,75,-30.0346,-51.2177
2019-11-12,17.5,29.7,28.3,19.1,26.8,17.9,48,0,1015,6.7,110,39,-30.0346,-51.2177
2019-11-13,20.6,30.2,29.2,22.5,27.5,21.4,45,0,1010,4.6,90,100,-30.0346,-51.2177
2019-11-14,20.3,26.8,23,23,22.5,20.5,78,11.57,1007,7.7,180,75,-30.0346,-51.2177
2019-11-15,18.6,24.5,23.5,20.5,23.4,19.4,49,0,1012,5.1,190,40,-30.0346,-51.2177
2019-11-16,17,26.2,24.5,18.5,25.1,17,64,0,1013,4.6,220,75,-30.0346,-51.2177
2019-11-17,15.7,29.5,27.2,18.3,27,15.7,50,0,1013,7.2,110,0,-30.0346,-51.2177
2019-11-18,16.9,31.1,29,18.9,28,16.9,34,0,1016,6.7,110,0,-30.0346,-51.2177
2019-11-19,18.2,31.8,30,20.7,28.7,18.8,45,0,1015,6.2,100,45,-30.0346,-51.2177
2019-11-20,19.4,33.6,31,21.2,30.4,20,48,0,1014,6.2,110,0,-30.0346,-51.2177
2019-11-21,20,33.2,31.5,21.7,30.2,20.5,55,0,1013,7.2,100,0,-30.0346,-51.2177
2019-11-22,21.5,33.3,33.1,23.9,21.9,22.6,46,8.92,1008,5.7,320,2,-30.0346,-51.2177
2019-11-23,18.1,23.8,22.8,21.5,21.7,21.2,53,3.06,1017,8.2,160,40,-30.0346,-51.2177
2019-11-24,15.3,24.9,23.3,17.2,21.9,15.6,56,0,1019,8.7,100,75,-30.0346,-51.2177
2019-11-25,15.4,27.7,26.2,17.6,25.2,16.6,50,0,1014,10.3,110,0,-30.0346,-51.2177
2019-11-26,18.9,27.6,26.7,20.5,24,19.2,51,0.81,1009,7.2,100,100,-30.0346,-51.2177
2019-11-27,18.5,23,21.1,21.5,22.5,21.6,100,1.1,1009,8.2,160,90,-30.0346,-51.2177
2019-11-28,14.5,26.4,25.2,17.2,24.4,14.5,36,0,1016,9.3,90,20,-30.0346,-51.2177
2019-11-29,15.7,32.1,27.8,17.1,31.3,16.5,44,0,1012,6.2,90,0,-30.0346,-51.2177
2019-11-30,21,32.8,31.7,22.9,30.8,21.4,55,0,1009,5.1,280,20,-30.0346,-51.2177
2019-12-01,18.2,26.5,26,24.3,24.1,21.7,50,0,1016,7.2,170,40,-30.0346,-51.2177
2019-12-02,16.4,25.5,22.7,17.3,23.6,16.5,37,0,1018,5.1,160,20,-30.0346,-51.2177
2019-12-03,13.9,28.2,25.9,16.9,25.2,14.5,23,0,1014,9.8,100,0,-30.0346,-51.2177
2019-12-04,19.2,32.5,30.3,19.8,24.7,20.1,45,3.99,1009,5.7,80,0,-30.0346,-51.2177
2019-12-05,18.7,27.6,25.5,22.1,24.4,20,61,0,1009,6.2,170,20,-30.0346,-51.2177
2019-12-06,15.9,28.3,25.8,18.8,28.1,16.1,44,0,1011,7.2,300,20,-30.0346,-51.2177
2019-12-07,16.9,29.3,26.7,20.9,28.6,16.9,36,0,1015,7.7,100,0,-30.0346,-51.2177
2019-12-08,16.8,31.4,28.6,18.6,28.3,17.5,44,0,1014,7.2,100,0,-30.0346,-51.2177
2019-12-09,20.6,33.3,31.2,21.1,30.8,21.2,54,0,1012,6.7,130,0,-30.0346,-51.2177
2019-12-10,18,34.5,32.1,22.3,32.1,18.2,33,0,1012,5.7,110,0,-30.0346,-51.2177
2019-12-11,17.8,35,32.4,21.2,31.9,18.2,40,0,1008,7.7,120,0,-30.0346,-51.2177
2019-12-12,23.2,33.7,33.7,25.6,30.7,24.1,44,0,1004,8.7,280,80,-30.0346,-51.2177
2019-12-13,18.6,26.1,23.5,22.3,24.3,19.8,46,0,1017,7.7,110,75,-30.0346,-51.2177
2019-12-14,16.4,32.3,29.5,18.3,26.9,16.5,48,0,1016,6.7,100,0,-30.0346,-51.2177
2019-12-15,21.7,34.8,32.1,23.3,27.2,22.4,46,6.35,1008,10.3,250,62,-30.0346,-51.2177
2019-12-16,21.1,27.2,25.7,24,24.1,22.2,65,0,1009,6.7,280,90,-30.0346,-51.2177
2019-12-17,19.8,26.9,25.4,20.9,25.6,20.1,61,0.25,1013,6.7,120,75,-30.0346,-51.2177
2019-12-18,17,28.3,27,19.2,26.7,17.3,42,0,1017,11.8,100,20,-30.0346,-51.2177
2019-12-19,18.2,31.8,29.2,20.7,29.6,19,45,0,1015,7.7,100,20,-30.0346,-51.2177
2019-12-20,21.5,34.1,32,22.6,29.7,21.9,46,0.76,1011,11.3,60,19,-30.0346,-51.2177
2019-12-21,23.4,29.7,27.8,26.5,27.6,24.8,58,0.5,1005,12.3,260,75,-30.0346,-51.2177
2019-12-22,18.4,25.9,24,22.7,24.9,18.4,46,0,1013,10.8,270,75,-30.0346,-51.2177
2019-12-23,16.5,29.5,26.3,19.6,29.4,16.6,36,0,1014,6.2,280,0,-30.0346,-51.2177
2019-12-24,16.5,33.3,30.3,19.5,29.5,16.7,35,0,1013,9.3,100,0,-30.0346,-51.2177
2019-12-25,20.1,36.5,33.9,22.8,36.2,20.8,46,0,1011,6.2,100,0,-30.0346,-51.2177
2019-12-26,23.1,36,35.3,26.3,31.9,23.4,34,0,1013,7.2,100,0,-30.0346,-51.2177
2019-12-27,22.5,37.5,34.8,25.1,33.1,22.8,30,0,1015,7.7,120,47,-30.0346,-51.2177
2019-12-28,22.6,38.2,35.2,25,34.4,22.7,38,0,1013,7.7,100,0,-30.0346,-51.2177
2019-12-29,23,37.2,33.9,25.4,36.4,23.1,49,0,1012,5.1,140,95,-30.0346,-51.2177
2019-12-30,23.4,36.4,33.6,26.5,32.6,23.4,55,0,1010,6.7,120,13,-30.0346,-51.2177
2019-12-31,22.6,38.9,35.2,24.8,27.2,22.7,46,0.3,1006,8.2,310,29,-30.0346,-51.2177
2020-01-01,23.8,34.1,31.9,25.2,27.6,24.7,59,0.55,1005,8.2,180,40,-30.0346,-51.2177
2020-01-02,21.8,27.3,27.3,23.6,25.1,21.8,57,4.31,1012,8.7,160,75,-30.0346,-51.2177
2020-01-03,20.8,25.5,24.8,21.7,24.8,21,69,3,1018,9.3,100,75,-30.0346,-51.2177
2020-01-04,20.5,28.3,26.8,21.5,26.2,20.7,54,0.9,1014,9.3,100,75,-30.0346,-51.2177
2020-01-05,19.4,31.7,30.1,20.9,29.6,19.6,48,0,1008,9.3,100,40,-30.0346,-51.2177
2020-01-06,21.9,35.7,34.8,23.3,33.6,21.9,41,0.76,1005,13.4,230,33,-30.0346,-51.2177
2020-01-07,22.4,30.7,29,23,28.8,22.6,65,0,1008,7.7,110,75,-30.0346,-51.2177
2020-01-08,21.4,30.9,28.7,22.7,29,21.4,58,0,1011,8.2,100,75,-30.0346,-51.2177
2020-01-09,22.4,37.4,34.3,23.5,35.4,22.4,52,0.25,1009,7.7,100,0,-30.0346,-51.2177
2020-01-10,23,36.2,35.6,27.5,25.2,26,44,9.54,1008,9.8,260,15,-30.0346,-51.2177
2020-01-11,23.2,30.2,27.8,23.2,29.3,23.9,88,1.01,1011,5.1,130,90,-30.0346,-51.2177
2020-01-12,23.6,32.1,30.7,24.6,30.8,23.6,62,0,1015,5.7,270,75,-30.0346,-51.2177
2020-01-13,19.5,30.8,30.2,22.4,27.3,19.5,54,0,1016,8.2,120,0,-30.0346,-51.2177
2020-01-14,19.6,34.3,31.9,21.4,31.2,19.6,40,0,1012,5.7,120,0,-30.0346,-51.2177
2020-01-15,24.4,35,34,25.3,29.7,24.8,49,8.64,1007,13.9,300,81,-30.0346,-51.2177
2020-01-16,17.3,24.3,22.6,24.2,23.4,23.5,64,3.08,1017,7.7,190,90,-30.0346,-51.2177
2020-01-17,15.1,26.2,24.2,17.9,25.4,15.1,49,0,1023,5.1,120,75,-30.0346,-51.2177
2020-01-18,16.9,30,27.2,19.4,28.7,16.9,50,0,1019,6.7,110,33,-30.0346,-51.2177
2020-01-19,20,34,30.7,21.9,31.3,20,51,0,1015,6.7,110,0,-30.0346,-51.2177
2020-01-20,22.8,35,32.8,23.9,30.4,22.8,46,0,1011,6.2,110,7,-30.0346,-51.2177
2020-01-21,22.5,30.8,30.4,25.2,24.1,23.7,62,1.8,1009,11.3,80,75,-30.0346,-51.2177
2020-01-22,21.6,28.5,26.5,22.5,26.4,21.6,61,0.3,1013,9.8,80,90,-30.0346,-51.2177
2020-01-23,21.1,28.5,27.8,22.4,26.4,21.2,57,0,1014,8.7,110,40,-30.0346,-51.2177
2020-01-24,20.5,29.3,27.6,21.2,27.9,21,54,0,1013,7.2,150,75,-30.0346,-51.2177
2020-01-25,18.3,31.7,29.1,21.2,31.2,18.3,59,0,1009,3.13,273,0,-30.0346,-51.2177
2020-01-26,21.5,33.9,32.1,24.3,33.4,21.5,51,0,1009,7.7,90,4,-30.0346,-51.2177
2020-01-27,23.6,31.5,31.5,25.4,27.1,24.4,52,3.85,1009,7.7,210,20,-30.0346,-51.2177
2020-01-28,22,29.9,28.8,22.9,27.2,22,54,0,1012,9.8,90,75,-30.0346,-51.2177
2020-01-29,22.4,27.7,23.4,23.3,27.6,22.4,94,1.2,1012,4.6,100,90,-30.0346,-51.2177
2020-01-30,22.6,28,25.4,23.4,27.9,22.6,88,8.52,1010,6.7,290,75,-30.0346,-51.2177
2020-01-31,22.3,29.5,27.1,24.1,24,22.6,83,5.63,1011,6.2,170,75,-30.0346,-51.2177
2020-02-01,20.6,29.9,28.1,21.9,28,21,65,0,1015,7.7,100,75,-30.0346,-51.2177
2020-02-02,20.6,32,30.6,22.2,29.7,20.6,48,0,1015,8.7,100,20,-30.0346,-51.2177
2020-02-03,22.9,31.9,29.6,23.5,29.4,23.1,65,0.3,1016,11.3,90,75,-30.0346,-51.2177
2020-02-04,21.4,33.2,30.5,23.6,29.3,21.4,54,0,1017,11.8,100,75,-30.0346,-51.2177
2020-02-05,23.4,34.4,31.8,24.6,31.7,23.4,48,0,1014,10.3,100,20,-30.0346,-51.2177
2020-02-06,23.4,34.7,33,25.6,31.6,23.4,43,0,1015,8.7,100,20,-30.0346,-51.2177
2020-02-07,23.9,33.9,32.5,25.9,31.6,23.9,52,0,1014,8.2,100,75,-30.0346,-51.2177
2020-02-08,23.6,34.4,32.7,26.3,29.1,25.1,52,1.45,1010,9.8,230,40,-30.0346,-51.2177
2020-02-09,21.9,26.8,25.9,24,26,24.1,69,2.62,1013,7.7,170,75,-30.0346,-51.2177
2020-02-10,18.6,26.4,25.5,20.9,25.2,18.6,73,1.2,1018,6.7,120,75,-30.0346,-51.2177
2020-02-11,18.1,27.6,26.6,20.3,24.5,18.1,54,0,1019,9.3,120,40,-30.0346,-51.2177
2020-02-12,19,29.2,28,20.8,26.6,19,51,0,1017,9.8,100,40,-30.0346,-51.2177
2020-02-13,19.8,32,29.3,21.7,29.9,19.8,45,0,1016,9.3,110,0,-30.0346,-51.2177
2020-02-14,21.1,31.4,30,23.4,30.8,21.1,45,0,1013,5.7,340,100,-30.0346,-51.2177
2020-02-15,24.1,34.3,29.2,26,33.7,24.3,62,1.02,1011,6.2,90,97,-30.0346,-51.2177
2020-02-16,24.1,36,33.5,26.4,34.2,24.1,46,0,1011,7.2,110,0,-30.0346,-51.2177
2020-02-17,24.2,37.1,34.6,26.2,27.6,24.2,46,0.25,1009,11.3,300,98,-30.0346,-51.2177
2020-02-18,24.8,33.1,33.1,25.4,26.6,25.2,62,3.54,1006,5.1,300,91,-30.0346,-51.2177
2020-02-19,22.9,30.9,28.3,24.5,28.3,23.2,61,0,1010,8.2,100,75,-30.0346,-51.2177
2020-02-20,20.6,30.2,28.1,22.5,27.1,20.6,65,0,1011,7.7,170,40,-30.0346,-51.2177
2020-02-21,19.2,25.2,23.2,21.7,23.3,19.3,38,0,1017,6.7,190,10,-30.0346,-51.2177
2020-02-22,14.9,23.9,20.8,18.5,23.4,14.9,52,0,1021,6.2,200,40,-30.0346,-51.2177
2020-02-23,16.1,26.9,25.5,19.4,24.9,16.1,47,0,1020,8.2,110,75,-30.0346,-51.2177
2020-02-24,17.8,33.7,29.9,20,29.4,17.8,45,0,1012,6.2,110,1,-30.0346,-51.2177
2020-02-25,21.5,32.6,30.4,22.6,29.6,23.7,69,19.53,1009,5.7,70,0,-30.0346,-51.2177
2020-02-26,19.3,25.4,23.1,20.9,24.2,21,64,7.97,1011,7.7,180,75,-30.0346,-51.2177
2020-02-27,16,27,24.2,18.3,25.6,16,56,0,1016,6.2,100,20,-30.0346,-51.2177
2020-02-28,16,29.4,27,18.8,27.9,16,57,0,1018,6.2,110,0,-30.0346,-51.2177
2020-02-29,16.7,30.2,27.2,19.7,28,16.9,54,0,1020,6.7,110,0,-30.0346,-51.2177
2020-03-01,17.8,29.7,27.6,20.8,27.2,17.8,51,0,1022,7.7,100,0,-30.0346,-51.2177
2020-03-02,19.2,28.7,28,21.7,26.8,19.2,51,0,1022,9.8,110,20,-30.0346,-51.2177
2020-03-03,18.2,29.7,27.6,20.8,27.5,18.2,51,0,1019,7.7,110,20,-30.0346,-51.2177
2020-03-04,19.6,27.6,26.9,21.7,24.9,19.6,57,0,1017,6.2,110,75,-30.0346,-51.2177
2020-03-05,17.7,28.3,26.2,20.1,26,17.9,47,0,1020,7.2,120,40,-30.0346,-51.2177
2020-03-06,17.9,28.8,27,20.5,26.2,17.9,57,0,1018,8.2,110,75,-30.0346,-51.2177
2020-03-07,17.7,30.6,27.2,20.1,27.7,18.5,57,0,1014,8.2,110,96,-30.0346,-51.2177
2020-03-08,19.8,33.8,30.6,21.4,31.6,20,51,0,1013,7.2,90,0,-30.0346,-51.2177
2020-03-09,21.2,35.8,32.3,23.3,34.7,21.2,48,0,1015,6.2,100,0,-30.0346,-51.2177
2020-03-10,21.7,32,31.1,25.4,27.3,21.9,58,0,1016,7.2,170,0,-30.0346,-51.2177
2020-03-11,21.8,31.8,29.4,23.6,28.6,21.9,61,0,1015,7.2,110,20,-30.0346,-51.2177
2020-03-12,21,37.1,32.9,23.3,36.4,21.3,48,0,1013,5.1,360,93,-30.0346,-51.2177
2020-03-13,22.8,35,32.8,26.5,30.5,22.8,70,0,1015,6.7,130,0,-30.0346,-51.2177
2020-03-14,21.3,37.8,32.4,24.1,36.5,21.4,58,0,1015,5.1,110,20,-30.0346,-51.2177
2020-03-15,24.4,30,29.9,27,26.1,24.4,78,0,1014,5.7,190,75,-30.0346,-51.2177
2020-03-16,20.7,24.3,21,24.3,20.7,22.6,100,7.76,1016,4.6,160,90,-30.0346,-51.2177
2020-03-17,19.3,28.3,26.6,20.8,26.2,19.3,73,0,1016,8.2,110,75,-30.0346,-51.2177
2020-03-18,21.7,28,23.5,21.8,26.8,22,100,8.66,1010,6.2,110,75,-30.0346,-51.2177
2020-03-19,23.1,30.1,27.8,24.1,29.1,23.2,69,0,1009,7.7,290,75,-30.0346,-51.2177
2020-03-20,18.1,26.7,23.9,23.3,26.4,18.1,64,0.76,1012,4.6,280,75,-30.0346,-51.2177
2020-03-21,17.9,28.3,25.7,20.5,25.4,18.1,73,0.25,1015,6.2,140,75,-30.0346,-51.2177
2020-03-22,17.8,29.7,28.1,20.1,26.8,17.8,51,0,1018,7.2,100,20,-30.0346,-51.2177
2020-03-23,19,30.9,29.2,21.7,27.6,19.4,51,0,1020,8.7,110,0,-30.0346,-51.2177
2020-03-24,19.3,30.9,29.1,22.1,26.9,19.4,42,0,1018,8.2,100,0,-30.0346,-51.2177
2020-03-25,17.6,31.9,28.8,20.2,29.2,18.2,47,0,1016,5.7,130,0,-30.0346,-51.2177
2020-03-26,17.9,31.3,28.4,21.2,27.8,18.3,54,0,1015,6.2,160,99,-30.0346,-51.2177
2020-03-27,19.1,30.9,28.6,21.7,27.9,19.5,51,0,1015,7.7,110,20,-30.0346,-51.2177
2020-03-28,21.6,31.9,28.2,23.1,29,21.9,51,0,1015,6.2,100,91,-30.0346,-51.2177
2020-03-29,22.9,30.5,28.2,23.8,30.1,23.3,61,0.51,1017,4.1,100,72,-30.0346,-51.2177
2020-03-30,21,33.2,30.1,23.3,29.9,21.5,62,0,1016,6.7,100,0,-30.0346,-51.2177
2020-03-31,21.6,30.6,29.6,23.4,26.9,21.7,62,0,1015,7.7,120,20,-30.0346,-51.2177
2020-04-01,22,29.5,28.6,23.3,26.9,22.2,65,0,1015,7.7,110,75,-30.0346,-51.2177
2020-04-02,19.6,27.4,24.6,23.6,26.2,22.7,100,8.38,1009,10.3,280,90,-30.0346,-51.2177
2020-04-03,16.6,23,21.2,19,22.1,16.7,64,0.51,1011,9.8,280,75,-30.0346,-51.2177
2020-04-04,15.6,25.6,23,18,24.7,15.6,64,0,1015,4.6,290,40,-30.0346,-51.2177
2020-04-05,14.4,29.3,26.2,17.8,26.2,15.3,53,0,1015,6.7,100,0,-30.0346,-51.2177
2020-04-06,18.5,22.5,20,20.6,22.1,19.9,94,9.9,1014,7.7,250,90,-30.0346,-51.2177
2020-04-07,15.8,21.8,19.6,19.4,20.6,16,52,0,1021,6.2,200,0,-30.0346,-51.2177
2020-04-08,10.8,21,18.8,15,20,11.6,63,0,1022,5.1,300,20,-30.0346,-51.2177
2020-04-09,15.6,22.2,20.7,17.5,20.3,15.9,68,0,1019,5.7,210,75,-30.0346,-51.2177
2020-04-10,15,22.6,20.5,16.3,20.5,15.1,77,1.53,1020,4.1,160,75,-30.0346,-51.2177
2020-04-11,14.4,23.4,20.9,15.8,21.8,14.5,82,1.01,1019,4.1,160,75,-30.0346,-51.2177
2020-04-12,13.3,25.7,23,16.1,22.4,13.3,60,0,1020,8.7,100,20,-30.0346,-51.2177
2020-04-13,15,30.3,25.6,17.6,27.2,15,50,0,1015,6.7,100,100,-30.0346,-51.2177
2020-04-14,15.8,21.8,20.9,20.8,19.2,19.5,68,2.59,1008,12.3,290,40,-30.0346,-51.2177
2020-04-15,14.6,23.1,20,16.2,21.6,14.7,49,0,1013,10.3,290,20,-30.0346,-51.2177
2020-04-16,13.4,22.9,21.3,17.1,21.7,13.4,56,0,1021,7.7,270,1,-30.0346,-51.2177
2020-04-17,14.9,21.4,17.9,18.1,21.2,14.9,93,0.25,1026,8.2,160,90,-30.0346,-51.2177
2020-04-18,15,25.2,20,15.6,23.3,15.9,88,0,1026,6.2,120,75,-30.0346,-51.2177
2020-04-19,15,27.5,24.2,18.4,25.5,17,57,0,1022,6.2,120,0,-30.0346,-51.2177
2020-04-20,15.5,28.5,25.5,18.6,26.6,16.8,47,0,1020,4.6,110,0,-30.0346,-51.2177
2020-04-21,15.7,29.4,25.8,18.7,27.5,16.8,60,0,1018,3.6,80,0,-30.0346,-51.2177
2020-04-22,15.4,27.4,24,19.8,25.1,16.4,73,0,1019,5.1,110,40,-30.0346,-51.2177
2020-04-23,15.5,28.1,24.7,19.2,25.4,16.8,69,0,1018,7.2,110,0,-30.0346,-51.2177
2020-04-24,16.1,30.1,25.9,19.4,27.9,17.4,57,0,1017,6.2,100,0,-30.0346,-51.2177
2020-04-25,16.4,31.7,28.7,19.7,29.9,17.3,42,0,1017,5.1,330,22,-30.0346,-51.2177
2020-04-26,20.1,25.2,23,21.6,23.5,20.3,78,0,1024,6.7,120,90,-30.0346,-51.2177
2020-04-27,20.6,24.6,23.7,21.4,22.5,21,69,0,1024,10.3,90,40,-30.0346,-51.2177
2020-04-28,19.7,31.9,26.3,20.6,27.9,20,61,0,1018,7.7,100,2,-30.0346,-51.2177
2020-04-29,19.4,25.6,23.7,22.8,25.4,21.5,69,0.19,1017,5.1,260,100,-30.0346,-51.2177
2020-04-30,12.7,24.6,20.8,19.1,23.5,14.2,49,0,1019,7.7,280,0,-30.0346,-51.2177
2020-05-01,14,23.7,20,17.3,23.3,14.8,56,0,1021,4.6,270,11,-30.0346,-51.2177
2020-05-02,13.3,21.2,18.9,16.3,19.2,14.2,63,0,1021,4.6,210,75,-30.0346,-51.2177
2020-05-03,11.3,23.3,19.8,16.5,21.2,13.2,68,0,1021,6.2,110,75,-30.0346,-51.2177
2020-05-04,12.1,25.3,22.3,15.7,23.5,13.4,53,0,1016,3.6,270,16,-30.0346,-51.2177
2020-05-05,16.2,19.6,17.9,18.2,18.7,16.5,93,2.37,1011,6.2,280,90,-30.0346,-51.2177
2020-05-06,12.1,17.7,15,16.8,16.6,13.2,72,0,1019,8.2,290,75,-30.0346,-51.2177
2020-05-07,8.9,19.6,16,12.3,18.3,10.1,63,0,1025,4.6,310,53,-30.0346,-51.2177
2020-05-08,8.6,21.4,17,11.9,20.6,9.5,72,0,1026,3.6,90,0,-30.0346,-51.2177
2020-05-09,9.2,24.6,20.7,13.5,23.3,10.5,60,0,1021,3.1,100,0,-30.0346,-51.2177
2020-05-10,10.8,27.5,24.4,14.2,26.1,11.8,47,0,1018,5.1,310,4,-30.0346,-51.2177
2020-05-11,15,31.2,27,16.8,28.8,15.6,50,4.83,1014,7.7,300,99,-30.0346,-51.2177
2020-05-12,17.7,19,18.5,19,18.7,18,100,30.2,1015,3.6,30,90,-30.0346,-51.2177
2020-05-13,16.4,19.3,19,19,17.5,18.7,100,2.93,1013,5.7,220,90,-30.0346,-51.2177
2020-05-14,12.2,19.1,16.8,16.4,17.3,12.8,72,0,1022,4.1,220,0,-30.0346,-51.2177
2020-05-15,9.3,18.7,15.4,11.2,17.1,9.8,77,0,1022,4.1,280,0,-30.0346,-51.2177
2020-05-16,9.5,22.1,18,11.7,20.9,9.8,67,0,1019,7.2,290,0,-30.0346,-51.2177
2020-05-17,12.2,25.6,20.7,15.1,23.8,12.3,64,0,1019,5.7,300,0,-30.0346,-51.2177
2020-05-18,12.4,25.6,21.5,14.7,23.1,13.3,64,0,1022,7.7,100,0,-30.0346,-51.2177
2020-05-19,13.2,28,24.1,17.9,25.5,14.4,53,0,1022,4.6,90,0,-30.0346,-51.2177
2020-05-20,15.1,29.8,25.7,17.4,28.3,15.9,53,0,1020,4.1,20,0,-30.0346,-51.2177
2020-05-21,18.3,25.2,24,19.4,19,20.2,73,23.63,1013,7.2,80,100,-30.0346,-51.2177
2020-05-22,17.9,21.2,19.5,18.5,19.2,18.4,94,8.8,1009,6.2,70,75,-30.0346,-51.2177
2020-05-23,14.5,17.9,16.9,17.9,15.6,17.3,82,12.46,1011,9.3,300,75,-30.0346,-51.2177
2020-05-24,13.7,16.6,15.2,15.8,15.6,14.3,93,4.29,1018,7.7,290,90,-30.0346,-51.2177
2020-05-25,12.6,20.1,17.6,13.7,17.7,12.7,59,0,1009,11.8,280,0,-30.0346,-51.2177
2020-05-26,11.8,17.5,15.8,15.6,16.4,13.6,67,0,1016,10.3,280,75,-30.0346,-51.2177
2020-05-27,8.9,19,16,11.6,18,9.5,82,0,1021,4.1,280,40,-30.0346,-51.2177
2020-05-28,7.9,24.6,17.5,11.3,21.5,8.6,67,0,1020,3.1,110,0,-30.0346,-51.2177
2020-05-29,10.7,24.8,20.1,14.5,22.3,11.6,72,0,1018,3.6,280,0,-30.0346,-51.2177
2020-05-30,11.3,23.7,18.9,14,21.2,12.7,72,0,1017,4.1,280,37,-30.0346,-51.2177
2020-05-31,12.4,19.8,19,13.7,17,13.2,77,1.59,1015,6.7,270,66,-30.0346,-51.2177
2020-06-01,8.5,15,12.7,12.5,13.7,8.8,71,0,1021,5.7,290,20,-30.0346,-51.2177
2020-06-02,7,15.8,14,10.2,14.9,8.5,82,0,1021,4.1,280,20,-30.0346,-51.2177
2020-06-03,11.3,19.1,16.2,12.9,17.3,11.3,77,0.5,1023,5.1,130,75,-30.0346,-51.2177
2020-06-04,13.5,22.2,17.3,13.7,19.7,13.5,88,0,1024,5.1,110,20,-30.0346,-51.2177
2020-06-05,16.4,18.7,18.4,16.5,17.7,16.6,93,24,1019,10.3,100,90,-30.0346,-51.2177
2020-06-06,14.5,17.7,16.1,17.4,15.6,15.6,77,5,1015,9.3,100,75,-30.0346,-51.2177
2020-06-07,13.7,17.5,17.3,15,16.8,14.7,88,0,1018,6.2,290,90,-30.0346,-51.2177
2020-06-08,10.6,20.3,14.4,13.9,18.8,11,100,0,1019,2.6,260,75,-30.0346,-51.2177
2020-06-09,14.8,17.4,17.1,16.2,15.6,15.4,93,2.82,1015,4.6,160,75,-30.0346,-51.2177
2020-06-10,13.1,19.6,16.9,14.8,17.9,13.8,88,16.77,1013,5.1,100,90,-30.0346,-51.2177
2020-06-11,16.8,20.8,19.3,17.7,19.8,16.8,94,1.5,1013,5.7,80,75,-30.0346,-51.2177
2020-06-12,17.4,24.6,22.4,18.5,23.2,19.3,88,5.76,1009,4.6,90,75,-30.0346,-51.2177
2020-06-13,11.5,22.8,17.4,22.2,15.9,20.1,59,27,1019,7.2,280,75,-30.0346,-51.2177
2020-06-14,6.7,14.5,11.3,11,12.6,7.7,62,0,1030,4.1,80,20,-30.0346,-51.2177
2020-06-15,6.4,18.3,14.8,9.7,17,7.3,76,0,1027,4.1,100,10,-30.0346,-51.2177
2020-06-16,11.6,24.6,20.9,13.6,22.4,12,77,0,1024,3.6,80,8,-30.0346,-51.2177
2020-06-17,14.1,26.3,23.6,17.5,23,15.5,69,0,1020,5.1,100,53,-30.0346,-51.2177
2020-06-18,16.7,27.7,25.2,18.7,26.7,18.1,61,0.12,1009,6.7,320,40,-30.0346,-51.2177
2020-06-19,16.4,21.2,18.5,21.2,20.1,16.9,82,1.95,1015,6.7,90,75,-30.0346,-51.2177
2020-06-20,19.1,28.4,23.6,19.1,26.8,20.4,83,5.36,1015,4.6,100,40,-30.0346,-51.2177
2020-06-21,18.9,30.7,27.8,20.1,28.2,20,54,0,1013,7.7,300,4,-30.0346,-51.2177
2020-06-22,16.9,23.3,19.3,23.3,20.1,17.1,82,0.22,1019,6.2,100,90,-30.0346,-51.2177
2020-06-23,15.1,29.8,27.1,17.6,26,15.6,57,0,1012,7.2,330,6,-30.0346,-51.2177
2020-06-24,16.8,30.3,26.5,20.7,28.5,17.8,50,0,1008,7.7,320,100,-30.0346,-51.2177
2020-06-25,12.1,24.6,18.7,21,14.3,24.6,100,19.51,1008,7.7,200,90,-30.0346,-51.2177
2020-06-26,7.9,13.1,12.1,11.5,12.7,8.9,87,0,1024,5.7,290,20,-30.0346,-51.2177
2020-06-27,7.2,15.6,13.9,9.1,13.6,8.5,82,0,1023,5.7,110,20,-30.0346,-51.2177
2020-06-28,7.2,16.1,13.7,10.6,14.9,7.7,82,0,1026,4.1,110,40,-30.0346,-51.2177
2020-06-29,8.7,14.5,12.8,9.8,13.9,9.6,87,7.91,1022,5.7,80,100,-30.0346,-51.2177
2020-06-30,13.1,15.9,15.8,13.6,15.3,15.7,100,65.62,1003,11.8,270,90,-30.0346,-51.2177
2020-07-01,11.4,14.6,13.8,13.5,13.5,11.4,87,1.05,1011,14.4,280,90,-30.0346,-51.2177
2020-07-02,7.4,12.2,11.1,10.8,11.2,9.6,71,0,1021,6.2,290,75,-30.0346,-51.2177
2020-07-03,4.1,12.9,9.7,7.6,11.9,5,81,0,1023,4.1,290,20,-30.0346,-51.2177
2020-07-04,4.6,19.2,13,7.5,17.3,5.1,71,0,1018,4.1,100,0,-30.0346,-51.2177
2020-07-05,12.6,15.6,15,13.3,15,13.2,100,17.31,1012,4.1,280,90,-30.0346,-51.2177
2020-07-06,12.2,14.1,12.9,14.1,12.7,12.3,87,0,1022,5.1,160,90,-30.0346,-51.2177
2020-07-07,11.4,14.8,13.5,11.9,14,12.3,100,62.97,1017,9.3,110,90,-30.0346,-51.2177
2020-07-08,11.6,15.6,14.6,14.8,13.8,14.6,100,19.81,1007,10.8,120,90,-30.0346,-51.2177
2020-07-09,8.7,13.7,11.3,11.6,12.7,9.4,81,0,1023,9.8,290,75,-30.0346,-51.2177
2020-07-10,6.1,19.2,14.6,8.2,18.3,6.4,71,0,1018,4.1,90,0,-30.0346,-51.2177
2020-07-11,12.3,15.9,13.7,13,14.6,14.7,100,5.26,1017,4.1,220,90,-30.0346,-51.2177
2020-07-12,12.6,14.6,14.1,12.6,13.7,13,100,12.7,1010,4.1,110,90,-30.0346,-51.2177
2020-07-13,10.9,15.7,14.4,13.1,14.8,12,44,0,1019,4.6,240,100,-30.0346,-51.2177
2020-07-14,5.9,12.1,10.8,11.4,11.4,6,66,0,1027,7.7,290,0,-30.0346,-51.2177
2020-07-15,2.6,14,9.8,5.9,12.4,4.5,76,0,1027,5.1,110,0,-30.0346,-51.2177
2020-07-16,8,11.6,11.6,8.7,11.4,9.1,81,8.52,1023,5.7,90,90,-30.0346,-51.2177
2020-07-17,10,19.7,14.4,11.6,19.3,10,93,0.25,1021,4.6,90,90,-30.0346,-51.2177
2020-07-18,13.3,29.4,24,15.1,26.3,13.7,78,0,1017,3.1,330,73,-30.0346,-51.2177
2020-07-19,14.9,30.8,26.9,17.6,28.1,16.9,57,0,1017,5.7,340,2,-30.0346,-51.2177
2020-07-20,16.8,28.4,25.9,19.8,26,18,65,0,1017,2.6,290,6,-30.0346,-51.2177
2020-07-21,15.5,28.7,24.7,19,27.2,16.4,57,0,1015,4.6,340,11,-30.0346,-51.2177
2020-07-22,16,29.6,24.4,18.9,26.7,17,60,0,1015,3.1,340,100,-30.0346,-51.2177
2020-07-23,17.3,29.6,26.5,19.1,27,17.8,57,0,1016,5.1,350,100,-30.0346,-51.2177
2020-07-24,14,28.7,26.1,19.6,20.8,19.3,54,0,1012,6.2,180,100,-30.0346,-51.2177
2020-07-25,9,13.7,10.8,13.5,13.5,11.1,87,8.21,1025,9.3,290,75,-30.0346,-51.2177
2020-07-26,6.3,18,14.4,9.3,15.9,7.3,62,0,1025,5.1,90,46,-30.0346,-51.2177
2020-07-27,11.5,20.4,13.5,11.8,19.6,11.5,100,14.88,1017,2.6,60,90,-30.0346,-51.2177
2020-07-28,9.6,14.1,10.8,14.1,11.6,11.8,100,52.37,1020,5.1,50,90,-30.0346,-51.2177
2020-07-29,5.6,12.5,10.8,9.3,11.2,6.3,62,0,1029,3.6,290,40,-30.0346,-51.2177
2020-07-30,4,16.2,13.8,6.8,14.6,5.1,71,0,1031,8.7,100,20,-30.0346,-51.2177
2020-07-31,7.8,21.3,17.6,11,19.6,7.8,67,0,1024,4.6,100,0,-30.0346,-51.2177
2020-08-01,13.9,22.5,20.3,14,20.4,14.6,64,1.78,1025,6.2,110,10,-30.0346,-51.2177
2020-08-02,11.4,26.9,20.7,15.7,24.9,12.1,72,0,1025,3.1,110,22,-30.0346,-51.2177
2020-08-03,13.5,26.9,21.7,16.9,25.7,14.7,77,0,1027,3.6,100,74,-30.0346,-51.2177
2020-08-04,13.3,26.9,22.2,17.9,24.3,13.9,77,0,1027,4.6,290,0,-30.0346,-51.2177
2020-08-05,13.1,26,22.4,15.9,24.5,13.8,60,0,1025,5.7,340,0,-30.0346,-51.2177
2020-08-06,11.6,27.9,22.3,18,26.8,12.9,60,0,1024,2.6,70,0,-30.0346,-51.2177
2020-08-07,14.2,24.1,18.7,16.3,21.4,14.6,82,0,1024,4.1,110,20,-30.0346,-51.2177
2020-08-08,13.1,19,14,14.8,18.4,14.2,100,0,1026,6.2,110,90,-30.0346,-51.2177
2020-08-09,11.9,25.7,19.7,13.1,23.5,12.6,82,0,1021,4.1,100,20,-30.0346,-51.2177
2020-08-10,13.9,30.6,24.5,16.5,28.9,14.1,60,0,1012,6.2,320,0,-30.0346,-51.2177
2020-08-11,8.7,20.8,14.5,20.8,12,14.8,62,12.37,1020,8.7,190,90,-30.0346,-51.2177
2020-08-12,6.9,13.1,10.6,8,12.6,7.9,100,23.44,1018,4.6,110,90,-30.0346,-51.2177
2020-08-13,11.8,15.3,14.1,13.5,14.8,12,100,3.29,1013,3.6,110,90,-30.0346,-51.2177
2020-08-14,14,21,16.6,14.8,18.3,14.1,93,2.28,1014,7.2,40,75,-30.0346,-51.2177
2020-08-15,14.2,21.2,18.7,17.2,20.4,14.5,93,0.11,1009,9.8,30,90,-30.0346,-51.2177
2020-08-16,11.5,19,16.8,14.5,17.8,12.4,63,0,1017,4.22,182,12,-30.0346,-51.2177
2020-08-17,7.4,21.2,17.1,12.1,18.8,9.1,82,0,1017,5.1,100,0,-30.0346,-51.2177
2020-08-18,12.3,24.4,21.1,12.6,22.1,12.5,77,2.29,1010,7.7,40,1,-30.0346,-51.2177
2020-08-19,11.3,17.1,16.5,16.8,14.4,16.3,77,2.54,1015,6.2,230,75,-30.0346,-51.2177
2020-08-20,7.9,11.4,10.7,11.4,10.1,9.3,71,2.7,1029,5.1,210,75,-30.0346,-51.2177
2020-08-21,3.9,13.8,10,8.2,12.9,4.2,66,0,1032,4.6,270,0,-30.0346,-51.2177
2020-08-22,4.4,17.3,13.8,6.4,16,4.8,50,0,1031,20.6,300,0,-30.0346,-51.2177
2020-08-23,6.6,21.6,17.8,10.6,19.1,8.9,67,0,1027,8.2,110,0,-30.0346,-51.2177
2020-08-24,11.3,23.7,20.6,14.2,22,11.9,52,0,1022,5.7,110,0,-30.0346,-51.2177
2020-08-25,12.5,25.9,22.4,15.4,22.5,13.4,49,0,1018,5.7,90,53,-30.0346,-51.2177
2020-08-26,14.3,29.9,24.9,16.5,27.3,14.8,57,0,1014,4.6,90,36,-30.0346,-51.2177
2020-08-27,17,29.9,28.1,19.3,22.5,18.6,39,0,1014,8.2,180,96,-30.0346,-51.2177
2020-08-28,16.3,20,18.7,17,19,17.3,88,0,1017,5.7,70,90,-30.0346,-51.2177
2020-08-29,15.4,30.3,25,17.9,27,16.2,83,1.02,1010,6.2,90,87,-30.0346,-51.2177
2020-08-30,11.6,18,13.7,18,11.9,15.5,93,8.24,1021,5.1,200,90,-30.0346,-51.2177
2020-08-31,10.6,13.5,12.4,11.6,13.2,10.7,71,7.12,1028,5.7,150,90,-30.0346,-51.2177
2020-09-01,11.4,17.5,15,11.4,16.4,11.8,87,0.3,1028,10.3,110,90,-30.0346,-51.2177
2020-09-02,15.6,25.1,21.9,15.6,23,15.7,73,1.08,1017,8.7,110,11,-30.0346,-51.2177
2020-09-03,12,18.8,12,18.4,12.7,14.9,100,8.69,1016,8.2,270,90,-30.0346,-51.2177
2020-09-04,12.2,18.5,16.5,12.4,17.5,12.2,82,0,1021,6.2,100,40,-30.0346,-51.2177
2020-09-05,12.8,15.7,13.4,13,14.7,13,100,9.9,1021,8.7,110,90,-30.0346,-51.2177
2020-09-06,14.8,16,15.8,14.8,15.3,15.7,100,28.1,1018,7.7,110,90,-30.0346,-51.2177
2020-09-07,13.8,15.7,15.6,14.8,15,13.9,93,5.39,1021,8.2,130,90,-30.0346,-51.2177
2020-09-08,15.3,21.1,19,15.3,19.3,15.9,93,1.7,1019,12.3,100,90,-30.0346,-51.2177
2020-09-09,16.8,26.1,22.9,17.6,23.8,17,83,3.07,1016,6.7,100,40,-30.0346,-51.2177
2020-09-10,15.3,22.7,21.1,20.3,19.1,19.1,82,28.31,1018,7.7,240,40,-30.0346,-51.2177
2020-09-11,14.3,25.6,23.9,14.9,23.8,14.8,70,0,1011,5.7,110,11,-30.0346,-51.2177
2020-09-12,16.5,18.7,17.9,18.5,16.5,17.6,100,8.36,1017,6.2,190,90,-30.0346,-51.2177
2020-09-13,17.1,23,20.5,19.2,20.9,17.2,94,4.49,1017,8.2,90,75,-30.0346,-51.2177
2020-09-14,11.3,19.1,14.8,19.1,14.6,18.7,72,6.69,1025,8.7,200,90,-30.0346,-51.2177
2020-09-15,8,18.5,16.9,10.2,17.2,8.5,67,0.76,1023,8.2,100,40,-30.0346,-51.2177
2020-09-16,14.8,18.5,17,15,18.5,15.7,100,31.51,1017,7.2,360,90,-30.0346,-51.2177
2020-09-17,14.3,22.9,18.8,16.9,22.7,15.2,94,0.55,1014,4.1,110,75,-30.0346,-51.2177
2020-09-18,15.2,25.8,22.8,15.9,25.4,15.4,88,0,1012,5.1,250,2,-30.0346,-51.2177
2020-09-19,11.6,19.8,18.6,19.1,14.9,15.9,88,0,1016,6.2,190,90,-30.0346,-51.2177
2020-09-20,10.2,16.8,14.2,11.3,15.7,11.3,50,0,1024,4.1,270,40,-30.0346,-51.2177
2020-09-21,7.3,19.9,16.5,9.7,17.9,7.7,59,0,1024,5.1,130,0,-30.0346,-51.2177
2020-09-22,8.9,18.5,16.3,11.2,17,9.6,59,0,1026,6.2,110,0,-30.0346,-51.2177
2020-09-23,10.3,26.6,21.5,12.3,25.7,11,56,0,1023,4.6,100,22,-30.0346,-51.2177
2020-09-24,14.5,29.1,25.3,17,28.1,15.4,61,0,1020,4.6,130,20,-30.0346,-51.2177
2020-09-25,15.3,27.2,25.5,19.4,23.6,16.7,61,0,1017,7.7,100,76,-30.0346,-51.2177
2020-09-26,17.4,26.2,24.2,17.9,21.6,17.6,69,0.9,1010,11.8,110,40,-30.0346,-51.2177
2020-09-27,19.8,23.5,19.8,20.3,23.4,20.9,100,12.47,1009,9.8,100,90,-30.0346,-51.2177
2020-09-28,16,21.1,17.6,19.6,20.6,16.8,77,0,1014,8.7,290,75,-30.0346,-51.2177
2020-09-29,11.8,23.1,21.3,14.8,20.9,12.7,49,0,1017,7.2,100,0,-30.0346,-51.2177
2020-09-30,17.9,26,20,18.1,23,17.9,100,16.01,1011,7.7,80,90,-30.0346,-51.2177
2020-10-01,21.1,26.1,22.4,21.2,26.1,22.6,100,2.22,1008,7.2,230,75,-30.0346,-51.2177
2020-10-02,14.4,23.1,19.7,23.1,16.1,20.5,100,5.36,1010,8.2,180,90,-30.0346,-51.2177
2020-10-03,12.6,14.6,12.9,14.4,13.3,14.6,100,19.33,1024,7.7,130,90,-30.0346,-51.2177
2020-10-04,14.1,17.9,15.8,14.1,17.3,14.8,93,1.86,1022,11.3,100,90,-30.0346,-51.2177
2020-10-05,16.8,23.2,22.9,16.9,20.7,17.4,78,0,1011,8.2,270,75,-30.0346,-51.2177
2020-10-06,13.2,21.2,19.4,17.3,18.5,13.2,59,0,1016,5.1,280,20,-30.0346,-51.2177
2020-10-07,14.8,20,18,15,18.5,15,93,0,1013,4.6,210,90,-30.0346,-51.2177
2020-10-08,15.1,23,22.2,16.9,20,16.2,68,0,1016,6.7,130,75,-30.0346,-51.2177
2020-10-09,13.6,23.1,20.8,14.9,22.4,13.6,56,0.49,1014,5.1,300,20,-30.0346,-51.2177
2020-10-10,13.9,20.5,18.6,17.5,18.8,14.4,52,0.13,1017,4.6,160,20,-30.0346,-51.2177
2020-10-11,11.2,25.9,22.9,13.2,23.2,11.2,49,0,1018,8.2,100,0,-30.0346,-51.2177
2020-10-12,15.5,26.9,25.2,17.9,25.5,15.7,57,0,1014,7.7,270,0,-30.0346,-51.2177
2020-10-13,14.1,23.4,20.5,16.8,21.7,14.1,60,0,1016,4.6,150,75,-30.0346,-51.2177
2020-10-14,14.7,24,22,15.3,21.3,15.2,64,0,1015,4.6,120,75,-30.0346,-51.2177
2020-10-15,14.6,23.5,22.2,16.6,22,14.6,64,0,1021,6.7,120,75,-30.0346,-51.2177
2020-10-16,17.6,25.1,23.6,18.1,22,17.6,53,0,1024,11.3,100,75,-30.0346,-51.2177
2020-10-17,15.4,26.6,24.5,17.7,23.6,15.4,38,0,1021,6.7,100,9,-30.0346,-51.2177
2020-10-18,17.5,30,27.4,19.5,28.8,17.5,44,0,1014,6.7,100,100,-30.0346,-51.2177
2020-10-19,18.4,33.4,30.5,20.8,31.5,18.4,37,0,1013,5.1,110,0,-30.0346,-51.2177
2020-10-20,18.8,27.3,26.5,22.7,22.7,18.8,61,0,1016,7.2,160,20,-30.0346,-51.2177
2020-10-21,20.2,24.3,23,21.1,21.2,20.9,88,1.45,1021,9.8,130,75,-30.0346,-51.2177
2020-10-22,19.8,26,25.6,20.6,22.9,19.8,61,0,1021,14.4,100,75,-30.0346,-51.2177
2020-10-23,19.7,24.9,23.5,20.3,24.2,19.7,73,0.76,1016,8.2,100,75,-30.0346,-51.2177
2020-10-24,19.6,30.5,28.3,20.6,26.1,19.6,69,0,1012,5.7,180,91,-30.0346,-51.2177
2020-10-25,19.7,31.1,29.2,20.7,26.4,19.7,54,0,1010,10.3,100,20,-30.0346,-51.2177
2020-10-26,19.5,27.1,27,22.4,23.5,21.8,54,18.07,1008,7.2,100,75,-30.0346,-51.2177
2020-10-27,14,19.5,18.4,19.5,17.7,16.9,100,27.97,1005,9.3,290,90,-30.0346,-51.2177
2020-10-28,16,26.6,22.4,16,25.8,17.8,78,0,1006,8.2,280,75,-30.0346,-51.2177
2020-10-29,16.1,19.6,18.7,18.9,18.7,17.7,68,2.25,1015,6.2,200,90,-30.0346,-51.2177
2020-10-30,12.4,20.9,19,16,20.1,13,55,0,1024,6.2,140,75,-30.0346,-51.2177
2020-10-31,15.3,22.2,21.9,16.3,20.2,16.1,49,0,1022,8.2,170,75,-30.0346,-51.2177
2020-11-01,15.3,22.4,21.4,15.6,20.3,15.6,56,0.9,1021,6.7,140,75,-30.0346,-51.2177
2020-11-02,13.1,23.3,21.9,15.2,21.2,13.1,49,0,1018,5.7,130,40,-30.0346,-51.2177
2020-11-03,14.8,22.1,22.1,15.8,19.6,14.8,53,2.23,1018,8.2,160,75,-30.0346,-51.2177
2020-11-04,14.7,20.9,20.4,16.1,19.9,15.3,40,0,1023,6.7,150,75,-30.0346,-51.2177
2020-11-05,12.3,22.5,19.7,14.5,22,12.3,72,0.9,1019,8.2,160,75,-30.0346,-51.2177
2020-11-06,13.6,25.7,23.2,16.2,22.8,13.6,56,0,1019,10.8,110,75,-30.0346,-51.2177
2020-11-07,17.1,27.3,25.8,19,24.1,17.1,54,0.42,1017,8.2,120,40,-30.0346,-51.2177
2020-11-08,19.3,25.4,24.6,20.3,22.8,19.3,65,1.39,1017,9.3,110,75,-30.0346,-51.2177
2020-11-09,19.8,22.2,22.2,20.6,20.8,19.9,78,13.51,1016,8.7,120,75,-30.0346,-51.2177
2020-11-10,19.5,29.1,27.1,20.5,27.9,20,61,0,1013,6.2,240,75,-30.0346,-51.2177
2020-11-11,19.8,27.8,23.1,21.4,25.8,19.9,69,0,1014,5.7,170,90,-30.0346,-51.2177
2020-11-12,20.2,27,24,21.1,26.4,20.2,73,0,1013,6.2,110,90,-30.0346,-51.2177
2020-11-13,20.8,28.4,26.6,20.8,27,21.8,65,0,1013,8.2,100,40,-30.0346,-51.2177
2020-11-14,19.7,32,29.2,20.6,28.7,19.7,51,0,1009,8.2,100,0,-30.0346,-51.2177
2020-11-15,22.2,29.6,29.2,22.6,28.2,22.9,62,13.38,1008,6.2,170,40,-30.0346,-51.2177
2020-11-16,19.5,25.3,24.5,22.9,20.8,22.5,88,8.49,1010,6.7,160,75,-30.0346,-51.2177
2020-11-17,16.4,23.7,22.1,18.3,22.7,16.9,46,0,1013,5.7,150,40,-30.0346,-51.2177
2020-11-18,15.4,23.3,22.7,17.9,22.3,16.5,49,1.64,1014,6.2,130,40,-30.0346,-51.2177
2020-11-19,16,24.5,23.5,17.9,22.5,16.4,44,0,1016,6.2,130,75,-30.0346,-51.2177
2020-11-20,15.8,22.9,22.7,18.1,21.7,15.9,60,0,1017,7.7,110,75,-30.0346,-51.2177
2020-11-21,15.8,24.8,23.2,16.9,23.1,16.5,46,0,1017,7.2,120,75,-30.0346,-51.2177
2020-11-22,15.9,26.1,24,17.1,23.7,16.9,53,0,1019,7.2,100,40,-30.0346,-51.2177
2020-11-23,16.9,29.3,26.9,18.4,26.8,17,44,0,1018,8.2,110,0,-30.0346,-51.2177
2020-11-24,20,34.1,31.7,20.5,30.5,20.4,43,0,1016,7.7,100,0,-30.0346,-51.2177
2020-11-25,21.1,38.5,33.7,22.4,35.9,22.2,34,0.52,1011,10.3,190,0,-30.0346,-51.2177
2020-11-26,21.4,28.3,28.3,22.5,24.8,22.2,54,31.42,1013,7.7,280,90,-30.0346,-51.2177
2020-11-27,21.1,24.3,23.7,21.8,23.3,21.8,78,0.22,1018,8.7,110,90,-30.0346,-51.2177
2020-11-28,21.4,31,30,21.6,29.2,21.7,51,6.47,1016,7.7,100,40,-30.0346,-51.2177
2020-11-29,20.5,30.2,28.8,23.4,29.3,20.7,62,17.49,1011,8.2,280,40,-30.0346,-51.2177
2020-11-30,21.2,25.3,23.8,24.4,23.7,22.6,83,4.19,1015,6.7,180,75,-30.0346,-51.2177
2020-12-01,19.3,26.5,25.6,20.3,24.7,19.9,54,0,1016,10.3,100,75,-30.0346,-51.2177
2020-12-02,20.6,31,29.2,20.8,26.3,20.9,54,11.45,1010,10.3,340,20,-30.0346,-51.2177
2020-12-03,21.3,28.2,27.3,21.6,23.7,22.4,65,1.85,1002,11.3,260,40,-30.0346,-51.2177
2020-12-04,19.8,28.1,25.6,21.8,25.5,20.5,57,0,1015,6.2,150,40,-30.0346,-51.2177
2020-12-05,18.9,21.4,21.2,20.3,20.6,18.9,53,0,1022,6.7,130,90,-30.0346,-51.2177
2020-12-06,18,19.8,19.8,18.7,19.6,18.4,72,0,1020,7.2,110,90,-30.0346,-51.2177
2020-12-07,17.7,24.8,23.3,18,24.3,18.2,64,0,1015,6.7,210,75,-30.0346,-51.2177
2020-12-08,17.8,27.1,25.1,19.4,26,18.1,64,0,1015,5.1,150,75,-30.0346,-51.2177
2020-12-09,20.5,27.3,25.5,21.2,25.9,20.6,61,0,1015,6.2,120,75,-30.0346,-51.2177
2020-12-10,18.6,30.4,28.1,20.3,27.6,18.6,45,0,1013,7.7,110,20,-30.0346,-51.2177
2020-12-11,20.7,37.1,33.1,21.3,36.2,21.5,43,0,1009,6.2,90,0,-30.0346,-51.2177
2020-12-12,23,30.2,23,27.6,29.6,25,78,4.34,1015,8.2,180,90,-30.0346,-51.2177
2020-12-13,21.9,33.2,32.2,23.6,23,22.6,48,12.05,1008,5.7,220,0,-30.0346,-51.2177
2020-12-14,19.5,23.5,23.5,21.9,23.5,19.5,53,0.32,1012,7.2,190,75,-30.0346,-51.2177
2020-12-15,19,31.3,28.4,20.3,29.5,19.1,61,0,1010,5.7,120,20,-30.0346,-51.2177
2020-12-16,21.9,30.2,30.2,22.9,24.6,22.2,58,3.95,1011,7.7,130,40,-30.0346,-51.2177
2020-12-17,22.4,30.2,28.6,23.5,28.1,22.5,65,0,1013,9.3,110,75,-30.0346,-51.2177
2020-12-18,20.5,31.4,29.6,22.1,28.7,20.9,51,0,1010,9.8,100,20,-30.0346,-51.2177
2020-12-19,22.6,31.8,31.8,22.6,26.1,22.6,46,13.92,1002,9.3,300,20,-30.0346,-51.2177
2020-12-20,22.5,28.4,27.1,23.9,26.4,23.2,51,0,1009,8.2,280,0,-30.0346,-51.2177
2020-12-21,18.8,27.1,24.3,21.8,24.6,19.3,49,0,1015,6.7,170,20,-30.0346,-51.2177
2020-12-22,17.1,25.7,24.6,19,25.4,17.4,50,0,1016,6.2,110,40,-30.0346,-51.2177
2020-12-23,17.4,28.8,26.9,19.2,27,18.2,47,0,1014,8.2,110,40,-30.0346,-51.2177
2020-12-24,21.7,31.4,30.7,22.1,28.6,21.7,51,0,1013,10.8,100,20,-30.0346,-51.2177
2020-12-25,22,30.2,29,23.2,27.2,22.3,51,0,1013,10.8,110,40,-30.0346,-51.2177
2020-12-26,20.7,30,29.3,22.4,27,21.2,51,0,1013,8.2,110,40,-30.0346,-51.2177
2020-12-27,22,30.8,29.8,22.6,24.5,22.2,48,1.78,1015,8.7,100,40,-30.0346,-51.2177
2020-12-28,21.5,29.4,28.1,22.6,27,21.8,54,0,1014,9.8,110,75,-30.0346,-51.2177
2020-12-29,21.6,32.7,29.7,22.6,29.9,21.6,54,0,1009,7.2,110,0,-30.0346,-51.2177
2020-12-30,22.9,34,32.2,24.5,32.6,23.1,49,0.56,1005,10.3,250,0,-30.0346,-51.2177
2020-12-31,21.6,28.7,26.4,25.6,27.1,23.1,54,0.36,1010,6.7,260,75,-30.0346,-51.2177
2021-01-01,19.6,28.8,26.1,21.1,27.8,19.9,47,0,1016,6.2,100,0,-30.0346,-51.2177
2021-01-02,18.7,27.7,27.1,21.5,26.2,20,47,0,1015,7.2,160,20,-30.0346,-51.2177
2021-01-03,18.9,29.6,27.4,20.5,28.1,19.3,48,0,1014,10.3,110,40,-30.0346,-51.2177
2021-01-04,20.6,32.2,29,22.6,28.4,21.4,39,0,1011,8.2,110,0,-30.0346,-51.2177
2021-01-05,22.1,29.2,29,23.2,26.6,23.2,54,14.41,1009,5.1,100,75,-30.0346,-51.2177
2021-01-06,21.4,30.4,26,21.4,29,21.8,94,0,1009,5.7,120,90,-30.0346,-51.2177
2021-01-07,23.2,33.2,31.1,23.5,33.2,23.4,51,0,1009,6.69,250,40,-30.0346,-51.2177
2021-01-08,22.4,33.7,31,25.8,32.1,22.4,33,0,1011,6.69,110,20,-30.0346,-51.2177
2021-01-09,21.3,34.6,33.2,24.2,31.2,21.6,26,0,1011,8.23,100,0,-30.0346,-51.2177
2021-01-10,25.5,34.6,32.1,26.5,31.7,25.9,45,0,1011,8.75,100,0,-30.0346,-51.2177
2021-01-11,25.4,37.9,35.5,25.6,33.8,25.4,41,2.05,1009,12.86,220,20,-30.0346,-51.2177
2021-01-12,22.7,27.6,26,25.6,25.3,23.6,69,32.17,1013,9.77,200,75,-30.0346,-51.2177
2021-01-13,20.8,25.6,24.4,22.4,24.8,21.6,61,0,1019,8.23,130,90,-30.0346,-51.2177
2021-01-14,19.9,27.5,26.2,20,25.3,19.9,50,0,1019,10.29,100,75,-30.0346,-51.2177
2021-01-15,20.3,31.9,30.3,21,30.7,20.4,58,0,1012,9.26,100,75,-30.0346,-51.2177
2021-01-16,21.1,32.9,32.4,24.7,22,24.3,43,19.11,1003,12.35,240,40,-30.0346,-51.2177
2021-01-17,21.2,29.6,28.3,21.3,24.1,21.7,74,14.69,1004,7.2,180,75,-30.0346,-51.2177
2021-01-18,21,26.7,25.5,22.6,25.7,21.5,44,0,1014,5.14,140,40,-30.0346,-51.2177
2021-01-19,18.1,27.8,26.4,20.3,25.9,18.5,44,0,1017,7.72,120,40,-30.0346,-51.2177
2021-01-20,21,26.2,25.1,21.6,24.2,21.4,65,0,1017,8.75,100,90,-30.0346,-51.2177
2021-01-21,21.2,27.2,26.6,21.6,26.1,21.8,65,0,1019,10.29,100,75,-30.0346,-51.2177
2021-01-22,21.9,29.3,28.1,23.5,27.5,21.9,51,0,1020,10.29,100,40,-30.0346,-51.2177
2021-01-23,21.5,31.2,29.2,22.9,28.2,21.5,51,0,1016,7.2,110,75,-30.0346,-51.2177
2021-01-24,22.1,33,29.6,23.7,25.7,22.5,54,0.15,1012,9.26,90,75,-30.0346,-51.2177
2021-01-25,20.9,32.6,29,21.6,30.9,20.9,61,0,1009,5.66,90,75,-30.0346,-51.2177
2021-01-26,23,32.8,30.8,24.1,24,23.5,55,16.18,1007,5.14,300,40,-30.0346,-51.2177
2021-01-27,22.6,29.5,28.7,24.5,24,24.3,61,11.22,1004,7.2,280,40,-30.0346,-51.2177
2021-01-28,22,26,25.6,22.6,24.6,22.5,89,26.83,1008,6.69,100,75,-30.0346,-51.2177
2021-01-29,21.8,31.4,28.5,22.6,30,21.9,70,3.87,1006,10.29,90,40,-30.0346,-51.2177
2021-01-30,23.2,32.2,30.3,24.5,31.1,23.6,62,0.49,1009,4.63,260,75,-30.0346,-51.2177
2021-01-31,21.6,28.7,26.6,25.2,28.2,21.6,65,37.7,1009,6.17,60,40,-30.0346,-51.2177
2021-02-01,23.3,31.4,29,25,30.9,23.5,65,0,1010,5.14,250,75,-30.0346,-51.2177
2021-02-02,24.1,33.1,31.6,25.5,27.3,24.6,55,9.72,1010,10.29,80,40,-30.0346,-51.2177
2021-02-03,23.7,29.6,28.5,24.3,24,24.2,83,32.24,1012,5.14,260,75,-30.0346,-51.2177
2021-02-04,20.6,26.4,24,24.7,23.5,21.8,83,1.14,1008,9.26,290,75,-30.0346,-51.2177
2021-02-05,17.9,25.1,23.8,20.2,24.6,17.9,61,0,1010,7.72,280,75,-30.0346,-51.2177
2021-02-06,16.7,27.7,23.7,20,27.4,16.7,57,0,1013,4.63,280,40,-30.0346,-51.2177
2021-02-07,18.2,28.3,26.4,21.2,26.7,18.2,57,0,1015,5.66,150,40,-30.0346,-51.2177
2021-02-08,19.2,28.3,27,21.1,26.4,19.2,47,0,1015,7.2,100,20,-30.0346,-51.2177
2021-02-09,19.3,30.8,28.6,21.8,24.8,19.3,51,0,1015,8.75,120,0,-30.0346,-51.2177
2021-02-10,21.1,31,29.1,22.4,27.4,21.1,48,0.22,1015,9.26,100,20,-30.0346,-51.2177
2021-02-11,21.3,30.2,28.8,22.6,27.5,21.3,39,1.78,1014,7.72,110,0,-30.0346,-51.2177
2021-02-12,22.2,29.6,26,23.2,25.2,22.6,73,5.35,1014,5.66,90,75,-30.0346,-51.2177
2021-02-13,20.7,30.9,28.3,21.9,29.8,20.7,61,0,1011,5.14,100,20,-30.0346,-51.2177
2021-02-14,22.4,28.8,28.8,24.1,25.2,22.8,54,2.86,1007,8.23,290,40,-30.0346,-51.2177
2021-02-15,19.9,29.8,24.6,22.1,28.6,19.9,73,0,1008,4.12,290,0,-30.0346,-51.2177
2021-02-16,20.8,29.1,26.8,23.6,28.2,21.3,69,0,1006,8.75,270,75,-30.0346,-51.2177
2021-02-17,19.2,28,25.8,22.9,27.1,19.2,50,0,1007,8.23,280,75,-30.0346,-51.2177
2021-02-18,19.9,27.9,24.9,22.6,27.7,19.9,61,0,1008,7.2,290,40,-30.0346,-51.2177
2021-02-19,19.9,29.6,27.4,22.4,28.7,19.9,51,0,1011,5.66,270,75,-30.0346,-51.2177
2021-02-20,19.7,30.7,28.8,21.7,26.7,19.7,54,0,1015,6.69,170,40,-30.0346,-51.2177
2021-02-21,20.7,31,29.2,22.9,28,20.9,42,0,1016,8.23,110,20,-30.0346,-51.2177
2021-02-22,21.6,34.2,30.6,23.5,33.2,21.6,45,0,1012,5.66,110,0,-30.0346,-51.2177
2021-02-23,22.6,29,27.6,26.2,27.5,23.7,74,0.34,1011,5.14,150,75,-30.0346,-51.2177
2021-02-24,21.6,29,28,24,27.5,21.7,28,0,1015,6.17,160,0,-30.0346,-51.2177
2021-02-25,20.1,29.6,27.8,21.8,27.8,20.2,48,0,1015,7.72,110,75,-30.0346,-51.2177
2021-02-26,19.4,29.6,28,21.8,26.7,19.5,48,0,1015,8.23,120,40,-30.0346,-51.2177
2021-02-27,21.6,28.8,28,22.4,26.7,22,51,0,1019,11.32,100,75,-30.0346,-51.2177
2021-02-28,22.2,27.8,25.8,22.6,26,22.4,69,0,1018,10.8,100,90,-30.0346,-51.2177
2021-03-01,21.6,30.1,27.7,22.6,27.2,21.6,61,0,1014,8.23,90,75,-30.0346,-51.2177
2021-03-02,19,31.9,30.5,23.1,30.1,22.1,54,0,1012,6.69,120,40,-30.0346,-51.2177
2021-03-03,23.4,32,29,24.1,29.9,23.6,65,0.63,1014,5.66,170,75,-30.0346,-51.2177
2021-03-04,21.6,27.6,27.6,24.7,23.8,24.5,69,20.31,1009,4.12,130,40,-30.0346,-51.2177
2021-03-05,20.9,24.8,23.8,21.3,23.5,21.4,94,9.01,1006,6.17,290,90,-30.0346,-51.2177
2021-03-06,20,26.8,24.7,22.1,25.1,20.5,61,0,1011,5.14,210,75,-30.0346,-51.2177
2021-03-07,16.9,28.3,26.7,19.9,26.7,17.8,47,0,1013,5.66,120,75,-30.0346,-51.2177
2021-03-08,20.5,30.2,28,21.1,28,21,57,0,1012,5.66,180,40,-30.0346,-51.2177
2021-03-09,20.6,26.7,25,23.7,25.6,21.4,65,0,1013,6.69,180,75,-30.0346,-51.2177
2021-03-10,20,26.7,25.8,21.9,25.3,20,53,0,1012,5.66,160,75,-30.0346,-51.2177
2021-03-11,17.9,28.4,25.1,20.1,27.2,17.9,57,0,1013,18.52,330,75,-30.0346,-51.2177
2021-03-12,18.9,28.7,27.4,21.6,27.1,18.9,51,0,1014,5.14,100,40,-30.0346,-51.2177
2021-03-13,18.2,30.3,27.4,21.6,29.1,18.5,57,0,1014,4.63,110,20,-30.0346,-51.2177
2021-03-14,21,29.8,27.9,22.4,27.2,21,61,0,1015,7.2,160,40,-30.0346,-51.2177
2021-03-15,21.6,28.8,26.4,22.4,26.4,21.7,61,0,1015,7.2,120,75,-30.0346,-51.2177
2021-03-16,22.3,33.5,31.2,22.6,31.4,22.3,48,0,1010,5.66,100,20,-30.0346,-51.2177
2021-03-17,22.1,29.6,27.8,25.7,27.9,22.5,74,16.04,1007,7.72,280,75,-30.0346,-51.2177
2021-03-18,20.8,24.8,23.8,23.4,24,21.2,60,36.46,1015,4.12,230,75,-30.0346,-51.2177
2021-03-19,20.1,27,25.3,20.7,25.3,20.8,57,0,1017,7.72,100,75,-30.0346,-51.2177
2021-03-20,20.4,33.1,28.6,21.6,30.8,20.4,48,0,1015,6.17,100,0,-30.0346,-51.2177
2021-03-21,23.1,26.7,24,26.1,26.7,24.7,100,28.77,1015,5.14,300,75,-30.0346,-51.2177
2021-03-22,21.7,24.6,24.5,22.8,24,21.7,73,0,1018,4.63,150,90,-30.0346,-51.2177
2021-03-23,20.8,23.5,22.2,22.6,22.5,21.6,100,0,1015,4.63,140,90,-30.0346,-51.2177
2021-03-24,20.3,27.3,25.7,20.8,25.3,20.7,65,0,1018,6.17,110,75,-30.0346,-51.2177
2021-03-25,20.2,31.7,28.3,21.8,29.3,20.3,58,0.27,1015,7.2,40,0,-30.0346,-51.2177
2021-03-26,22.3,29,28.3,22.4,24.3,22.7,58,12.43,1012,4.12,320,75,-30.0346,-51.2177
2021-03-27,21.6,24.8,23.7,22.1,24.8,21.6,94,18.7,1013,5.14,280,75,-30.0346,-51.2177
2021-03-28,21.7,26.7,26,22.9,26.3,21.8,83,1.78,1011,6.69,280,75,-30.0346,-51.2177
2021-03-29,19.7,25,23.5,21.8,24.2,20.9,50,0,1013,7.72,290,75,-30.0346,-51.2177
2021-03-30,17.9,23.5,20.3,19.4,22.8,18.1,100,0,1013,6.17,300,90,-30.0346,-51.2177
2021-03-31,17,24.9,23.2,18,22.3,17.4,50,36.46,1015,7.72,160,40,-30.0346,-51.2177
2021-04-01,17.7,24.9,23.3,18.6,23.5,17.7,68,0,1016,6.17,130,40,-30.0346,-51.2177
2021-04-02,15.3,23.7,22.7,19.1,20.1,16.7,68,0,1020,6.69,130,75,-30.0346,-51.2177
2021-04-03,18,27.9,25.1,18.9,25.5,18.4,57,0,1019,8.23,100,40,-30.0346,-51.2177
2021-04-04,18.2,28.5,26.4,20.8,25.3,18.4,50,0,1019,7.72,110,20,-30.0346,-51.2177
2021-04-05,18.8,29.3,27.2,21.1,25.1,19,51,0,1018,7.2,110,0,-30.0346,-51.2177
2021-04-06,20.7,29.6,26.8,21.8,27.7,21.2,57,4.66,1018,5.66,100,0,-30.0346,-51.2177
2021-04-07,18.8,28.5,26.6,21.3,26.2,19.4,47,0,1020,9.26,90,20,-30.0346,-51.2177
2021-04-08,19.3,30.8,27.9,21.6,28,20.4,47,34.64,1019,5.66,110,0,-30.0346,-51.2177
2021-04-09,19.7,32.9,29.4,22.8,32.5,20.6,45,0,1017,4.63,340,0,-30.0346,-51.2177
2021-04-10,22.1,33.3,30.3,24.6,31.3,23.3,51,4.33,1013,4.63,90,0,-30.0346,-51.2177
2021-04-11,21.5,33.3,32.5,25.5,24,23.2,29,1.24,1008,7.72,270,0,-30.0346,-51.2177
2021-04-12,18.4,25.6,22.2,21,23,18.9,60,0,1019,5.14,270,75,-30.0346,-51.2177
2021-04-13,18.3,24.6,23.5,18.9,23.2,19.2,57,0,1022,5.14,100,75,-30.0346,-51.2177
2021-04-14,15.1,26.7,25.1,18.6,23.9,16.4,44,0,1019,6.17,110,40,-30.0346,-51.2177
2021-04-15,17.4,27.7,26.1,19.1,25.8,18.4,50,1.54,1016,5.14,90,0,-30.0346,-51.2177
2021-04-16,21,28.2,27.1,22.6,27.5,21.4,50,6.2,1014,4.63,340,0,-30.0346,-51.2177
2021-04-17,21.1,25.7,24.6,22.1,24,21.6,69,8.93,1017,5.14,160,75,-30.0346,-51.2177
2021-04-18,19.4,25.6,22.4,20.5,23.2,20,94,0,1018,7.2,130,75,-30.0346,-51.2177
2021-04-19,15.8,25.1,24.8,19.2,23.5,16.5,50,0,1020,6.69,110,40,-30.0346,-51.2177
2021-04-20,18.4,25.4,25.1,19.5,23.5,18.6,50,0,1021,7.2,100,40,-30.0346,-51.2177
2021-04-21,18.9,24.3,24.1,19.7,22.4,18.9,65,0,1021,11.32,90,75,-30.0346,-51.2177
2021-04-22,16.8,25.4,23.7,19.7,22.4,17.3,57,0,1019,8.75,90,40,-30.0346,-51.2177
2021-04-23,15.8,27.2,24.3,18.6,23.7,16.7,57,0,1017,6.17,110,20,-30.0346,-51.2177
2021-04-24,15.5,27.7,25.4,18.9,26.3,16.7,53,0,1014,6.17,270,0,-30.0346,-51.2177
2021-04-25,17.9,22.1,21.8,20,19.8,17.9,78,0,1013,5.66,280,75,-30.0346,-51.2177
2021-04-26,14.2,20.8,19.7,16.8,20.3,14.9,73,0,1017,4.63,290,40,-30.0346,-51.2177
2021-04-27,13.9,21.6,19.5,16.8,20.3,14.7,52,0,1018,5.66,290,75,-30.0346,-51.2177
2021-04-28,10.7,21.6,18.3,13.7,20,11.2,63,0,1021,4.12,300,75,-30.0346,-51.2177
2021-04-29,12.7,23,20.6,14.8,22,13.1,64,0,1025,4.12,130,40,-30.0346,-51.2177
2021-04-30,12.4,25.6,21.7,15.9,23.9,13.7,64,0,1024,6.17,110,0,-30.0346,-51.2177
2021-05-01,13.9,26.4,22.6,17.5,25.2,15.2,53,0,1021,5.14,100,0,-30.0346,-51.2177
2021-05-02,14.5,29.1,25.6,18.4,28,15.4,53,0,1018,4.12,100,0,-30.0346,-51.2177
2021-05-03,16.8,31.6,28,20.2,30,17.8,57,0,1016,5.66,90,0,-30.0346,-51.2177
2021-05-04,17.9,27.5,27.5,22.4,21.6,20.6,57,16.65,1013,6.17,200,0,-30.0346,-51.2177
2021-05-05,14.5,17.9,16,17.9,15.8,17,94,0.14,1021,4.63,170,90,-30.0346,-51.2177
2021-05-06,13.7,16.9,14.5,15,16,14.3,72,3.8,1022,4.63,210,90,-30.0346,-51.2177
2021-05-07,8.5,19.2,14.7,12.6,18.3,9.5,82,0,1025,4.63,270,20,-30.0346,-51.2177
2021-05-08,9.5,20.8,17.3,12.9,19.1,10.9,77,0,1029,4.63,130,20,-30.0346,-51.2177
2021-05-09,10.6,22.7,19.4,14.2,21.7,11.5,68,0,1026,4.63,110,0,-30.0346,-51.2177
2021-05-10,14.1,25.9,23.4,16,24,14.1,64,0,1019,6.17,190,0,-30.0346,-51.2177
2021-05-11,13.7,18.5,17.7,16.4,15.8,15,72,2.44,1020,5.14,180,40,-30.0346,-51.2177
2021-05-12,10.1,19,15.5,12.5,17.7,10.6,72,0,1022,3.6,280,20,-30.0346,-51.2177
2021-05-13,8.2,20,15.4,10.7,18.5,9.1,82,0,1024,3.09,70,0,-30.0346,-51.2177
2021-05-14,7,19.5,14.5,11.1,18.1,8.5,94,0,1023,5.14,140,20,-30.0346,-51.2177
2021-05-15,9.2,19.5,15.8,11.3,18.6,9.6,88,0,1021,3.6,170,40,-30.0346,-51.2177
2021-05-16,11.8,20,15.1,14.9,18.8,11.9,100,0,1020,3.09,100,75,-30.0346,-51.2177
2021-05-17,14.3,20.8,17.7,14.8,18.6,14.7,77,0,1018,6.17,270,75,-30.0346,-51.2177
2021-05-18,11.4,19.2,16.8,15.1,17.8,12,67,36.46,1021,3.6,160,40,-30.0346,-51.2177
2021-05-19,8,19,14.3,11.2,18,9.3,100,36.46,1018,3.09,80,40,-30.0346,-51.2177
2021-05-20,10.9,16.9,14.2,11.4,16,11.4,82,28.89,1016,3.09,90,75,-30.0346,-51.2177
2021-05-21,13.3,18.1,17.6,14.7,15.8,14,82,48.89,1012,8.75,90,75,-30.0346,-51.2177
2021-05-22,14.6,21.9,20.1,16.9,20.2,15.9,88,5.67,1007,8.75,90,75,-30.0346,-51.2177
2021-05-23,13.7,15.6,15.6,15.1,14.6,13.7,63,0.13,1010,10.8,300,75,-30.0346,-51.2177
2021-05-24,11.9,16.4,14.2,14,15.6,12.2,72,0,1017,10.8,290,40,-30.0346,-51.2177
2021-05-25,8.6,19.1,15.7,11.9,17.5,8.9,67,0,1021,6.17,290,0,-30.0346,-51.2177
2021-05-26,7.9,20,15.1,10.3,18.5,8.6,82,0,1021,3.09,270,0,-30.0346,-51.2177
2021-05-27,9.3,22.7,17.8,10.3,21.2,10.2,68,0,1015,3.09,260,0,-30.0346,-51.2177
2021-05-28,12.1,17.9,17,13.4,16.9,12.4,88,37.27,1004,5.66,180,90,-30.0346,-51.2177
2021-05-29,13.7,20.5,18.4,16,18.5,15.1,94,6.29,1011,6.69,80,0,-30.0346,-51.2177
2021-05-30,7.8,14.8,12.3,13.5,13.5,9.2,35,0,1023,4.63,220,0,-30.0346,-51.2177
2021-05-31,4.6,17.1,11.7,6.8,16.2,5,82,0,1022,4.12,290,0,-30.0346,-51.2177
2021-06-01,6.6,21.1,16.4,9,19.9,7.6,72,0,1017,2.06,320,0,-30.0346,-51.2177
2021-06-02,12.4,22.7,19.7,12.9,20.8,13.1,72,0,1013,5.66,260,0,-30.0346,-51.2177
2021-06-03,9.9,21.8,17.3,13.7,20.1,11.6,88,0,1020,3.09,320,40,-30.0346,-51.2177
2021-06-04,9.5,28.7,21.9,13,26.5,10.9,64,0,1018,3.6,350,0,-30.0346,-51.2177
2021-06-05,16.1,31.5,27.3,17.3,27.5,16.5,54,0.63,1013,9.26,180,0,-30.0346,-51.2177
2021-06-06,15,16.6,16,16.6,15.6,16.3,94,14.54,1020,5.66,160,90,-30.0346,-51.2177
2021-06-07,14.5,19,19,15,16.6,15.2,72,0,1021,9.26,100,40,-30.0346,-51.2177
2021-06-08,15.7,17.4,17.4,16,16.9,15.9,88,40.12,1020,7.2,100,90,-30.0346,-51.2177
2021-06-09,16.2,20.1,19.3,16.9,19.6,16.9,88,6,1020,10.8,90,75,-30.0346,-51.2177
2021-06-10,14.9,17.1,16,15.9,17.1,15.2,100,17.76,1016,4.12,90,90,-30.0346,-51.2177
2021-06-11,11.3,18.5,15.2,15,16.3,13.9,94,0,1020,8.23,280,75,-30.0346,-51.2177
2021-06-12,7.7,18.4,14.7,11.3,16.9,8.8,72,0,1021,6.17,280,0,-30.0346,-51.2177
2021-06-13,8.7,20.8,16.2,11.1,19.3,9.4,77,0,1024,3.09,100,0,-30.0346,-51.2177
2021-06-14,8.9,22.9,17,12.8,20.4,10.3,82,0,1021,3.6,260,0,-30.0346,-51.2177
2021-06-15,11.1,15.6,14.4,13.2,13.7,11.8,100,0,1022,4.12,170,90,-30.0346,-51.2177
2021-06-16,9.4,14,13,12.5,12.7,10.3,67,0,1025,4.12,230,75,-30.0346,-51.2177
2021-06-17,8.4,14,12.1,10.8,12.7,8.9,82,0,1026,3.09,270,75,-30.0346,-51.2177
2021-06-18,8.5,14,12.3,9.4,13.2,9.9,100,0.15,1027,5.66,120,90,-30.0346,-51.2177
2021-06-19,11.4,16.6,14.7,13.2,15.6,12.4,88,20.49,1023,4.63,120,75,-30.0346,-51.2177
2021-06-20,13.4,16.9,14,14.5,16.6,13.9,100,0,1021,3.09,260,90,-30.0346,-51.2177
2021-06-21,13.4,15.3,14.6,14.5,14.2,13.8,94,0,1023,5.14,140,90,-30.0346,-51.2177
2021-06-22,13.4,16.9,15.6,13.7,16.6,13.7,88,0,1024,4.63,120,90,-30.0346,-51.2177
2021-06-23,12.5,20.1,17.3,14.2,18.5,13.1,88,1.57,1023,7.2,90,0,-30.0346,-51.2177
2021-06-24,15.3,22,15.8,15.7,21,16.3,94,10.74,1010,8.23,270,90,-30.0346,-51.2177
2021-06-25,11.8,19,16.3,16.1,17.9,13.8,77,0,1020,7.72,280,0,-30.0346,-51.2177
2021-06-26,11.9,17.1,14.5,11.9,16.8,13.7,100,66.76,1015,5.66,100,90,-30.0346,-51.2177
2021-06-27,10.6,16.9,12.9,16.9,12.1,13.7,88,32.72,1017,8.75,280,90,-30.0346,-51.2177
2021-06-28,7.1,11.3,9.5,9.8,10.6,7.5,66,36.46,1025,9.77,280,40,-30.0346,-51.2177
2021-06-29,7,9,8.7,8.4,9,7.2,66,0,1023,11.83,280,75,-30.0346,-51.2177
2021-06-30,7.9,11.6,8.9,8.7,10.8,7.9,93,0,1029,7.72,290,100,-30.0346,-51.2177
2021-07-01,7.5,16.3,13.2,9.2,14.3,7.9,83,0,1027,1.46,110,98,-30.0346,-51.2177
2021-07-02,9.8,20,17.2,11.3,15.7,10.2,74,0,1023,2.27,332,4,-30.0346,-51.2177
2021-07-03,9.1,18.2,15.7,11.6,15.7,9.1,75,32.82,1026,2.17,322,0,-30.0346,-51.2177
2021-07-04,6.6,15.7,11.4,10.8,14.3,7.8,100,0,1026,3.58,123,90,-30.0346,-51.2177
2021-07-05,7.8,18.4,13.4,10.8,16.5,7.8,89,0,1025,4.92,98,75,-30.0346,-51.2177
2021-07-06,10.7,20,17.7,12.3,17.8,10.7,60,0.25,1024,4.92,84,3,-30.0346,-51.2177
2021-07-07,11.2,23.5,20.5,15.3,20.2,11.5,66,0,1021,4.02,348,8,-30.0346,-51.2177
2021-07-08,12.9,21.7,20.7,16.3,19,13.6,66,0,1022,3.58,111,0,-30.0346,-51.2177
2021-07-09,12.3,22.1,18.2,14.4,19.3,12.6,80,0,1021,2.68,66,20,-30.0346,-51.2177
2021-07-10,12.6,24.8,21.8,15.2,19.4,13.8,63,0,1018,2.89,334,0,-30.0346,-51.2177
2021-07-11,13.8,20.7,17.2,16.6,17.5,14.3,80,0,1020,4.02,100,40,-30.0346,-51.2177
2021-07-12,13.3,24.4,20.6,15.4,21.1,14.2,70,0,1020,3.13,69,20,-30.0346,-51.2177
2021-07-13,14.7,22.7,21.6,16.1,21.2,15.3,69,10.19,1017,3.11,309,100,-30.0346,-51.2177
2021-07-14,16.7,20.6,18.8,18.4,19,16.9,80,4.52,1015,6.26,172,100,-30.0346,-51.2177
2021-07-15,14.1,18.5,16.5,16.6,15.9,15.5,96,14.68,1012,4.47,235,100,-30.0346,-51.2177
2021-07-16,12,16.8,15.5,14,14.4,12.2,80,0,1020,3.58,124,13,-30.0346,-51.2177
2021-07-17,9.8,17.5,10.8,12.3,15.2,11.1,100,0,1018,5.66,280,90,-30.0346,-51.2177
2021-07-18,7.2,13.5,11.6,12.9,11.8,7.8,52,0,1019,5.81,308,3,-30.0346,-51.2177
2021-07-19,8,12.1,10.3,10.8,11.1,9.6,74,0,1024,5.89,266,8,-30.0346,-51.2177
2021-07-20,5.4,15.8,13.2,7.8,12.9,5.7,52,0,1026,3.29,295,2,-30.0346,-51.2177
2021-07-21,6.4,17.8,13.4,8,16.1,6.5,76,0,1025,3.13,61,0,-30.0346,-51.2177
2021-07-22,7.1,20,16.8,9.5,18.1,8.4,43,0,1027,2.24,98,4,-30.0346,-51.2177
2021-07-23,10,27.9,20.8,12.9,21.3,10,63,0,1021,1.62,339,7,-30.0346,-51.2177
2021-07-24,10.5,27,23.3,13.8,21.3,11,40,0,1019,2.24,84,0,-30.0346,-51.2177
2021-07-25,15.6,28.1,26.6,18,26.6,15.9,50,0,1012,4.03,322,0,-30.0346,-51.2177
2021-07-26,15.6,23.7,19.5,23.7,16.3,18.7,88,27.26,1012,3.58,183,90,-30.0346,-51.2177
2021-07-27,7,16.2,12.9,16.2,10.5,11.8,70,3.74,1017,5.81,209,50,-30.0346,-51.2177
2021-07-28,4.5,10,10,6.5,6.3,4.9,64,2.02,1019,8.94,258,4,-30.0346,-51.2177
2021-07-29,3.2,10.7,8.9,5.5,9.4,3.4,69,0,1027,4.02,310,5,-30.0346,-51.2177
2021-07-30,3,13.3,11.4,5.9,11.7,3.1,64,0,1030,3.13,166,1,-30.0346,-51.2177
2021-07-31,4.9,18.5,16,8.9,12.9,4.9,42,0,1029,2.68,129,0,-30.0346,-51.2177
2021-08-01,7.4,19.1,16.7,10.9,15.5,7.9,71,0,1029,3.13,171,0,-30.0346,-51.2177
2021-08-02,9.5,15.5,15.5,10.2,12.5,10.2,60,0,1029,2.68,173,0,-30.0346,-51.2177
2021-08-03,9.2,15.6,15.2,10.2,13.5,10,73,0,1029,3.13,254,55,-30.0346,-51.2177
2021-08-04,11.1,18.6,12.8,11.2,13.9,11.1,100,1.98,1032,4.19,123,90,-30.0346,-51.2177
2021-08-05,13.7,21.5,20.1,14.6,17.8,14,77,37.09,1028,6.26,89,100,-30.0346,-51.2177
2021-08-06,13.7,22.2,19.7,15.9,20.3,13.7,70,0.32,1026,3.13,58,96,-30.0346,-51.2177
2021-08-07,14.7,27.1,24.1,16.7,24,15.2,60,0,1021,3.13,94,3,-30.0346,-51.2177
2021-08-08,15.9,28.4,24.9,19.3,24.6,16.5,62,0,1018,3.13,60,0,-30.0346,-51.2177
2021-08-09,16.7,26.9,26.9,20,18.5,17.7,56,3.13,1015,2.79,174,5,-30.0346,-51.2177
2021-08-10,12.2,17.2,14.1,17.1,13.7,15.4,92,0.46,1020,4.92,224,100,-30.0346,-51.2177
2021-08-11,8.8,14.4,12.7,12.2,11.9,10.9,67,0,1026,4.47,216,39,-30.0346,-51.2177
2021-08-12,6.5,13.3,11.4,8.8,11.9,6.6,79,0,1028,4.02,123,93,-30.0346,-51.2177
2021-08-13,11.3,18.2,17.3,11.3,15.9,12.1,71,0,1026,8.49,108,96,-30.0346,-51.2177
2021-08-14,13.5,22.4,20.9,14.4,19.8,13.5,65,10.25,1021,3.58,59,30,-30.0346,-51.2177
2021-08-15,13.1,19.6,19.3,15.3,15.9,13.3,79,0,1018,4.92,142,100,-30.0346,-51.2177
2021-08-16,13.1,20.1,18.9,14.6,16.7,13.3,68,0,1017,2.68,94,75,-30.0346,-51.2177
2021-08-17,14.6,26.7,21.5,15.9,25.2,15.1,78,0,1014,3.13,94,40,-30.0346,-51.2177
2021-08-18,16.8,21.3,21.1,19.3,20,18.2,82,39.42,1015,9.77,80,57,-30.0346,-51.2177
2021-08-19,17.4,33.9,31,20,29.6,17.9,50,26.89,1008,3.13,13,0,-30.0346,-51.2177
2021-08-20,17.6,24.8,20.1,24.8,20.7,19,76,1.81,1015,7.15,167,100,-30.0346,-51.2177
2021-08-21,15.1,21.4,15.8,16.7,16.8,15.2,94,12.31,1020,4.47,173,90,-30.0346,-51.2177
2021-08-22,15,32.7,28.6,16.6,28.3,15.6,59,0,1007,4.82,312,0,-30.0346,-51.2177
2021-08-23,15.5,20.9,18,20.9,17.9,16.9,60,0,1013,5.81,94,98,-30.0346,-51.2177
2021-08-24,15.5,21.6,17.8,15.7,16.8,15.6,88,19.06,1009,8.23,90,90,-30.0346,-51.2177
2021-08-25,15.7,19.4,18.9,16.8,18.5,17.8,96,70.75,1006,3.58,124,100,-30.0346,-51.2177
2021-08-26,12.8,16.1,13.7,15.7,15.2,13.4,88,0.87,1016,8.49,209,90,-30.0346,-51.2177
2021-08-27,10.7,19.6,17.2,13.7,17.2,11.6,75,0,1023,4.02,156,0,-30.0346,-51.2177
2021-08-28,11.3,21.2,19.3,13.4,17.8,11.6,71,0,1024,7.15,69,3,-30.0346,-51.2177
2021-08-29,14.8,24.2,22.2,15.9,21.1,15,64,0,1025,4.47,84,15,-30.0346,-51.2177
2021-08-30,15.1,25.5,22.8,17.8,21.1,15.6,62,0,1023,4.92,57,0,-30.0346,-51.2177
2021-08-31,16.3,28.2,24.6,19.1,23.9,17.3,54,0,1022,4.02,71,0,-30.0346,-51.2177
2021-09-01,15.7,28.9,25.7,20,26.1,18.3,53,0,1019,2.24,4,92,-30.0346,-51.2177
2021-09-02,16.3,29.6,26.7,21.1,22.2,16.3,60,0,1015,3.58,245,100,-30.0346,-51.2177
2021-09-03,16.9,21.8,19.9,21.8,18.7,19,76,0,1016,4.47,183,100,-30.0346,-51.2177
2021-09-04,15.4,20.7,17.8,16.5,17.8,15.4,77,9.89,1017,5.81,56,22,-30.0346,-51.2177
2021-09-05,15,20,18.9,15.7,18.9,15.7,82,3.04,1015,5.36,219,100,-30.0346,-51.2177
2021-09-06,16.1,22.2,21,16.6,19.5,16.3,72,8.02,1018,7.6,113,12,-30.0346,-51.2177
2021-09-07,16.7,17.8,16.8,17.5,17.2,17.2,97,46.66,1017,5.81,98,90,-30.0346,-51.2177
2021-09-08,17.3,19.9,18.5,17.3,19.6,17.4,96,53.77,1006,5.81,89,100,-30.0346,-51.2177
2021-09-09,14.1,20.7,19.6,19,17.4,14.9,59,0,1011,4.92,247,20,-30.0346,-51.2177
2021-09-10,13.6,17,16.4,13.6,16.8,14.6,72,0,1017,5.36,289,93,-30.0346,-51.2177
2021-09-11,14.8,20.4,18.3,15.6,18.2,15,65,0,1020,3.58,251,5,-30.0346,-51.2177
2021-09-12,12.9,28.7,24.1,14.8,25.6,12.9,61,0,1015,4.47,72,12,-30.0346,-51.2177
2021-09-13,18.3,22.3,18.9,21.7,18.9,19.6,93,42.71,1009,8.05,201,90,-30.0346,-51.2177
2021-09-14,16.3,19.6,17.8,18.9,18.9,17.8,95,22.68,1010,4.7,163,100,-30.0346,-51.2177
2021-09-15,13.1,19.6,18.2,15.6,17.2,13.7,44,0,1023,4.02,125,0,-30.0346,-51.2177
2021-09-16,12.1,19.3,18.7,13,17.3,12.4,52,0,1027,4.92,98,21,-30.0346,-51.2177
2021-09-17,13.4,18.9,18.8,14,16,13.8,70,12.6,1020,4.02,79,80,-30.0346,-51.2177
2021-09-18,14.8,23.3,20.2,15.9,20.5,14.9,86,0,1015,3.58,124,89,-30.0346,-51.2177
2021-09-19,17.9,25.5,24.6,18.6,21.5,17.9,63,0.83,1014,5.36,182,28,-30.0346,-51.2177
2021-09-20,19.9,25.7,25.7,20.3,21.8,21.1,86,0.31,1010,4.47,196,97,-30.0346,-51.2177
2021-09-21,15,19.9,17.9,19.9,16.3,15.8,71,0,1021,5.81,259,100,-30.0346,-51.2177
2021-09-22,13.4,21.1,21,14.2,18.4,14.2,54,0,1023,7.6,98,61,-30.0346,-51.2177
2021-09-23,14.4,20.2,20,15.6,18.9,14.4,57,2.37,1018,4.92,94,98,-30.0346,-51.2177
2021-09-24,15.6,20.6,17.8,15.7,18.3,15.6,75,0,1020,4.02,133,86,-30.0346,-51.2177
2021-09-25,13.2,22.5,20.7,16.3,21.3,14.1,67,0,1019,4.47,110,0,-30.0346,-51.2177
2021-09-26,15.4,25.7,23.9,16.5,22.4,15.4,70,0,1017,5.36,164,0,-30.0346,-51.2177
2021-09-27,17.8,27.8,25.6,17.8,23.3,18.2,70,0,1017,3.58,149,0,-30.0346,-51.2177
2021-09-28,17.3,20.6,20.6,19.6,18.5,18.9,84,28.65,1015,4.47,215,100,-30.0346,-51.2177
2021-09-29,17.3,21.3,21.1,17.3,19.5,17.3,81,0,1017,5.81,137,75,-30.0346,-51.2177
2021-09-30,15.1,23.9,22.8,16.8,19.2,15.1,67,24.89,1013,8.05,89,98,-30.0346,-51.2177
2021-10-01,17,24,19.9,17.5,21.8,17,90,1.46,1010,4.92,150,100,-30.0346,-51.2177
2021-10-02,15.6,22.3,21.2,17.4,20,15.7,70,0,1012,4.92,118,99,-30.0346,-51.2177
2021-10-03,16.5,21.6,20.6,17,19,16.6,83,9.45,1007,7.15,133,100,-30.0346,-51.2177
2021-10-04,13.3,19,15.4,16.8,16.1,15.2,67,0,1017,4.92,139,94,-30.0346,-51.2177
2021-10-05,12.2,21.7,18.9,13.9,18.3,12.2,57,0,1020,4.47,104,0,-30.0346,-51.2177
2021-10-06,12.7,22.4,21.7,15,20.4,14.2,68,0.7,1013,4.92,68,79,-30.0346,-51.2177
2021-10-07,12.4,18.9,17.2,15.6,17,12.4,63,0,1020,4.47,210,27,-30.0346,-51.2177
2021-10-08,13.7,20.8,20.8,14.4,18.5,13.7,61,1.84,1016,5.81,100,37,-30.0346,-51.2177
2021-10-09,15.9,22.2,20,16.7,18.3,16,78,1.77,1016,7.15,74,100,-30.0346,-51.2177
2021-10-10,17.3,22.2,19,18.1,20.6,17.4,82,0,1018,7.15,79,100,-30.0346,-51.2177
2021-10-11,17.4,20.6,18,18.9,18.3,17.4,84,5.75,1018,5.81,60,100,-30.0346,-51.2177
2021-10-12,17,26.7,25,18.3,22,17.4,69,0,1013,2.68,77,45,-30.0346,-51.2177
2021-10-13,18.5,30,27.7,20.5,25.6,18.5,58,0.67,1010,4.47,41,0,-30.0346,-51.2177
2021-10-14,19.2,30,28.3,22.8,25.6,21.8,59,5.4,1003,4.08,327,98,-30.0346,-51.2177
2021-10-15,16.7,23.3,20,23.3,17.2,20.7,91,33.06,1012,7.15,194,100,-30.0346,-51.2177
2021-10-16,15.7,18.5,16.9,16.7,17.4,16.1,91,0,1020,4.92,175,100,-30.0346,-51.2177
2021-10-17,15,20.7,19.2,15.7,19.5,15,64,0,1020,5.36,80,16,-30.0346,-51.2177
2021-10-18,14.3,22.9,21.5,15.9,20.2,14.3,64,0,1020,6.71,173,45,-30.0346,-51.2177
2021-10-19,14,22.3,21.5,16.5,20.3,14,55,0,1023,5.36,94,0,-30.0346,-51.2177
2021-10-20,13.7,22.2,21.5,15.3,19,13.7,50,0,1020,5.81,76,1,-30.0346,-51.2177
2021-10-21,14.5,26.7,24,15.6,23.3,14.5,55,0,1015,4.47,165,58,-30.0346,-51.2177
2021-10-22,16.1,27.1,23.9,18.7,23.6,16.2,68,0,1013,6.26,151,0,-30.0346,-51.2177
2021-10-23,17.3,26.7,26.3,18.9,20,17.3,62,6.68,1003,5.36,202,93,-30.0346,-51.2177
2021-10-24,15.1,23.9,22.1,16.7,21.7,15.1,55,0,1014,4.47,252,0,-30.0346,-51.2177
2021-10-25,13.3,28.3,24.7,16.9,23.9,13.3,48,0,1017,3.21,318,0,-30.0346,-51.2177
2021-10-26,16.5,32.9,29.3,17.1,27.1,16.6,43,0,1018,3.13,105,0,-30.0346,-51.2177
2021-10-27,19.3,33.2,31.6,22.9,26.7,19.3,39,0,1021,4.92,84,0,-30.0346,-51.2177
2021-10-28,16.6,28.6,28.6,20.2,25.3,16.6,58,0,1022,7.15,123,0,-30.0346,-51.2177
2021-10-29,18.5,27.6,27.3,19.5,22.8,18.5,59,0,1019,7.15,62,87,-30.0346,-51.2177
2021-10-30,19.5,30.7,26.7,20.6,25.7,19.9,66,0,1016,6.71,89,77,-30.0346,-51.2177
2021-10-31,19.9,28.9,28.4,20.6,27.2,19.9,61,0,1015,5.36,102,4,-30.0346,-51.2177
2021-11-01,20.1,30.6,28.8,21.1,25.6,20.2,56,0,1015,5.81,106,3,-30.0346,-51.2177
2021-11-02,20.1,30.8,30.2,21.6,27.1,20.1,57,0,1013,5.81,31,0,-30.0346,-51.2177
2021-11-03,20,26.6,21.8,21.7,23.9,20.6,100,11.22,1011,6.26,228,90,-30.0346,-51.2177
2021-11-04,19.5,29.7,27.3,20.2,25.7,19.9,70,0,1009,4.47,113,2,-30.0346,-51.2177
2021-11-05,20.1,30.2,30.2,22.1,26.4,20.1,51,0,1011,4.02,137,0,-30.0346,-51.2177
2021-11-06,16.7,23.4,22.1,21.8,18.6,21.3,89,0.18,1015,5.36,171,75,-30.0346,-51.2177
2021-11-07,16.7,22.9,22.9,17.6,21,17.1,59,0,1016,6.26,163,14,-30.0346,-51.2177
2021-11-08,16.3,24.1,23.3,17.2,22,16.5,59,0,1015,6.26,173,8,-30.0346,-51.2177
2021-11-09,15.6,24.8,24.3,18,23.3,15.6,55,0,1017,4.92,175,0,-30.0346,-51.2177
2021-11-10,16.2,24.6,23.4,17.8,22.2,16.7,51,36.46,1018,5.81,102,56,-30.0346,-51.2177
2021-11-11,17.5,23.9,23.7,18.3,20.7,18,57,0,1021,7.6,94,53,-30.0346,-51.2177
2021-11-12,16.1,23.2,22.5,17.8,21.4,16.6,63,0,1021,7.15,70,66,-30.0346,-51.2177
2021-11-13,15.5,26.1,24.8,17.2,23.3,16,53,0,1016,5.81,143,0,-30.0346,-51.2177
2021-11-14,17.3,31.1,27.2,18.3,27.2,17.3,46,0,1014,5.36,94,21,-30.0346,-51.2177
2021-11-15,20,32.2,28.7,22.7,27.2,20,55,0,1014,6.26,94,100,-30.0346,-51.2177
2021-11-16,20.6,35,32.9,22.4,23.1,21.7,39,11.64,1010,7.6,187,50,-30.0346,-51.2177
2021-11-17,15.7,21,17.4,21,16.7,20.6,87,1.88,1014,6.71,156,100,-30.0346,-51.2177
2021-11-18,15.7,18.5,18.5,16.6,18.2,16,81,7.24,1013,5.36,84,90,-30.0346,-51.2177
2021-11-19,17,23.3,21.7,17.8,22.6,17.3,65,0.48,1016,4.47,94,99,-30.0346,-51.2177
2021-11-20,14.2,28.5,25,16.6,27.2,14.5,56,0,1017,3.94,99,0,-30.0346,-51.2177
2021-11-21,16.8,33.1,30.1,19,31.1,17.2,50,0,1014,3.75,99,0,-30.0346,-51.2177
2021-11-22,19.8,36.2,33.9,23.3,35.2,19.8,34,0,1009,4.02,108,0,-30.0346,-51.2177
2021-11-23,18.4,26.3,23.9,26.3,22.6,22.1,67,0.42,1015,8.49,239,39,-30.0346,-51.2177
2021-11-24,16.3,29,26.8,18.2,24.9,16.8,37,0,1015,5.81,59,0,-30.0346,-51.2177
2021-11-25,18.4,33.9,31.7,19.7,22.8,19,48,13.78,1006,6.26,254,43,-30.0346,-51.2177
2021-11-26,20.3,26.2,23,22.2,22.3,20.7,73,0.32,1002,8.75,280,78,-30.0346,-51.2177
2021-11-27,19.6,25.8,24.1,20.2,23.8,19.9,74,0,1007,5.47,161,84,-30.0346,-51.2177
2021-11-28,20.2,28,27.2,21.8,26.3,20.6,58,2.36,1007,2.57,320,100,-30.0346,-51.2177
2021-11-29,19.7,27.8,26.8,22.5,26.1,19.7,43,0,1002,7.19,297,35,-30.0346,-51.2177
2021-11-30,20.6,28.2,25,22.7,26,20.6,62,0,1007,4.92,260,55,-30.0346,-51.2177
2021-12-01,18.6,23.5,21,20.8,22,19.6,86,0,1013,4.47,153,75,-30.0346,-51.2177
2021-12-02,17.6,24.4,23.3,18.3,22,18,61,0,1014,5.36,89,80,-30.0346,-51.2177
2021-12-03,17.3,25.8,25,18.8,23.2,18,62,0,1014,7.15,104,35,-30.0346,-51.2177
2021-12-04,19.1,29.9,28.1,20,24.6,19.1,55,0,1015,6.71,89,98,-30.0346,-51.2177
2021-12-05,20.7,27.3,26.7,21.5,24.9,21.1,71,0,1015,5.36,110,95,-30.0346,-51.2177
2021-12-06,18.6,25.5,24.6,21.4,22.7,18.6,71,12.23,1017,6.26,58,33,-30.0346,-51.2177
2021-12-07,18.7,25.2,24.2,19.2,23.1,18.7,58,0,1020,7.6,94,0,-30.0346,-51.2177
2021-12-08,17.9,25.5,24.1,18.9,23.7,18.3,56,0,1019,5.81,64,3,-30.0346,-51.2177
2021-12-09,17.3,25.1,23,19.2,23.3,17.9,72,0,1017,7.15,108,63,-30.0346,-51.2177
2021-12-10,17.3,26.1,25,18.8,24,17.5,50,0,1013,5.36,107,43,-30.0346,-51.2177
2021-12-11,18.2,26.9,25.6,18.8,24.9,18.2,58,0,1007,5.36,117,62,-30.0346,-51.2177
2021-12-12,19.7,31.6,29.4,20.5,28.2,19.9,54,0,1007,6.26,48,0,-30.0346,-51.2177
2021-12-13,22.1,32.8,30,22.3,29.4,22.6,65,0,1009,5.36,59,18,-30.0346,-51.2177
2021-12-14,21.3,24.4,23.7,24.2,23.2,23.3,93,25.19,1011,6.71,84,100,-30.0346,-51.2177
2021-12-15,21.7,27.3,27.2,21.7,25.2,22.2,66,0.31,1010,5.36,94,94,-30.0346,-51.2177
2021-12-16,21.8,26.3,24.7,23.1,24.7,22.3,87,0,1011,4.92,244,99,-30.0346,-51.2177
2021-12-17,20.1,27.9,27.2,21.5,24.7,20.1,57,0,1015,7.04,144,53,-30.0346,-51.2177
2021-12-18,20.6,25.1,24.4,20.8,24.1,20.7,75,0,1017,7.15,65,100,-30.0346,-51.2177
2021-12-19,19.1,30.6,28.2,20.5,28,19.1,61,0,1014,4.92,138,0,-30.0346,-51.2177
2021-12-20,21.4,32.8,30.7,22.8,28.6,22.1,58,0,1010,4.47,175,4,-30.0346,-51.2177
2021-12-21,21.7,29.7,28.3,22.8,28.2,21.7,66,0.24,1008,4.02,194,5,-30.0346,-51.2177
2021-12-22,21.7,27.3,26.8,23.9,25.5,22.7,63,0,1011,5.36,183,39,-30.0346,-51.2177
2021-12-23,20.5,26.9,25.9,21.1,25.3,20.5,62,0,1015,5.81,175,67,-30.0346,-51.2177
2021-12-24,19.3,28.6,27.1,20.6,25.3,19.5,47,0,1013,6.26,132,0,-30.0346,-51.2177
2021-12-25,18.9,31.5,29.3,20.6,28.2,19.4,53,0,1009,4.92,169,0,-30.0346,-51.2177
2021-12-26,20.6,30.4,27.8,22.2,27.1,21.1,59,0.53,1009,4.92,165,67,-30.0346,-51.2177
2021-12-27,20.2,33.4,29.8,22.1,31.1,20.2,52,0,1009,4.47,80,0,-30.0346,-51.2177
2021-12-28,21.6,29.6,28.9,23.3,26.5,21.8,57,0,1012,5.81,98,0,-30.0346,-51.2177
2021-12-29,19.8,31.8,28.6,21,26,20,61,0,1015,7.15,67,0,-30.0346,-51.2177
2021-12-30,21.5,32.2,30.9,21.9,28.2,21.5,56,0,1010,7.15,127,38,-30.0346,-51.2177
2021-12-31,22.9,34.8,32,23.3,30.9,23.5,44,0,1007,6.69,110,0,-30.0346,-51.2177
2022-01-01,22.5,34.7,32.5,23.9,31.5,22.5,55,0,1005,6.26,84,0,-30.0346,-51.2177
2022-01-02,22.8,37.3,37.3,22.8,24.6,23.5,34,13.79,1007,7.6,237,36,-30.0346,-51.2177
2022-01-03,23.2,33.6,31.5,23.9,31.1,23.2,66,0,1008,5.81,78,37,-30.0346,-51.2177
2022-01-04,24.5,28.9,27.3,25.6,27.8,24.8,77,17.85,1006,3.58,84,100,-30.0346,-51.2177
2022-01-05,21,24.4,23.9,24.4,21.8,23.9,83,9.86,1007,5.81,241,92,-30.0346,-51.2177
2022-01-06,19.8,25.7,25.7,21,23.6,19.8,53,0,1014,4.92,132,100,-30.0346,-51.2177
2022-01-07,19.2,26.3,25,20.2,24.3,19.2,61,0,1016,6.26,100,10,-30.0346,-51.2177
2022-01-08,19.2,26.9,26.7,20.2,24.9,19.2,59,0,1016,7.6,48,0,-30.0346,-51.2177
2022-01-09,19.4,29.6,27.4,21.1,25.6,19.8,35,0,1016,7.15,144,0,-30.0346,-51.2177
2022-01-10,19.5,29.9,28.4,21.1,27.6,19.5,62,0,1013,5.81,84,6,-30.0346,-51.2177
2022-01-11,20.5,33.2,29.4,22.2,31.1,20.5,59,0,1010,4.02,140,0,-30.0346,-51.2177
2022-01-12,20.4,33.3,31.3,23.3,31.1,20.4,31,0,1012,6.26,131,0,-30.0346,-51.2177
2022-01-13,21.3,33.6,31.2,22.8,29.6,21.3,58,0,1015,6.71,78,0,-30.0346,-51.2177
2022-01-14,22.1,37.6,35.6,23.2,32.8,22.1,31,0,1014,5.36,89,0,-30.0346,-51.2177
2022-01-15,25.3,36.3,34.4,26.3,30,25.7,53,0.87,1013,6.3,4,59,-30.0346,-51.2177
2022-01-16,23.8,39.2,28.9,26.3,31.3,23.8,63,24.95,1010,8.75,320,100,-30.0346,-51.2177
2022-01-17,22.2,38.9,37.5,23.8,32.4,25.5,32,25.04,1007,8.75,260,22,-30.0346,-51.2177
2022-01-18,22.2,31.3,30.5,22.2,26.5,23,57,1.69,1013,4.97,183,98,-30.0346,-51.2177
2022-01-19,23.2,36.8,32.2,25.3,33.9,23.2,60,0,1015,4.47,182,57,-30.0346,-51.2177
2022-01-20,25.4,35.9,33.3,27.9,32.4,25.4,62,0,1013,4.92,71,0,-30.0346,-51.2177
2022-01-21,24.7,34.4,32.8,25.7,31.1,25,61,0,1010,4.92,113,0,-30.0346,-51.2177
2022-01-22,25.3,39.6,35.6,26.7,35,25.3,57,8.15,1009,4.02,77,1,-30.0346,-51.2177
2022-01-23,24.8,39.4,33.8,30.6,24.8,28.5,59,31.41,1009,11.32,240,0,-30.0346,-51.2177
2022-01-24,25.3,34.6,32.8,26.3,33,25.3,72,0.18,1010,4.47,169,13,-30.0346,-51.2177
2022-01-25,25.1,34.7,33.9,27.7,32.1,25.1,64,5.85,1009,5.36,76,77,-30.0346,-51.2177
2022-01-26,23.6,36.1,33.8,24.8,25,23.6,61,27.46,1005,4.92,207,0,-30.0346,-51.2177
2022-01-27,21.1,25.2,24.5,24.8,23.3,23.7,77,0.72,1012,6.26,119,75,-30.0346,-51.2177
2022-01-28,20.2,25.1,25.1,21.4,23.8,20.2,58,0,1014,6.26,155,75,-30.0346,-51.2177
2022-01-29,18.7,26.5,26.2,20.4,25,18.7,53,0,1013,5.36,79,75,-30.0346,-51.2177
2022-01-30,20.2,28.3,27.5,20.9,27.8,21,58,0,1011,5.36,84,75,-30.0346,-51.2177
2022-01-31,20.6,32.8,29.3,22,28.6,20.6,63,0.13,1007,8.23,230,0,-30.0346,-51.2177
2022-02-01,22.1,28.7,27.1,23.9,26.6,22.4,67,0,1013,5.81,100,75,-30.0346,-51.2177
2022-02-02,20.3,33,30.9,21.6,29.6,20.3,54,0,1013,5.81,77,20,-30.0346,-51.2177
2022-02-03,22.9,36.8,33.9,23.8,32.7,22.9,49,0.24,1009,4.47,84,0,-30.0346,-51.2177
2022-02-04,23,30.3,28.8,27.7,29.8,24.9,74,2.76,1007,4.47,78,75,-30.0346,-51.2177
2022-02-05,23.4,32.7,30.7,24.1,24.8,23.6,72,5.05,1004,4.65,262,40,-30.0346,-51.2177
2022-02-06,21.8,29.7,25.1,22.9,26.8,21.8,66,0,1011,7.72,270,40,-30.0346,-51.2177
2022-02-07,16.8,26.8,23.8,21.7,25.7,16.8,50,0,1014,7.2,270,20,-30.0346,-51.2177
2022-02-08,19.5,26.7,25.7,22.2,24.3,19.5,62,0,1015,4.92,146,0,-30.0346,-51.2177
2022-02-09,19.4,27.1,25,21,25.4,19.4,69,0,1014,6.26,161,10,-30.0346,-51.2177
2022-02-10,20,30.8,29,20.9,27.9,20,55,0,1011,7.15,120,20,-30.0346,-51.2177
2022-02-11,22,32.4,31.5,23.3,28.2,22,49,0.99,1011,4.92,94,20,-30.0346,-51.2177
2022-02-12,22.5,33.1,31,24.4,30.3,22.5,56,2.05,1011,4.92,94,0,-30.0346,-51.2177
2022-02-13,20.7,24.6,23.2,24.5,21.9,22.7,86,0,1011,3.6,190,100,-30.0346,-51.2177
2022-02-14,17.4,28.4,25.4,20.7,28.1,19.2,48,0,1013,3.67,141,20,-30.0346,-51.2177
2022-02-15,18,30.2,28.7,21.7,28.6,18,48,0,1015,5.81,104,0,-30.0346,-51.2177
2022-02-16,18.5,32.7,29.2,21.3,27.9,18.5,43,0,1014,7.15,89,0,-30.0346,-51.2177
2022-02-17,18.5,31.5,27.8,22,28.2,18.5,59,0,1011,6.26,119,0,-30.0346,-51.2177
2022-02-18,21.3,29.4,29,22.4,26.7,21.3,50,0,1010,9.39,98,20,-30.0346,-51.2177
2022-02-19,19.3,31.1,29.1,21.7,28,19.3,47,0,1009,5.36,46,20,-30.0346,-51.2177
2022-02-20,20.5,35.3,31.4,22.3,33.8,20.8,51,1.88,1008,5.36,167,0,-30.0346,-51.2177
2022-02-21,21.7,33.5,23.8,24,30,21.7,88,12.62,1014,3.15,324,100,-30.0346,-51.2177
2022-02-22,22.9,32.2,28.5,25.1,25.2,24.4,74,9.45,1015,5.46,170,75,-30.0346,-51.2177
2022-02-23,21,28.4,26.7,23.1,27.1,21,69,0,1014,4.02,166,75,-30.0346,-51.2177
2022-02-24,19.9,32.2,29.4,22,29.1,19.9,61,0,1013,5.81,104,0,-30.0346,-51.2177
2022-02-25,22.8,34.9,31.7,23.9,32.9,23,61,3.79,1014,5.81,80,32,-30.0346,-51.2177
2022-02-26,24.7,34.3,32,27.6,31.4,24.7,65,0,1015,5.81,101,0,-30.0346,-51.2177
2022-02-27,23.9,37.7,33.3,25.6,28.1,25,54,20.51,1009,4.95,113,30,-30.0346,-51.2177
2022-02-28,22.4,32.2,31.1,24.2,24.4,25,55,39.68,1009,4.75,182,99,-30.0346,-51.2177
2022-03-01,22,24.9,24.6,22.8,23.8,22,76,0.25,1013,4.47,172,100,-30.0346,-51.2177
2022-03-02,22.1,31.3,29,22.6,28.9,22.1,70,0,1011,3.13,78,70,-30.0346,-51.2177
2022-03-03,21,31.1,29,23.8,29.6,21.5,69,0,1013,5.36,119,0,-30.0346,-51.2177
2022-03-04,21.6,33.4,31,23.4,30,21.6,60,0.1,1012,5.81,94,0,-30.0346,-51.2177
2022-03-05,24.1,35.8,33.1,25,29.3,24.1,57,3.77,1009,6.26,40,8,-30.0346,-51.2177
2022-03-06,21.7,34.6,33.5,26,22.7,24.2,46,56.11,1009,7.2,340,32,-30.0346,-51.2177
2022-03-07,21.8,36.3,32.9,22.3,22.2,22.6,68,22.44,1007,4.92,273,71,-30.0346,-51.2177
2022-03-08,21.9,27.3,26,22.3,26.1,21.9,77,0.2,1014,4.02,110,23,-30.0346,-51.2177
2022-03-09,23,29.3,27.3,23.5,27.2,23,80,0,1013,5.81,94,75,-30.0346,-51.2177
2022-03-10,22.4,30.2,30.2,24.9,27.4,24.7,83,7.67,1010,4.47,252,100,-30.0346,-51.2177
2022-03-11,20,23.4,21.7,23.4,20,21.7,91,31.28,1011,4.92,253,100,-30.0346,-51.2177
2022-03-12,18.3,22.8,22.8,20.6,21.1,18.3,70,0,1017,4.92,158,45,-30.0346,-51.2177
2022-03-13,18.8,20.6,18.9,20.6,19.4,18.9,90,0,1016,6.17,140,100,-30.0346,-51.2177
2022-03-14,20,22.8,22.8,20.6,20.6,20.6,84,0,1013,3.6,130,100,-30.0346,-51.2177
2022-03-15,20,25.6,23.9,20,25,20.6,84,1.62,1015,4.92,111,82,-30.0346,-51.2177
2022-03-16,20.6,26.1,24.4,22.8,22.8,21.7,80,3.32,1015,6.17,100,100,-30.0346,-51.2177
2022-03-17,18.9,30,27.2,19.8,29.4,18.9,64,0,1011,3.58,109,11,-30.0346,-51.2177
2022-03-18,22.2,32.2,31.1,23.9,31.1,22.2,65,0.95,1010,3.58,252,93,-30.0346,-51.2177
2022-03-19,17.8,24.4,17.8,24.4,21.1,18.5,90,0,1018,5.81,244,100,-30.0346,-51.2177
2022-03-20,17.2,20.6,20.6,18.3,19.4,17.2,68,0,1023,4.47,200,92,-30.0346,-51.2177
2022-03-21,16.7,23.9,23.3,18.3,22.5,17.8,64,0,1023,9.77,100,64,-30.0346,-51.2177
2022-03-22,19.4,28.3,26.7,20,25,20,56,0,1016,5.36,84,5,-30.0346,-51.2177
2022-03-23,20.2,26.1,25,22.8,22.2,21.7,68,3.8,1012,5.36,94,99,-30.0346,-51.2177
2022-03-24,19.9,26.1,23.9,21.1,26.1,20,82,35.11,1006,3.09,360,100,-30.0346,-51.2177
2022-03-25,17.8,24.4,19.4,22.2,23.9,20.6,77,1.85,1008,4.02,258,100,-30.0346,-51.2177
2022-03-26,16.7,21.7,20.6,18.3,21.1,17.2,70,0,1010,4.6,304,99,-30.0346,-51.2177
2022-03-27,17.2,27.2,23.3,19.4,26.1,17.8,70,0,1015,2.68,280,0,-30.0346,-51.2177
2022-03-28,18.3,27.8,27.2,21.6,25.6,18.3,59,0,1018,4.47,84,0,-30.0346,-51.2177
2022-03-29,18.9,33.3,27.8,20.6,30.6,19.4,60,1.68,1011,4.92,67,1,-30.0346,-51.2177
2022-03-30,16.1,26.1,20.3,26.1,17.8,20.2,98,34.74,1011,10.29,220,75,-30.0346,-51.2177
2022-03-31,12.2,19.4,16.7,16.1,17.8,13.3,54,0,1021,4.47,234,0,-30.0346,-51.2177
2022-04-01,12.2,20,17.8,15.5,18.9,12.2,73,0,1026,4.47,166,46,-30.0346,-51.2177
2022-04-02,13.5,24.5,23.3,17.2,22.2,14,65,0,1023,5.81,116,0,-30.0346,-51.2177
2022-04-03,17.4,20,20,20,20,17.4,86,20.18,1017,3.6,120,100,-30.0346,-51.2177
2022-04-04,18.3,22.4,20,19.6,21.1,18.4,95,14.15,1014,3.63,343,100,-30.0346,-51.2177
2022-04-05,18.9,22.8,22.2,20,21.7,19.4,77,0,1018,3.58,150,100,-30.0346,-51.2177
2022-04-06,18.3,26.1,23.9,18.9,23.3,18.3,74,0,1017,5.36,94,0,-30.0346,-51.2177
2022-04-07,17.7,23.9,22.8,19.4,22.8,17.7,80,9.78,1014,5.36,77,100,-30.0346,-51.2177
2022-04-08,19.4,23.3,21.7,21.7,21.7,20.6,81,2.64,1013,5.2,93,92,-30.0346,-51.2177
2022-04-09,18.9,24.6,21.8,19.9,22.8,19.6,94,0,1015,6.17,100,75,-30.0346,-51.2177
2022-04-10,19.1,27.2,26.4,20.6,23.9,19.1,81,0,1013,5.81,113,40,-30.0346,-51.2177
2022-04-11,19.4,22.9,21.7,22.4,22.7,21.7,89,7.18,1008,4.12,100,100,-30.0346,-51.2177
2022-04-12,19.9,24.7,24.7,20.5,22,20.6,88,0.51,1009,4.12,170,75,-30.0346,-51.2177
2022-04-13,19.1,22.2,22.2,20.6,21.1,20.6,76,0,1013,4.63,180,75,-30.0346,-51.2177
2022-04-14,16.3,21.1,20,19.2,20,17.8,50,0,1019,6.26,250,20,-30.0346,-51.2177
2022-04-15,11.8,20,17.8,16.7,19.2,12,85,0,1020,4.12,290,75,-30.0346,-51.2177
2022-04-16,14.1,21.4,18.8,15.3,20,14.1,88,0,1021,4.47,133,75,-30.0346,-51.2177
2022-04-17,14.5,22.9,21.4,17.2,21.4,14.5,78,2.7,1021,4.63,110,40,-30.0346,-51.2177
2022-04-18,14.6,25,23.9,18,22.8,16.9,58,0,1019,5.14,110,94,-30.0346,-51.2177
2022-04-19,17.2,25.6,24.4,19.1,23.9,17.7,58,0,1018,4.47,115,0,-30.0346,-51.2177
2022-04-20,15.4,26.1,22.8,18.9,23.1,15.4,67,0,1018,5.66,100,0,-30.0346,-51.2177
2022-04-21,15.5,26.7,23.1,18.4,24.2,15.9,83,0,1012,3.58,48,0,-30.0346,-51.2177
2022-04-22,16.9,27.8,25.2,20.5,24.9,16.9,66,21.26,1006,8.75,270,0,-30.0346,-51.2177
2022-04-23,16.6,21.1,19.6,18.1,19.5,17.2,74,7.83,1008,6.17,300,75,-30.0346,-51.2177
2022-04-24,10.7,25.6,22.1,12.8,20.9,10.8,57,0,1016,4.47,94,0,-30.0346,-51.2177
2022-04-25,18.3,29.8,26.7,18.7,24.5,18.3,61,58.47,1011,9.26,240,70,-30.0346,-51.2177
2022-04-26,18.9,24.6,24.6,19.6,23.3,19.6,90,21.1,1012,3.58,65,40,-30.0346,-51.2177
2022-04-27,21,34.4,32.8,22.2,29.6,23.3,58,0,1007,6.69,160,0,-30.0346,-51.2177
2022-04-28,16.7,23.9,16.8,21.1,17.8,20.6,100,13.54,1014,9.77,180,100,-30.0346,-51.2177
2022-04-29,15,18.9,17.8,17.2,17.2,16.1,73,0,1024,4.02,207,11,-30.0346,-51.2177
2022-04-30,14.4,20,18.9,15,18.3,14.4,68,6.06,1019,4.47,89,15,-30.0346,-51.2177
2022-05-01,16,20.3,18.3,16.1,18.8,16.1,88,1.91,1013,3.13,251,99,-30.0346,-51.2177
2022-05-02,13.9,17.8,17.4,17.8,13.9,16.1,77,22.24,1018,4.63,130,100,-30.0346,-51.2177
2022-05-03,14.9,18.9,18.5,15,17.8,15.6,94,22.87,1014,5.36,109,75,-30.0346,-51.2177
2022-05-04,17.8,20.3,18.9,17.8,19.2,17.8,93,0,1014,7.2,140,95,-30.0346,-51.2177
2022-05-05,16.1,20.6,20,17.8,18.9,17.2,70,0,1020,6.17,160,68,-30.0346,-51.2177
2022-05-06,15,21.1,20.6,17.7,18.3,15.5,69,0,1023,4.02,169,0,-30.0346,-51.2177
2022-05-07,10.7,20.6,18.3,17.2,18.3,10.8,77,0,1024,3.58,231,0,-30.0346,-51.2177
2022-05-08,12.7,21.7,18.9,17.2,19.4,12.7,71,0,1021,2.68,165,0,-30.0346,-51.2177
2022-05-09,13,23.3,21.7,17.2,18.6,13.9,64,0,1020,3.13,111,0,-30.0346,-51.2177
2022-05-10,16.1,21.1,20,17.8,17.2,16.1,80,6.57,1015,3.6,280,38,-30.0346,-51.2177
2022-05-11,15.2,18.9,18.9,16.7,17.8,15.6,85,0.13,1015,2.57,290,96,-30.0346,-51.2177
2022-05-12,13.1,20,17.4,14.9,17.2,13.4,85,0,1018,3.58,246,40,-30.0346,-51.2177
2022-05-13,11.6,20,18.3,13.9,18.3,12.2,75,0,1020,2.68,84,7,-30.0346,-51.2177
2022-05-14,13.9,20.6,20.6,15.6,17.2,13.9,68,13.82,1015,3.58,75,99,-30.0346,-51.2177
2022-05-15,14.4,17.4,16.7,16.1,15.6,16.1,96,2.03,1013,5.66,200,100,-30.0346,-51.2177
2022-05-16,10,14.4,13.3,14.4,12.8,10.6,63,0,1017,10.8,290,1,-30.0346,-51.2177
2022-05-17,9.4,12.8,12.2,11.7,9.9,11.1,69,2.84,1012,10.29,310,89,-30.0346,-51.2177
2022-05-18,11.7,18.2,13.9,11.7,15.6,12.4,94,40.14,1012,10.8,290,99,-30.0346,-51.2177
2022-05-19,11.1,16.7,14.4,12.2,14.3,11.4,83,0,1019,4.12,280,73,-30.0346,-51.2177
2022-05-20,10.3,17.9,12.8,12,15,11.1,94,0,1022,3.6,270,100,-30.0346,-51.2177
2022-05-21,8.7,18.9,15.7,11.6,15.8,9.1,74,0,1023,3.09,280,0,-30.0346,-51.2177
2022-05-22,10.9,20,15.2,13.3,17,10.9,80,0,1021,3.58,56,0,-30.0346,-51.2177
2022-05-23,11.3,22.2,16.5,13.7,17.8,11.3,88,0,1019,3.13,102,0,-30.0346,-51.2177
2022-05-24,13,25.7,22.4,14.4,20.8,13,60,0,1018,2.57,330,0,-30.0346,-51.2177
2022-05-25,13.5,29,25.8,14.8,21.8,14,47,0.62,1017,4.63,340,0,-30.0346,-51.2177
2022-05-26,16.3,20.2,18.8,17.8,17.8,16.7,88,20.88,1021,4.63,90,75,-30.0346,-51.2177
2022-05-27,15.7,18.7,17.7,16.7,17.7,15.8,94,13.92,1016,4.26,340,75,-30.0346,-51.2177
2022-05-28,15.2,20.7,17.8,15.7,18.8,16.7,94,2.95,1015,4.12,110,75,-30.0346,-51.2177
2022-05-29,14.2,17.8,17.4,17.8,14.6,17,91,9.28,1009,5.36,356,100,-30.0346,-51.2177
2022-05-30,9,15.6,13.5,13.8,13.1,12.8,69,0,1015,4.63,280,75,-30.0346,-51.2177
2022-05-31,6,12.8,10.6,9.1,10.6,6,70,0,1022,3.6,150,20,-30.0346,-51.2177
2022-06-01,6.1,11.7,11.1,8,11.4,6.9,83,0,1018,4.47,178,100,-30.0346,-51.2177
2022-06-02,9.4,12.8,11.4,11,11.7,9.9,77,0,1020,6.26,211,100,-30.0346,-51.2177
2022-06-03,8.1,13.9,12.8,11,12.8,8.1,70,0,1025,3.6,140,0,-30.0346,-51.2177
2022-06-04,9,19.3,17.4,11.4,16.7,9.4,66,5.27,1022,4.63,90,20,-30.0346,-51.2177
2022-06-05,15.2,17,17,15.2,16.7,15.2,86,7.51,1017,3.09,100,75,-30.0346,-51.2177
2022-06-06,15,18.5,18.2,16.3,16.4,16.7,96,66.67,1013,3.6,230,100,-30.0346,-51.2177
2022-06-07,13.9,18.3,15.6,14.9,17.1,14.6,95,1.45,1015,4.02,163,100,-30.0346,-51.2177
2022-06-08,12.3,18.9,15.9,15.2,17.8,12.3,94,0,1017,2.06,70,75,-30.0346,-51.2177
2022-06-09,12.8,21,15.8,13.3,18.7,12.8,100,0,1018,2.06,60,75,-30.0346,-51.2177
2022-06-10,9.4,15.6,12.8,14.5,13.4,15.3,92,0,1019,5.14,220,75,-30.0346,-51.2177
2022-06-11,5.5,11.7,9.6,8,10.2,5.6,56,0,1021,9.26,280,0,-30.0346,-51.2177
2022-06-12,6,15,11.7,7.8,13.1,6,57,0,1022,8.23,290,0,-30.0346,-51.2177
2022-06-13,7,15,13.9,10.8,14.2,9.9,75,0,1025,3.6,280,69,-30.0346,-51.2177
2022-06-14,9.9,19.4,14.8,11.6,16.5,10.6,88,0,1022,3.09,100,20,-30.0346,-51.2177
2022-06-15,8.3,20.6,17,11.5,16.8,8.6,70,0,1019,2.24,62,0,-30.0346,-51.2177
2022-06-16,9.7,22.8,19.2,12.9,20.2,9.7,66,0.74,1015,2.57,280,38,-30.0346,-51.2177
2022-06-17,13.3,20,17.8,18.3,15,16.7,98,25.53,1002,8.75,270,100,-30.0346,-51.2177
2022-06-18,7.8,12.8,11.4,12,10.6,8.5,62,0,1021,7.72,300,20,-30.0346,-51.2177
2022-06-19,5.1,16.7,12,6.5,13.8,5.1,74,0,1021,1.8,309,0,-30.0346,-51.2177
2022-06-20,5.2,20.7,15.8,7.8,15.8,6.7,72,0,1019,4.12,120,0,-30.0346,-51.2177
2022-06-21,10.9,16.4,14.9,12.3,15.6,10.9,93,14.07,1013,6.17,240,100,-30.0346,-51.2177
2022-06-22,13,15,14.2,14.9,13.8,14.2,97,12.52,1013,4.02,201,100,-30.0346,-51.2177
2022-06-23,13.8,14.6,14.3,14.6,14.6,13.8,96,7.83,1016,4.02,239,100,-30.0346,-51.2177
2022-06-24,13.8,16.4,15.6,13.8,15,13.8,94,3.16,1018,5.36,155,100,-30.0346,-51.2177
2022-06-25,10.6,13.5,12.4,12.8,12,12.2,84,0,1027,6.71,169,75,-30.0346,-51.2177
2022-06-26,8.3,13.8,12.4,9.8,12.4,9.6,79,1.28,1024,3.6,110,75,-30.0346,-51.2177
2022-06-27,10.2,18.9,14.9,10.9,17,10.5,87,9.91,1017,2.57,100,100,-30.0346,-51.2177
2022-06-28,12.8,24,20.8,14.8,19.8,12.8,73,5.68,1014,5.37,268,100,-30.0346,-51.2177
2022-06-29,9.8,14.4,12.4,11.8,12.8,9.8,78,0,1017,8.75,280,75,-30.0346,-51.2177
2022-06-30,8.3,16.7,13.5,9.1,14.5,8.4,78,0,1019,4.92,2,0,-30.0346,-51.2177
2022-07-01,8.9,19.6,16.1,10.1,16.7,8.9,68,0,1016,5.81,94,0,-30.0346,-51.2177
2022-07-02,11.8,26.5,25,14.7,16.1,17.8,58,0,1011,4.12,240,0,-30.0346,-51.2177
2022-07-03,12.4,16.1,13.5,14.6,15.3,13.5,92,0,1021,4.63,130,100,-30.0346,-51.2177
2022-07-04,14.4,21.7,18.9,16,19.9,14.6,92,9.45,1016,5.14,250,75,-30.0346,-51.2177
2022-07-05,15,20,20,16,15.7,16.1,86,0,1015,4.12,80,20,-30.0346,-51.2177
2022-07-06,14.4,23.3,17.2,15.3,21.1,14.6,91,0.36,1013,3.6,90,75,-30.0346,-51.2177
2022-07-07,15.7,22.2,22.2,17.1,19,15.7,67,9.48,1014,3.73,159,100,-30.0346,-51.2177
2022-07-08,13.5,18.1,14.4,15.7,14.4,13.5,79,33.48,1024,5.81,142,99,-30.0346,-51.2177
2022-07-09,15,23.9,23.7,15,22.2,15.6,69,0,1020,3.58,89,100,-30.0346,-51.2177
2022-07-10,16.7,24.4,23.3,17.8,23.3,19.4,66,4.07,1013,3.13,100,100,-30.0346,-51.2177
2022-07-11,15,29.4,27.2,22.2,27.2,17.9,55,10.21,1003,7.2,210,70,-30.0346,-51.2177
2022-07-12,11.1,15.6,12.8,15,12.2,13.3,74,1.79,1018,4.63,250,91,-30.0346,-51.2177
2022-07-13,8,16.1,13.4,11.1,13.9,9.4,68,0,1023,5.36,106,0,-30.0346,-51.2177
2022-07-14,12,16.7,14.6,12.2,16.4,13.3,95,21.24,1016,7.2,100,100,-30.0346,-51.2177
2022-07-15,16.7,18.3,17.4,16.7,17.8,18.3,95,4.82,1008,4.63,90,100,-30.0346,-51.2177
2022-07-16,14.4,21.7,18.8,17.7,20.3,17.3,95,4.02,1001,9.77,290,40,-30.0346,-51.2177
2022-07-17,9.4,13.8,11.7,13.8,11.3,9.9,76,0,1023,11.32,280,75,-30.0346,-51.2177
2022-07-18,7.2,16.8,13.9,8.3,14.6,7.6,72,0,1023,4.92,229,40,-30.0346,-51.2177
2022-07-19,11.3,15.3,14.4,11.6,14.3,11.7,76,0,1025,5.81,169,98,-30.0346,-51.2177
2022-07-20,11.7,22.2,16.7,12.8,20.2,12.8,90,0,1019,2.68,67,0,-30.0346,-51.2177
2022-07-21,14.4,25.7,24.3,16.9,21.7,14.4,68,0,1013,5.81,194,0,-30.0346,-51.2177
2022-07-22,16.7,24.5,24.5,18.4,21.1,16.9,71,8.9,1014,2.06,270,0,-30.0346,-51.2177
2022-07-23,17.8,22.8,19.4,19.4,21.7,18.3,92,13.11,1016,4.92,113,95,-30.0346,-51.2177
2022-07-24,16.6,27.2,24.6,18.9,23.9,16.6,76,0.65,1018,3.58,98,85,-30.0346,-51.2177
2022-07-25,17,26.1,26.1,21.6,20.6,18.3,71,0.49,1019,5.81,185,2,-30.0346,-51.2177
2022-07-26,16.1,23.3,22.9,16.7,21.7,16.1,63,0,1021,3.13,94,3,-30.0346,-51.2177
2022-07-27,15,25,22.2,17.2,22.8,16.1,75,0,1016,1.83,323,88,-30.0346,-51.2177
2022-07-28,13.3,25.2,23.9,19.4,16.8,17.2,72,21.97,1006,6.69,200,100,-30.0346,-51.2177
2022-07-29,10,13.9,12.8,13.5,12.8,10.6,78,0,1016,8.75,290,71,-30.0346,-51.2177
2022-07-30,9.2,16.1,11.8,10.9,14.1,9.6,87,0,1021,3.6,270,75,-30.0346,-51.2177
2022-07-31,8.8,19.9,13.8,12,17,9.5,94,0,1019,3.13,89,20,-30.0346,-51.2177
2022-08-01,10.9,19.6,15.6,12.6,14.6,12,85,0,1017,3.6,170,75,-30.0346,-51.2177
2022-08-02,12.4,20.4,14.8,13.8,15.6,12.8,88,7.87,1019,4.12,110,100,-30.0346,-51.2177
2022-08-03,13.8,24.4,21.7,13.8,20.6,14.9,77,0.93,1014,6.17,90,48,-30.0346,-51.2177
2022-08-04,13.5,25,17.4,16.7,22.8,16.7,95,1.44,1006,6.69,290,40,-30.0346,-51.2177
2022-08-05,11.7,16.7,14.5,13.5,14.9,13.5,81,0,1017,5.66,280,75,-30.0346,-51.2177
2022-08-06,9.1,15,13.8,11,12.8,9.1,65,9.95,1020,6.69,110,0,-30.0346,-51.2177
2022-08-07,12.3,16.4,16.4,12.8,15.6,12.8,80,0,1017,6.17,130,75,-30.0346,-51.2177
2022-08-08,13.3,15.8,15.8,13.9,13.5,13.8,85,0,1022,6.69,130,100,-30.0346,-51.2177
2022-08-09,12.2,14.6,13.5,14.2,13.2,14.6,93,7.41,1024,7.2,120,100,-30.0346,-51.2177
2022-08-10,11.7,16.8,15.7,12,15.2,12,75,12.65,1023,6.17,180,40,-30.0346,-51.2177
2022-08-11,10.9,18.3,16.3,12.3,16.1,12,64,0,1026,4.02,52,8,-30.0346,-51.2177
2022-08-12,12.7,22.2,19.5,13.3,18.9,13.3,66,0,1022,3.58,84,76,-30.0346,-51.2177
2022-08-13,15,21.1,20.6,16.1,19.4,15,63,7.78,1020,3.13,60,100,-30.0346,-51.2177
2022-08-14,12.2,24.5,22.8,16.6,22.2,13.9,60,0.74,1016,3.13,89,1,-30.0346,-51.2177
2022-08-15,17.4,20,18.9,18.3,18.5,19.4,91,24.05,1002,12.35,250,75,-30.0346,-51.2177
2022-08-16,13.1,17.2,14.6,17,14.9,13.8,83,0.58,1012,5.36,212,100,-30.0346,-51.2177
2022-08-17,12.2,23.9,17.8,12.4,22,12.8,82,4.27,1009,3.6,70,0,-30.0346,-51.2177
2022-08-18,10,18.5,11.7,18.5,12.2,12.8,75,18.64,1015,9.77,190,100,-30.0346,-51.2177
2022-08-19,6,13.5,11.4,8.7,12.8,6,65,0,1032,4.63,290,40,-30.0346,-51.2177
2022-08-20,5.8,16.1,13.9,8.4,14.6,5.8,58,0,1031,5.14,90,0,-30.0346,-51.2177
2022-08-21,7.6,19.3,17.4,10.1,16.7,7.6,61,0,1027,3.58,166,0,-30.0346,-51.2177
2022-08-22,9.7,16.7,14.5,11.9,14.4,12,79,0,1025,3.58,177,0,-30.0346,-51.2177
2022-08-23,12.2,23.9,19.5,13.9,20.6,12.2,68,0,1023,3.13,75,2,-30.0346,-51.2177
2022-08-24,14.4,26.1,23.3,16.6,23.3,14.4,59,0.31,1020,2.68,102,96,-30.0346,-51.2177
2022-08-25,16.1,28.3,26.1,19.4,25,16.1,55,0,1019,4.02,89,59,-30.0346,-51.2177
2022-08-26,17.8,27.2,25.6,20,23.8,17.8,59,0,1017,5.14,100,0,-30.0346,-51.2177
2022-08-27,16.7,32.4,28.8,18.7,28.8,16.7,43,0,1011,5.66,330,0,-30.0346,-51.2177
2022-08-28,10,17,11.7,17,11,11.7,65,7.59,1027,7.2,220,100,-30.0346,-51.2177
2022-08-29,8.1,13.3,12.1,9.9,12.4,8.1,68,0,1033,4.12,160,75,-30.0346,-51.2177
2022-08-30,8,18.4,17.1,9.5,16.7,8,70,0,1028,6.69,110,40,-30.0346,-51.2177
2022-08-31,10.8,22.4,18.8,13.9,19.9,10.8,52,0,1022,4.12,110,0,-30.0346,-51.2177
2022-09-01,10.8,26.7,22.8,15.1,24.2,10.8,57,0,1013,5.14,120,0,-30.0346,-51.2177
2022-09-02,13.3,18.9,15.6,18,16.7,16.4,88,15.72,1014,7.2,240,99,-30.0346,-51.2177
2022-09-03,9.4,15,12.2,12.8,13.9,10,62,0,1026,5.36,235,2,-30.0346,-51.2177
2022-09-04,7.2,17.8,14.5,11.6,15.6,8.2,71,0,1027,4.92,70,40,-30.0346,-51.2177
2022-09-05,9.5,20.6,19.5,12.7,17.3,9.5,57,0,1025,5.81,100,33,-30.0346,-51.2177
2022-09-06,15.5,21.1,17.8,15.5,19.4,15.5,82,8.77,1022,4.47,89,100,-30.0346,-51.2177
2022-09-07,16.6,25,23.3,17.7,23.9,17.2,64,1.11,1014,5.14,30,79,-30.0346,-51.2177
2022-09-08,15,26.4,24.6,18.9,23.4,15,61,0,1010,6.17,100,0,-30.0346,-51.2177
2022-09-09,12.2,30.1,25.8,22.7,20.6,22.8,74,13.66,1005,10.29,280,40,-30.0346,-51.2177
2022-09-10,9.9,16.7,13.2,12.2,16.1,10,61,0.35,1021,6.69,280,20,-30.0346,-51.2177
2022-09-11,8.9,17.3,16.1,12.1,15.6,8.9,64,0,1021,5.36,123,75,-30.0346,-51.2177
2022-09-12,12,19.5,15.3,12.8,18.9,12,76,0.12,1015,4.92,89,100,-30.0346,-51.2177
2022-09-13,15.6,21.7,18.9,17.2,17.9,16.1,77,0,1014,4.12,260,0,-30.0346,-51.2177
2022-09-14,15,19,17.3,15,17.2,15,80,0,1021,4.92,162,97,-30.0346,-51.2177
2022-09-15,15,19.5,17.8,15.6,18.4,15,84,1.09,1023,4.47,84,28,-30.0346,-51.2177
2022-09-16,14.9,21.2,20.1,15.6,18.4,15,67,6.21,1025,6.26,77,30,-30.0346,-51.2177
2022-09-17,13.3,21.8,20.1,15.5,19.3,13.9,59,0,1024,10.8,100,0,-30.0346,-51.2177
2022-09-18,12.3,22.9,20.6,15.6,20.6,14.3,49,0.14,1017,5.36,70,98,-30.0346,-51.2177
2022-09-19,16.1,18.3,18.3,17.2,16.1,17.2,78,27.09,1013,6.26,94,100,-30.0346,-51.2177
2022-09-20,15.5,21.1,20,16,17.8,15.6,71,0,1014,5.36,183,92,-30.0346,-51.2177
2022-09-21,14.4,20.7,17.9,15.6,17.1,14.9,81,0,1013,5.66,120,70,-30.0346,-51.2177
2022-09-22,11.1,18.8,17.1,16.1,13.8,15.5,80,0,1009,11.83,270,100,-30.0346,-51.2177
2022-09-23,8.9,18.9,15.6,11.1,17.2,9.4,58,0,1019,4.47,315,0,-30.0346,-51.2177
2022-09-24,9.4,19,17.8,13.8,17.2,9.4,48,0,1021,4.47,138,0,-30.0346,-51.2177
2022-09-25,10.9,22.3,21.1,13.3,18.9,10.9,60,19.05,1016,4.02,140,95,-30.0346,-51.2177
2022-09-26,17.2,24.5,22.2,18.5,23.9,17.2,70,0,1014,4.12,280,28,-30.0346,-51.2177
2022-09-27,16.1,25,23.4,19.4,19.5,16.1,46,0,1017,5.36,182,0,-30.0346,-51.2177
2022-09-28,15,20,19.6,15,17.8,15,72,0,1025,7.15,228,99,-30.0346,-51.2177
2022-09-29,14.3,19.5,19,14.9,17.2,14.3,60,0,1024,5.36,72,78,-30.0346,-51.2177
2022-09-30,15,21.1,20,15.6,16.7,15,64,8.41,1019,5.66,70,100,-30.0346,-51.2177
2022-10-01,15.5,20.1,20,16.1,18.9,15.5,77,0,1018,3.58,237,97,-30.0346,-51.2177
2022-10-02,15,21.1,17.5,16.1,18.9,15,81,0,1021,4.92,182,100,-30.0346,-51.2177
2022-10-03,13.9,19.6,18.9,15.9,16.2,14.4,72,0,1018,6.26,200,9,-30.0346,-51.2177
2022-10-04,12.1,20.1,18.4,12.8,17.8,12.1,61,0,1017,4.02,155,38,-30.0346,-51.2177
2022-10-05,12.9,22.9,22.3,13.9,19.5,13.7,50,0,1014,7.15,89,0,-30.0346,-51.2177
2022-10-06,16.4,21.1,18.1,17.2,21.1,17.2,97,15.32,1007,4.63,110,100,-30.0346,-51.2177
2022-10-07,16,22.8,19.9,19.4,22.2,16.1,69,2.78,1008,8.23,270,75,-30.0346,-51.2177
2022-10-08,13.2,27.2,24.9,17.1,23.2,13.2,48,0,1009,5.66,310,0,-30.0346,-51.2177
2022-10-09,12.3,17.8,12.8,17.4,15.5,13.3,71,0.61,1020,7.72,200,100,-30.0346,-51.2177
2022-10-10,12,16.4,16.1,12.8,15,12,60,8.26,1023,7.72,110,100,-30.0346,-51.2177
2022-10-11,13.3,18.9,17.7,13.3,17.8,15.5,92,14.13,1015,5.81,44,100,-30.0346,-51.2177
2022-10-12,15.3,21.1,17.4,16.7,21.1,16.1,70,5.09,1016,5.36,94,97,-30.0346,-51.2177
2022-10-13,14.9,25.6,22.1,15.6,22.8,15,75,0,1016,5.36,165,20,-30.0346,-51.2177
2022-10-14,15.6,18.9,18.5,16.7,16.7,15.6,66,0,1027,8.23,130,100,-30.0346,-51.2177
2022-10-15,15.6,21.1,18.9,15.6,18.8,16.4,75,0,1025,12.35,100,75,-30.0346,-51.2177
2022-10-16,17.2,24.6,21.7,17.8,20.1,17.2,78,15.9,1016,5.14,260,100,-30.0346,-51.2177
2022-10-17,16,24.8,21.2,17.8,21.4,16,69,0,1017,8.75,120,19,-30.0346,-51.2177
2022-10-18,17.2,21.1,20.7,18.3,20.3,17.5,81,3.65,1020,8.75,110,75,-30.0346,-51.2177
2022-10-19,17.7,24.4,22.9,17.8,22.2,17.8,74,0,1016,6.69,130,75,-30.0346,-51.2177
2022-10-20,17,24.6,23.5,17.8,21.7,17.4,68,8.24,1010,5.14,130,100,-30.0346,-51.2177
2022-10-21,17.8,23.9,23.9,20.5,19,19.4,72,1.58,1006,6.26,222,67,-30.0346,-51.2177
2022-10-22,17.2,23.4,21.7,17.8,22.2,17.2,69,0,1016,4.47,100,94,-30.0346,-51.2177
2022-10-23,16.1,24,23.3,17.7,19.5,16.1,69,0,1017,4.92,158,56,-30.0346,-51.2177
2022-10-24,14,23.4,22.3,16.6,21.1,16.6,69,0,1019,4.47,104,24,-30.0346,-51.2177
2022-10-25,16,25.6,23.5,17.2,22.8,16,59,0,1016,6.26,104,0,-30.0346,-51.2177
2022-10-26,18.2,33.9,30.1,18.4,28.9,18.2,52,1.51,1006,7.72,240,93,-30.0346,-51.2177
2022-10-27,16.4,27.8,25.1,20,27.2,19.5,63,3.57,1009,4.47,267,16,-30.0346,-51.2177
2022-10-28,15.7,30.5,27.3,21,29,18.9,45,0,1012,3.58,121,0,-30.0346,-51.2177
2022-10-29,19.2,33,31.2,21.6,21.6,20,55,1.28,1005,6.15,0,2,-30.0346,-51.2177
2022-10-30,20.8,33.3,31.2,24.4,25.2,22.1,55,18.33,999,7.72,190,100,-30.0346,-51.2177
2022-10-31,13.3,21.1,15.6,21.1,13.3,16.7,89,4,1016,7.15,190,100,-30.0346,-51.2177
2022-11-01,10.5,17.3,15.6,12.7,16.1,10.5,53,0,1027,5.36,219,77,-30.0346,-51.2177
2022-11-02,11.6,20.1,17.8,13.8,18.3,11.6,49,0,1030,4.02,202,1,-30.0346,-51.2177
2022-11-03,12.1,23.5,20.1,13.9,20.6,12.2,39,0,1026,4.63,200,0,-30.0346,-51.2177
2022-11-04,15.9,21.4,20,15.9,19.6,16,52,0,1023,5.66,130,75,-30.0346,-51.2177
2022-11-05,14.9,22.9,22.6,16.3,20.7,14.9,53,0,1021,10.29,90,75,-30.0346,-51.2177
2022-11-06,15.8,22.9,22.9,17,19.9,15.8,50,0,1023,9.77,100,40,-30.0346,-51.2177
2022-11-07,15.5,21,21,16.3,16.8,16,59,6.39,1022,7.2,110,40,-30.0346,-51.2177
2022-11-08,15.1,19.7,17.8,16.3,19.3,15.1,82,2.92,1021,5.14,140,100,-30.0346,-51.2177
2022-11-09,14,21.4,19.2,16,21,14.9,85,0,1016,4.63,130,75,-30.0346,-51.2177
2022-11-10,14,25.1,24.3,16.6,22.2,14,60,0,1015,5.81,78,40,-30.0346,-51.2177
2022-11-11,17.7,25,24.7,18.5,22.2,18.5,57,1.67,1014,6.69,110,20,-30.0346,-51.2177
2022-11-12,19.4,30,26.7,19.9,27.2,19.6,63,0.78,1011,5.14,110,20,-30.0346,-51.2177
2022-11-13,21.3,26.7,26.4,22,22.8,21.7,68,5.77,1007,5.66,100,75,-30.0346,-51.2177
2022-11-14,19.4,29.5,25.1,21.7,27.2,20.3,78,3.53,1005,7.15,254,35,-30.0346,-51.2177
2022-11-15,17.3,27.8,26.4,18.9,27,17.8,39,0,1012,9.77,260,20,-30.0346,-51.2177
2022-11-16,16.8,28.9,26.7,19.8,28.3,17.5,37,0,1018,5.14,260,0,-30.0346,-51.2177
2022-11-17,17.9,28.4,28.2,18.8,25.2,17.9,35,0,1018,5.66,110,0,-30.0346,-51.2177
2022-11-18,18.4,29,28.2,19.8,25.6,18.9,48,0,1016,5.81,102,0,-30.0346,-51.2177
2022-11-19,19.4,30.1,29,20,26.2,19.4,40,0,1014,6.26,84,6,-30.0346,-51.2177
2022-11-20,20,31.2,28.9,21.7,27.3,20.5,49,0,1012,6.26,89,66,-30.0346,-51.2177
2022-11-21,21.4,29.4,27.8,22.2,24.5,22.2,64,4.26,1010,5.66,290,100,-30.0346,-51.2177
2022-11-22,18.9,24,21.7,24,20.2,20.6,93,39.9,1011,6.17,250,100,-30.0346,-51.2177
2022-11-23,19.4,26.2,25,20.5,22.8,19.4,61,1.99,1012,4.92,71,65,-30.0346,-51.2177
2022-11-24,18.2,26.7,24.5,18.9,24.5,18.3,60,0,1014,4.47,98,0,-30.0346,-51.2177
2022-11-25,15.7,26.7,25.6,19.4,25,15.7,54,0,1018,4.92,125,0,-30.0346,-51.2177
2022-11-26,19.9,27.5,25.7,19.9,25,20,75,0,1019,9.26,100,84,-30.0346,-51.2177
2022-11-27,21.1,26.8,26.7,21.7,24.5,21.7,66,0,1018,9.26,110,78,-30.0346,-51.2177
2022-11-28,20.5,26.2,25.6,21.1,23.9,20.5,69,0,1015,9.26,100,46,-30.0346,-51.2177
2022-11-29,20,26.8,25.7,21.1,25.1,20.5,73,0,1010,8.05,61,72,-30.0346,-51.2177
2022-11-30,21.1,27.9,27.9,21.7,25,21.6,65,0,1007,8.75,100,33,-30.0346,-51.2177
2022-12-01,22.2,31.1,31.1,22.8,27.8,22.2,57,0.47,1005,4.02,33,39,-30.0346,-51.2177
2022-12-02,22.5,35.5,32.3,24.5,27.9,24.9,56,10.77,1009,6.26,151,17,-30.0346,-51.2177
2022-12-03,23.3,28.4,27.3,25,27.2,23.5,76,3.12,1010,4.47,186,99,-30.0346,-51.2177
2022-12-04,22.8,27.3,27.3,24.4,24.4,23.1,75,5.37,1008,6.17,160,100,-30.0346,-51.2177
2022-12-05,22.2,27.3,26.2,23.3,26.1,22.8,80,0,1012,5.36,183,84,-30.0346,-51.2177
2022-12-06,21.7,27.9,27.3,22.2,25.6,21.7,73,0,1013,5.36,141,5,-30.0346,-51.2177
2022-12-07,21.1,29.5,28.3,22.2,26.7,21.7,63,0,1013,5.36,102,0,-30.0346,-51.2177
2022-12-08,19.4,34.5,31.7,21.1,30.7,19.4,51,0,1006,4.47,43,3,-30.0346,-51.2177
2022-12-09,20.9,34.4,30.7,20.9,29.5,21.2,63,0,1008,5.81,75,0,-30.0346,-51.2177
2022-12-10,22.7,31.2,30.7,23.1,27.9,23.3,62,0,1008,4.92,181,98,-30.0346,-51.2177
2022-12-11,23.3,32.8,30,23.9,30,23.3,64,0,1008,5.14,110,45,-30.0346,-51.2177
2022-12-12,18.9,37,35.5,24.4,20.7,22.4,34,11.38,1002,12.35,170,3,-30.0346,-51.2177
2022-12-13,18.8,24,23.4,19.4,22.9,18.8,52,0,1011,6.26,242,0,-30.0346,-51.2177
2022-12-14,18.3,28.4,26.2,19.4,25,18.8,47,0,1012,6.26,58,0,-30.0346,-51.2177
2022-12-15,19.9,32.2,29,20.5,26.8,20.5,58,0.11,1010,4.47,72,1,-30.0346,-51.2177
2022-12-16,20,24,22.9,22.8,22.8,20.5,70,0,1012,7.72,170,72,-30.0346,-51.2177
2022-12-17,18.3,25.8,25.6,19.9,23.2,19.4,48,0,1012,10.29,100,5,-30.0346,-51.2177
2022-12-18,18.8,24.6,23.4,20.6,22.3,20.5,72,10.04,1014,8.75,100,100,-30.0346,-51.2177
2022-12-19,18.2,23.9,21.1,18.4,22.2,18.2,79,0,1016,11.83,100,100,-30.0346,-51.2177
2022-12-20,19.4,26.8,26.2,20.6,24,20,66,0.36,1015,6.71,110,63,-30.0346,-51.2177
2022-12-21,19.4,28.9,26.1,20.6,25,20,60,0,1016,7.72,110,55,-30.0346,-51.2177
2022-12-22,19.4,29.6,29,20.5,24.5,19.9,38,0,1015,6.26,72,0,-30.0346,-51.2177
2022-12-23,18.1,33.2,31.8,21.3,29.5,18.7,36,0,1013,6.57,102,0,-30.0346,-51.2177
2022-12-24,20.3,35.9,33.3,22.3,30.6,20.3,30,0,1012,5.9,110,11,-30.0346,-51.2177
2022-12-25,21.3,32.7,31,22.5,24.5,21.3,44,1.31,1013,8.49,165,100,-30.0346,-51.2177
2022-12-26,20.5,22.8,22.2,22.8,21.7,21.7,82,0.11,1014,4.53,109,93,-30.0346,-51.2177
2022-12-27,20,26.7,26.1,20.5,24.5,20,50,4.42,1013,5.36,84,61,-30.0346,-51.2177
2022-12-28,17.8,26.7,20.2,20,26.1,20,80,4.06,1010,5.66,220,100,-30.0346,-51.2177
2022-12-29,19.4,26.8,25.7,22.1,25.6,20,62,0,1014,4.92,192,39,-30.0346,-51.2177
2022-12-30,18.2,32.8,28.5,19.4,29.5,18.8,55,0,1014,6.71,132,0,-30.0346,-51.2177
2022-12-31,20.8,35.6,31.8,22.8,32.8,20.9,54,0,1013,4.92,99,0,-30.0346,-51.2177
2023-01-01,21.7,35.1,33.4,25.1,31.8,21.7,45,0,1010,6.26,138,0,-30.0346,-51.2177
2023-01-02,23.4,31.8,29.4,26.1,27.8,25.6,72,0.15,1006,6.69,250,100,-30.0346,-51.2177
2023-01-03,21.1,28.4,27.3,24.2,25,21.7,63,0,1009,5.36,180,1,-30.0346,-51.2177
2023-01-04,21.1,32.9,29.5,21.7,29.4,21.1,50,0,1011,4.92,84,0,-30.0346,-51.2177
2023-01-05,20.5,31.1,28.5,22.2,28.4,20.5,59,0,1015,6.26,84,0,-30.0346,-51.2177
2023-01-06,20.5,28.6,27.9,21.7,26.4,20.5,55,0,1019,10.29,100,0,-30.0346,-51.2177
2023-01-07,20.5,30.8,26.8,21.7,26.2,20.5,58,0,1021,10.29,110,0,-30.0346,-51.2177
2023-01-08,20,28.4,27.3,21.7,25,20.5,56,0,1019,6.71,120,3,-30.0346,-51.2177
2023-01-09,20.5,30.8,28.4,21.1,26.4,20.5,53,0.12,1014,8.75,100,22,-30.0346,-51.2177
2023-01-10,21.1,30.2,29.6,21.7,24.4,21.7,58,1.12,1012,4.92,105,56,-30.0346,-51.2177
2023-01-11,18.5,35.3,32.6,22.7,32.9,18.5,35,0,1011,5.39,83,0,-30.0346,-51.2177
2023-01-12,21.2,37.4,34.4,24,31.7,21.3,24,0,1007,4.92,84,7,-30.0346,-51.2177
2023-01-13,21.8,33.1,33.1,27.8,24.6,26.1,57,0.99,1008,4.12,120,95,-30.0346,-51.2177
2023-01-14,22.2,27.3,26.1,23.3,26.7,22.2,73,0,1010,4.47,124,100,-30.0346,-51.2177
2023-01-15,22.7,25.6,25.5,22.8,25.3,22.7,79,0,1015,5.66,110,100,-30.0346,-51.2177
2023-01-16,22.7,31.4,29.5,23.5,28.4,22.7,68,0,1013,8.23,110,69,-30.0346,-51.2177
2023-01-17,22.3,31.8,28.9,23.9,26.2,22.7,68,0,1015,8.23,110,24,-30.0346,-51.2177
2023-01-18,22.8,26.8,25.1,23.9,24.6,22.8,85,0,1019,6.69,130,100,-30.0346,-51.2177
2023-01-19,23.3,28.4,28.4,23.9,27.3,23.5,75,0,1016,8.75,110,98,-30.0346,-51.2177
2023-01-20,22.8,31.2,30.6,23.3,28.3,22.8,58,0,1010,7.2,110,0,-30.0346,-51.2177
2023-01-21,22.8,34.8,32.3,23.9,23.1,23.1,59,0.37,1005,9.26,210,100,-30.0346,-51.2177
2023-01-22,22.8,32.4,29.6,23.1,29.4,23.1,70,0,1006,5.66,160,40,-30.0346,-51.2177
2023-01-23,22.9,33.2,31.7,25.5,28.1,22.9,44,0.55,1009,8.75,90,20,-30.0346,-51.2177
2023-01-24,22.3,34.1,30.6,24.3,31.4,22.3,57,0,1008,6.69,120,0,-30.0346,-51.2177
2023-01-25,23.9,34,32,25,30.7,23.9,61,0,1010,7.72,100,0,-30.0346,-51.2177
2023-01-26,22.8,35.6,33.4,25.5,25.8,24.1,51,2.65,1010,10.8,270,50,-30.0346,-51.2177
2023-01-27,22.9,36.8,34.2,23.2,33.9,23.2,32,0,1011,6.17,110,16,-30.0346,-51.2177
2023-01-28,22.8,37.2,34.4,26.2,26.8,24.9,52,7.35,1010,8.23,100,6,-30.0346,-51.2177
2023-01-29,23.8,29.9,27.8,23.8,28.6,23.8,76,0,1012,6.69,160,24,-30.0346,-51.2177
2023-01-30,22.7,31,29.5,24.9,28.9,22.7,63,0,1008,5.36,89,5,-30.0346,-51.2177
2023-01-31,23.7,33.8,32,24.1,29.5,24.3,36,0,1007,5.66,270,0,-30.0346,-51.2177
2023-02-01,24.7,32.1,30.6,26,30.6,24.8,67,0,1011,5.81,84,0,-30.0346,-51.2177
2023-02-02,23.5,31.1,31.1,25.5,28.2,23.8,60,0,1011,7.2,120,1,-30.0346,-51.2177
2023-02-03,23.3,29.3,29.3,25,26,24.9,71,6.77,1006,5.66,180,99,-30.0346,-51.2177
2023-02-04,21.6,28.5,26.7,22.8,25.7,22.2,69,0,1010,6.69,250,39,-30.0346,-51.2177
2023-02-05,19.9,27.9,26.3,23.8,24.8,19.9,59,0,1011,7.72,290,3,-30.0346,-51.2177
2023-02-06,22.7,31.7,30.6,23.9,30,22.7,55,0,1012,4.47,89,13,-30.0346,-51.2177
2023-02-07,21.6,32.8,30.6,24.4,28.4,23.3,53,0,1013,6.69,100,20,-30.0346,-51.2177
2023-02-08,22.6,33.9,32.2,23.9,31.2,22.6,53,0,1011,5.81,75,0,-30.0346,-51.2177
2023-02-09,23.8,31.7,26.7,24.9,30.6,23.8,74,0.1,1012,7.2,270,100,-30.0346,-51.2177
2023-02-10,23.7,35,30.1,24.9,31.1,24.3,68,0.1,1012,4.63,60,0,-30.0346,-51.2177
2023-02-11,22.5,33.6,30.6,24.3,31.7,22.5,57,0,1012,5.14,100,0,-30.0346,-51.2177
2023-02-12,20.9,34.6,31.7,24.3,31.2,20.9,46,0,1011,9.26,100,1,-30.0346,-51.2177
2023-02-13,21.3,38.7,32.2,24.1,38.7,21.3,55,0,1009,5.66,100,0,-30.0346,-51.2177
2023-02-14,21.7,36.9,34.5,28.2,23.6,24.2,55,17.01,1006,8.75,80,7,-30.0346,-51.2177
2023-02-15,22.7,27.8,26.1,22.7,26.1,22.7,78,2.73,1007,4.63,160,88,-30.0346,-51.2177
2023-02-16,21.7,30.6,28.4,23.3,28.5,21.7,68,0,1002,5.81,65,1,-30.0346,-51.2177
2023-02-17,16.6,27.6,23.5,24.4,26.2,21,69,7.11,1006,5.95,269,100,-30.0346,-51.2177
2023-02-18,12.2,22.8,19,15.7,21.7,12.2,54,0,1021,3.74,274,0,-30.0346,-51.2177
2023-02-19,15.4,25.1,23.4,17.1,23.4,15.4,50,0,1022,7.72,90,12,-30.0346,-51.2177
2023-02-20,17.4,23.8,23.2,20,20,17.4,75,16.57,1018,5.14,80,100,-30.0346,-51.2177
2023-02-21,19.7,27.2,23.8,20.5,25.6,20.5,78,11.02,1016,4.47,192,75,-30.0346,-51.2177
2023-02-22,19.9,28.4,26.7,21.6,25.6,19.9,64,0,1017,6.69,120,3,-30.0346,-51.2177
2023-02-23,21.5,31,27.8,22.2,27.2,21.5,65,1.09,1015,4.02,84,100,-30.0346,-51.2177
2023-02-24,21.6,27.3,22.7,22.7,25.7,22.1,89,4.25,1011,3.13,98,100,-30.0346,-51.2177
2023-02-25,19.8,30.7,30.7,22.2,21.8,20.5,43,3.33,1007,7.2,250,44,-30.0346,-51.2177
2023-02-26,19.9,35.4,33.1,19.9,29.4,20.4,27,0,1012,6.55,160,39,-30.0346,-51.2177
2023-02-27,18.8,30,27.8,23.7,28.3,18.8,70,0,1019,4.92,103,4,-30.0346,-51.2177
2023-02-28,21.5,32.2,30.5,23.3,29.5,22,46,0,1019,4.92,84,1,-30.0346,-51.2177
2023-03-01,22.1,32.2,30.6,23.2,28.4,22.1,57,0,1013,3.58,112,0,-30.0346,-51.2177
2023-03-02,20.7,34.9,31.3,23.8,29.4,20.7,38,0.29,1011,3.72,101,69,-30.0346,-51.2177
2023-03-03,21.7,25.7,25.4,23.4,22.4,21.7,83,6.13,1013,3.26,69,100,-30.0346,-51.2177
2023-03-04,22.8,31.7,31.7,23.9,23.2,23.3,47,1.59,1008,4.17,295,24,-30.0346,-51.2177
2023-03-05,22.2,26.7,25.1,23.3,24.2,22.2,76,0,1012,5.36,208,76,-30.0346,-51.2177
2023-03-06,22.2,26.3,26.3,23.3,23.3,22.2,84,10.19,1010,4.63,160,75,-30.0346,-51.2177
2023-03-07,22,27.5,27.3,23.8,27.5,22.2,75,0,1007,6.69,120,43,-30.0346,-51.2177
2023-03-08,21.4,32.8,30.1,24.4,29.9,23.2,68,0,1009,8.23,200,95,-30.0346,-51.2177
2023-03-09,23.4,32.7,30.6,25.4,27.9,24.1,68,0,1013,6.17,350,0,-30.0346,-51.2177
2023-03-10,23.7,31.4,30.6,24.4,28.4,23.7,67,0,1015,6.17,120,0,-30.0346,-51.2177
2023-03-11,23.8,31.4,30,24.9,28.4,23.8,67,0,1015,5.81,75,7,-30.0346,-51.2177
2023-03-12,23.3,30.6,30,24.4,28.4,23.7,67,0,1016,8.23,110,0,-30.0346,-51.2177
2023-03-13,22.4,32.4,30.8,24.9,29.6,23.8,55,0,1016,6.47,104,75,-30.0346,-51.2177
2023-03-14,22.4,32.9,30.7,25.2,29.6,22.4,43,0,1015,4.29,160,96,-30.0346,-51.2177
2023-03-15,22.9,33.4,31.8,25.2,28.8,22.9,44,1.69,1015,5.14,120,35,-30.0346,-51.2177
2023-03-16,23.3,32.3,30.6,25.6,29.5,23.3,58,0,1013,5.81,98,95,-30.0346,-51.2177
2023-03-17,24.4,33.9,31.7,24.5,32.2,24.4,55,0,1015,4.47,120,24,-30.0346,-51.2177
2023-03-18,23,33.3,31.1,25,30.6,24.3,60,0,1013,4.02,104,16,-30.0346,-51.2177
2023-03-19,22.6,33.8,31.1,24.4,30.6,22.6,54,0,1012,4.47,98,100,-30.0346,-51.2177
2023-03-20,21.8,33.9,32.2,26,25,24.3,60,16.42,1012,12.86,170,16,-30.0346,-51.2177
2023-03-21,23.3,27.3,26.8,24.9,26.2,23.3,78,0,1016,4.02,84,94,-30.0346,-51.2177
2023-03-22,23.3,28,27.4,23.9,25.6,23.3,74,0,1018,8.23,100,60,-30.0346,-51.2177
2023-03-23,22.2,33.6,30.6,23.3,30,22.7,64,0.36,1014,5.1,160,63,-30.0346,-51.2177
2023-03-24,22.5,30.7,28.3,23.1,27.1,23.3,59,0,1017,4.88,107,40,-30.0346,-51.2177
2023-03-25,20.1,31.1,30.4,22.4,24.8,20.1,49,4.83,1012,5.01,196,94,-30.0346,-51.2177
2023-03-26,21.3,25.6,23.9,22.8,25,21.3,65,0,1015,5.6,282,100,-30.0346,-51.2177
2023-03-27,19.4,25.7,23.5,22.2,24.5,19.9,68,0,1018,3.58,84,44,-30.0346,-51.2177
2023-03-28,18.2,31.2,26.7,20.5,27.9,19.2,60,0,1013,4.47,94,2,-30.0346,-51.2177
2023-03-29,22.1,34.4,29.6,23.3,24.9,22.7,66,9.44,1012,8.75,230,0,-30.0346,-51.2177
2023-03-30,20.6,27.9,25.6,22.2,27,21.1,74,12.04,1014,3.58,254,100,-30.0346,-51.2177
2023-03-31,20.6,31.7,29.3,23.3,28.9,20.6,53,1.91,1014,7.2,210,0,-30.0346,-51.2177
2023-04-01,14.5,23.9,21.6,21.3,22.6,14.9,43,0,1018,5.72,200,0,-30.0346,-51.2177
2023-04-02,14.6,26.3,24.1,17,24,14.7,48,0,1019,4.3,158,10,-30.0346,-51.2177
2023-04-03,14.4,27.9,25.6,17.7,26.7,14.4,57,0,1014,3.58,84,9,-30.0346,-51.2177
2023-04-04,19.3,25.1,25.1,21,23.4,19.3,71,6.89,1014,3.13,176,100,-30.0346,-51.2177
2023-04-05,20.4,25.1,25.1,21.7,23.3,20.4,68,2.41,1017,5.04,116,100,-30.0346,-51.2177
2023-04-06,17.4,22.4,21.2,21.2,18.5,20.7,66,8.72,1018,5.14,100,100,-30.0346,-51.2177
2023-04-07,18,23.3,22.2,18.5,22.2,18.5,77,1.03,1017,5.36,131,98,-30.0346,-51.2177
2023-04-08,19.4,23.8,22.7,20,21.1,19.4,73,0,1018,4.47,120,45,-30.0346,-51.2177
2023-04-09,18.8,28.4,26.7,19.9,26.2,18.8,62,0,1018,3.6,130,86,-30.0346,-51.2177
2023-04-10,21,31.8,27.9,22.2,26.3,21,65,0,1018,4.47,185,0,-30.0346,-51.2177
2023-04-11,21,32.3,29,24.3,31,21,59,0,1014,3.58,98,0,-30.0346,-51.2177
2023-04-12,22.1,32.5,30.6,25.4,25.1,22.2,59,0.12,1010,3.58,191,25,-30.0346,-51.2177
2023-04-13,17.8,23.8,19,23.8,19.5,20.6,89,23.08,1013,4.92,156,100,-30.0346,-51.2177
2023-04-14,17.2,20.7,20,17.2,20.5,17.8,66,0,1017,4.63,140,100,-30.0346,-51.2177
2023-04-15,18.4,23.9,23.3,19.4,21.7,18.8,72,0,1017,5.66,130,88,-30.0346,-51.2177
2023-04-16,19.4,25.6,25.6,19.4,21.6,19.9,68,0,1012,5.14,30,81,-30.0346,-51.2177
2023-04-17,18.5,22.9,21.8,20,20,18.9,57,0,1008,4.92,237,37,-30.0346,-51.2177
2023-04-18,16.6,23.8,21.7,18.3,22.2,17.2,71,0,1005,5.14,290,10,-30.0346,-51.2177
2023-04-19,12.2,18.9,18.9,17.7,14.4,14.4,46,0,1006,10.8,280,62,-30.0346,-51.2177
2023-04-20,9.9,21.2,18.5,12.2,18.4,9.9,47,0,1019,3.85,294,0,-30.0346,-51.2177
2023-04-21,11.1,25.7,23,12.1,21.8,12.2,47,0,1020,6.17,110,0,-30.0346,-51.2177
2023-04-22,14,27.4,25.7,16.1,24.5,14,45,0,1020,3.67,115,84,-30.0346,-51.2177
2023-04-23,12.8,26.7,23.5,16.6,23.4,13.7,66,0,1020,5.36,62,72,-30.0346,-51.2177
2023-04-24,16.3,27.3,25.1,20.4,25,16.3,68,0,1020,4.02,102,0,-30.0346,-51.2177
2023-04-25,18.7,26.2,24.5,21,24,19.4,64,10.76,1017,3.13,89,81,-30.0346,-51.2177
2023-04-26,17.8,24,20.6,20,22.2,17.8,87,6.3,1013,3.07,53,87,-30.0346,-51.2177
2023-04-27,16.6,23.3,20.6,19.4,22.2,16.6,81,0,1015,1.79,256,13,-30.0346,-51.2177
2023-04-28,16,24.5,23.4,18.2,22.2,16,66,0,1018,4.47,94,40,-30.0346,-51.2177
2023-04-29,15.9,26.7,24.4,18.7,24.4,16,61,0,1017,5.36,89,0,-30.0346,-51.2177
2023-04-30,15.2,28.9,26.2,19.9,25,18.2,59,0,1015,2.68,248,0,-30.0346,-51.2177
2023-05-01,19.4,25.7,23.6,19.8,20.4,20,79,0.41,1016,6.26,158,21,-30.0346,-51.2177
2023-05-02,17.5,19.5,18.4,19.4,17.9,18.9,93,20.33,1016,4.47,168,100,-30.0346,-51.2177
2023-05-03,16.2,20,18.8,16.7,19.5,17.4,94,4.24,1017,6.69,90,100,-30.0346,-51.2177
2023-05-04,19.9,22.8,20.7,20,21.7,20.5,97,7.9,1016,2.6,318,100,-30.0346,-51.2177
2023-05-05,20,21.1,20.6,20.6,20,20.6,95,50.51,1019,2.68,58,100,-30.0346,-51.2177
2023-05-06,19.4,25.9,24.2,20,22.2,20,78,31.32,1017,4.92,79,100,-30.0346,-51.2177
2023-05-07,19.9,27.2,27.1,20.7,23.9,19.9,81,49.32,1013,9.26,230,83,-30.0346,-51.2177
2023-05-08,16.6,21.7,20,19.6,19.9,18.9,77,1,1017,8.23,80,73,-30.0346,-51.2177
2023-05-09,14.3,22.3,20.2,16.5,20.5,14.3,74,0,1019,3.92,300,0,-30.0346,-51.2177
2023-05-10,13.9,20,15.7,17.2,19.4,14.4,89,0,1019,4.12,280,100,-30.0346,-51.2177
2023-05-11,11.3,18.3,16.7,15.9,15.6,11.5,69,0,1019,3.58,242,24,-30.0346,-51.2177
2023-05-12,13,18.9,17.8,15.6,17.2,13.8,75,0,1022,3.6,140,14,-30.0346,-51.2177
2023-05-13,10.8,20.6,17.8,14.2,19.3,10.8,73,0,1019,2.22,314,32,-30.0346,-51.2177
2023-05-14,12.7,22.8,19.6,14.9,21,12.7,67,0,1020,2.85,310,18,-30.0346,-51.2177
2023-05-15,12,24.5,23.2,16,19.6,12.4,57,0,1020,3.98,277,92,-30.0346,-51.2177
2023-05-16,13.2,21.7,21.6,16.5,19.4,13.8,71,0,1021,3.09,280,0,-30.0346,-51.2177
2023-05-17,12,23.9,21.1,16.5,21,13.2,64,0,1019,4.47,98,0,-30.0346,-51.2177
2023-05-18,12.9,25.2,22.2,17.1,22.7,13.7,63,0,1019,2.68,89,33,-30.0346,-51.2177
2023-05-19,13.2,24,21.2,17.1,22.1,13.8,72,0,1018,2.24,73,61,-30.0346,-51.2177
2023-05-20,11.7,24.1,23,14.7,19,14.6,50,0.7,1018,2.55,294,56,-30.0346,-51.2177
2023-05-21,16.2,21.6,19.6,16.8,19,16.2,62,7.06,1015,3.94,338,100,-30.0346,-51.2177
2023-05-22,16.2,20.8,19.6,17.3,19.1,16.2,81,1.7,1017,5.14,90,100,-30.0346,-51.2177
2023-05-23,15.5,26.7,23.9,18.3,24.4,16.6,72,0,1019,4.02,66,1,-30.0346,-51.2177
2023-05-24,17.2,28.9,25.6,20.4,25.5,17.6,55,0,1017,3.13,47,42,-30.0346,-51.2177
2023-05-25,18.7,28.9,25.6,20.5,25.5,19.4,63,0,1017,4.02,73,15,-30.0346,-51.2177
2023-05-26,14.8,28.3,26.2,20.9,26.5,20.5,57,2.05,1013,4.92,14,18,-30.0346,-51.2177
2023-05-27,17.8,21.7,20,21.7,18.3,19.4,91,17.19,1017,6.26,142,100,-30.0346,-51.2177
2023-05-28,14.4,17.2,16.7,17.2,16.6,15.5,70,5.18,1024,4.47,254,99,-30.0346,-51.2177
2023-05-29,11.4,20.1,17.8,14.4,17.4,12.7,69,0,1023,4.19,153,1,-30.0346,-51.2177
2023-05-30,11.6,22.3,20.2,13.8,19.7,11.8,52,0,1021,2.7,105,100,-30.0346,-51.2177
2023-05-31,11.8,23.5,22,14.4,19.5,12.2,61,0,1020,3.09,250,1,-30.0346,-51.2177
2023-06-01,11.7,24.1,21.9,13.5,19.6,12.2,57,0,1021,4.12,290,0,-30.0346,-51.2177
2023-06-02,12.7,26.7,22.4,14.8,21.8,12.9,50,0,1019,2.2,143,0,-30.0346,-51.2177
2023-06-03,10.8,26.3,24.6,15.2,20.7,10.8,45,0,1018,5.14,290,3,-30.0346,-51.2177
2023-06-04,13.5,25.8,24.1,15.7,20.6,13.5,53,0,1020,3.29,317,37,-30.0346,-51.2177
2023-06-05,13.9,19.6,18.5,17.1,17.3,19.6,71,2.22,1024,5.14,180,83,-30.0346,-51.2177
2023-06-06,10.8,22.5,19.9,13.9,21,12.7,73,0,1020,4.12,80,0,-30.0346,-51.2177
2023-06-07,14.6,25.6,22.9,17.1,23.3,16.7,73,0,1019,3.6,280,42,-30.0346,-51.2177
2023-06-08,16.6,26.7,23.4,19.3,24.3,17.1,71,0,1018,3.6,330,9,-30.0346,-51.2177
2023-06-09,16.9,27.8,25.6,19.9,24.9,18.3,58,0,1013,5.14,300,4,-30.0346,-51.2177
2023-06-10,16.1,27.5,27.5,22.2,19.5,20.5,57,5.19,1012,6.17,240,77,-30.0346,-51.2177
2023-06-11,10.9,14.3,12.8,14,13.3,11.6,84,2.06,1017,4.02,182,100,-30.0346,-51.2177
2023-06-12,8.2,12.8,11.1,11.1,11.6,8.3,73,0,1025,3.58,217,95,-30.0346,-51.2177
2023-06-13,5.4,14.4,11.6,9.2,13.9,7.1,79,0.2,1029,4.63,170,100,-30.0346,-51.2177
2023-06-14,11.3,16,14.9,12.2,14.9,11.3,94,3.1,1027,6.69,130,100,-30.0346,-51.2177
2023-06-15,14.4,15.8,15.6,14.9,15.6,15,91,16.15,1019,7.6,208,100,-30.0346,-51.2177
2023-06-16,13.1,15.7,14.4,15,14.4,13.1,94,7.19,1018,10.8,210,100,-30.0346,-51.2177
2023-06-17,11.1,15.6,14.5,13.9,14.4,11.7,78,0,1024,6.17,290,11,-30.0346,-51.2177
2023-06-18,9.4,15.1,13.4,12.2,13.3,9.8,74,0,1025,2.09,272,0,-30.0346,-51.2177
2023-06-19,7.2,16.7,14.5,9.3,14.9,7.2,69,0.14,1024,3.58,84,40,-30.0346,-51.2177
2023-06-20,9.9,19.5,16.1,12.6,17.7,11.5,73,0,1021,2.57,360,85,-30.0346,-51.2177
2023-06-21,13.8,17.2,17.2,15.4,15.5,13.8,83,23.82,1017,3.58,53,100,-30.0346,-51.2177
2023-06-22,15,18.9,17.3,15,17.3,15,89,0,1015,3.58,179,100,-30.0346,-51.2177
2023-06-23,15.6,20,17.5,16.1,19.4,15.6,95,12.09,1012,2.68,73,75,-30.0346,-51.2177
2023-06-24,16.2,27.8,23.9,18.2,22.9,17.7,73,1.27,1012,3.09,310,96,-30.0346,-51.2177
2023-06-25,16.8,25.3,23.4,19,21.6,20.6,75,2.92,1015,6.17,210,57,-30.0346,-51.2177
2023-06-26,17.2,28.5,25.7,17.8,24,17.2,69,0,1015,3.6,290,56,-30.0346,-51.2177
2023-06-27,18.5,27.5,25.6,21.7,23.5,20.6,62,0,1014,4.63,320,8,-30.0346,-51.2177
2023-06-28,13.9,21,19,21,16.1,18.8,82,2.63,1018,5.66,220,75,-30.0346,-51.2177
2023-06-29,10.7,16.1,15,13.8,13.9,11.7,57,0,1027,3.6,110,100,-30.0346,-51.2177
2023-06-30,10.7,18.2,15,12.6,16.1,10.7,79,0.12,1024,3.13,121,99,-30.0346,-51.2177
2023-07-01,12.3,17.5,16.1,15.5,15.6,13.2,88,0.94,1022,2.57,250,84,-30.0346,-51.2177
2023-07-02,15.2,20.5,16.4,15.5,17.7,15.6,91,0,1021,4.47,84,100,-30.0346,-51.2177
2023-07-03,14.3,23.5,20.6,15.5,20.6,14.9,72,0,1020,4.02,63,5,-30.0346,-51.2177
2023-07-04,14.5,24.6,21.7,17.2,22.6,15.9,67,0,1020,3.6,340,0,-30.0346,-51.2177
2023-07-05,14.9,18.9,17.2,17.6,18.8,16.1,77,0,1019,2.81,327,45,-30.0346,-51.2177
2023-07-06,14.3,26.4,22.9,17.1,20.1,14.9,67,0,1013,4.12,320,3,-30.0346,-51.2177
2023-07-07,16.6,17.8,17.3,17.8,16.7,16.7,91,17.44,1015,5.14,100,89,-30.0346,-51.2177
2023-07-08,15.5,19.4,17.9,16.7,17.3,15.6,82,1.74,1014,5.14,110,89,-30.0346,-51.2177
2023-07-09,13.5,20.6,19.9,16,19.4,14.9,72,0,1016,4.12,110,4,-30.0346,-51.2177
2023-07-10,15.6,18.9,18.4,17.2,16.4,16.1,85,1.55,1015,4.63,140,100,-30.0346,-51.2177
2023-07-11,14.8,17.8,17.2,15.5,15.6,14.9,82,0,1017,7.2,120,100,-30.0346,-51.2177
2023-07-12,15.6,17.4,16.7,15.6,17.4,16.4,97,31.21,1007,8.75,90,100,-30.0346,-51.2177
2023-07-13,8.9,16.7,13.8,16.7,12.1,13.9,85,3.18,1008,11.83,290,100,-30.0346,-51.2177
2023-07-14,8.9,13.2,11.7,8.9,11.3,9.4,77,1.21,1023,6.17,270,78,-30.0346,-51.2177
2023-07-15,6.5,16.1,13.3,8.8,14.4,6.6,72,0.25,1020,2.06,90,45,-30.0346,-51.2177
2023-07-16,10.6,15.7,13.6,12.8,14.4,11,79,0,1019,4.12,290,40,-30.0346,-51.2177
2023-07-17,8.8,13.3,11.2,10.4,11.1,9.3,71,0,1023,4.47,152,0,-30.0346,-51.2177
2023-07-18,7.6,12.3,11.2,9.2,10.7,7.6,74,0,1030,4.63,160,97,-30.0346,-51.2177
2023-07-19,7.6,16.4,14,9.6,15,8.6,67,0,1032,8.75,100,45,-30.0346,-51.2177
2023-07-20,12.8,23.8,16,13.9,19.4,13.6,68,10.85,1027,4.47,98,100,-30.0346,-51.2177
2023-07-21,15.5,27.5,23.9,16.7,23.9,15.5,68,0,1021,4.92,123,4,-30.0346,-51.2177
2023-07-22,16.3,29.8,24.6,20,25.8,17.2,62,0,1018,5.14,360,50,-30.0346,-51.2177
2023-07-23,16.2,28.4,26.8,20.8,21.2,18.8,63,0,1019,6.26,252,65,-30.0346,-51.2177
2023-07-24,15.6,18.2,17.9,16.2,17.5,16,85,0,1022,5.14,140,100,-30.0346,-51.2177
2023-07-25,15.4,17.3,16.5,17.3,16.8,15.4,95,8.75,1017,4.12,200,100,-30.0346,-51.2177
2023-07-26,15.5,21.9,21.4,17.2,18.4,17.2,82,0.92,1012,6.69,280,0,-30.0346,-51.2177
2023-07-27,11.6,16.8,15.1,14.5,14,12.1,73,0,1023,4.92,171,32,-30.0346,-51.2177
2023-07-28,11.7,15.1,15,12.8,13.3,11.7,75,18.7,1025,4.47,156,97,-30.0346,-51.2177
2023-07-29,9.9,16.2,13.9,11.6,14.5,10.5,71,0,1027,2.77,167,0,-30.0346,-51.2177
2023-07-30,8.3,22.2,18.9,11.5,19.9,8.9,65,0,1022,3.13,76,5,-30.0346,-51.2177
2023-07-31,13.7,23.9,20.1,15.4,21.3,13.8,75,0,1022,2.68,248,5,-30.0346,-51.2177
2023-08-01,13.4,26.2,22.3,16.5,22.9,13.8,69,0,1020,2.68,136,5,-30.0346,-51.2177
2023-08-02,16,27.3,25.1,19.3,24,16,71,0,1017,2.68,275,0,-30.0346,-51.2177
2023-08-03,15.1,20.4,17.3,20.4,16.2,18.4,81,0,1021,4.47,177,98,-30.0346,-51.2177
2023-08-04,15.6,22.3,20,15.6,21.1,16.1,80,0,1017,1.97,116,80,-30.0346,-51.2177
2023-08-05,16.2,18.9,17.9,17.8,17.8,16.7,84,0,1021,4.12,110,93,-30.0346,-51.2177
2023-08-06,16.1,30.6,25.7,17.2,25.7,16.1,62,0,1014,4.02,350,0,-30.0346,-51.2177
2023-08-07,13.4,22.8,13.5,22.2,14.4,20.7,92,2.63,1021,9.26,200,75,-30.0346,-51.2177
2023-08-08,13.3,19,18.4,13.9,16.2,13.9,54,0.1,1028,9.26,100,0,-30.0346,-51.2177
2023-08-09,15.1,17.1,17.1,15.1,15.6,16,80,15.88,1020,6.17,100,100,-30.0346,-51.2177
2023-08-10,16.1,25.4,22.8,16.1,22.8,16.6,75,2.59,1014,3.6,80,56,-30.0346,-51.2177
2023-08-11,16.7,24,22.4,20.5,21.8,16.7,79,8.1,1011,11.32,270,100,-30.0346,-51.2177
2023-08-12,11.6,17.8,15.1,17.8,15.5,15.6,40,0,1023,5.81,181,2,-30.0346,-51.2177
2023-08-13,7.6,14.9,13.4,11,13.5,7.7,52,0,1026,2.68,252,0,-30.0346,-51.2177
2023-08-14,7.1,20.1,15.2,10.9,18.4,7.1,71,0,1022,3.58,80,46,-30.0346,-51.2177
2023-08-15,10.8,25.7,22.3,13.7,22.7,11.5,58,0,1018,3.58,89,3,-30.0346,-51.2177
2023-08-16,13.6,29.6,25.6,17.1,25.7,17.2,52,0,1016,2.57,100,53,-30.0346,-51.2177
2023-08-17,17.9,32.5,29.6,20,26.4,19.4,59,0,1011,4.63,320,0,-30.0346,-51.2177
2023-08-18,16.7,22.3,22.3,22.1,16.7,17.2,72,8.37,1004,7.72,260,99,-30.0346,-51.2177
2023-08-19,13.2,18.9,15.7,16.7,17.7,13.8,60,4.03,1012,6.17,240,0,-30.0346,-51.2177
2023-08-20,11.4,21,20.7,14.2,20,11.6,66,0,1009,5.66,290,21,-30.0346,-51.2177
2023-08-21,14.4,24.2,21.2,16.6,22.8,14.9,70,0,1011,4.92,78,50,-30.0346,-51.2177
2023-08-22,16.9,31.4,25.8,17.7,29.6,18.2,63,5.83,999,9.77,330,40,-30.0346,-51.2177
2023-08-23,15.6,22.3,17.8,22.3,16.7,16.8,86,7.81,1002,6.26,208,66,-30.0346,-51.2177
2023-08-24,12.6,17.2,16.7,15.6,15.6,15,70,0.95,1012,5.14,140,94,-30.0346,-51.2177
2023-08-25,10.3,16.5,15.7,12.1,15,10.9,63,0,1018,5.14,170,2,-30.0346,-51.2177
2023-08-26,8.2,14.5,13.4,11.4,12.2,8.2,55,0,1022,5.81,183,3,-30.0346,-51.2177
2023-08-27,6.5,14.3,12.9,9.7,12.2,6.5,58,0,1026,5.14,160,7,-30.0346,-51.2177
2023-08-28,5.5,16.5,13.5,9.8,14.5,6.5,64,0,1025,4.92,115,0,-30.0346,-51.2177
2023-08-29,8.5,21.4,17.9,11,18.4,10.3,57,0,1022,3.6,130,5,-30.0346,-51.2177
2023-08-30,11.5,25.7,21.7,14.9,22.7,12.5,58,0,1016,4.02,71,0,-30.0346,-51.2177
2023-08-31,14.3,26.7,23,17,19.1,14.3,65,0,1018,5.81,160,0,-30.0346,-51.2177
2023-09-01,14.8,23.9,22.8,15.5,21.1,15.4,67,4.04,1016,5.14,90,11,-30.0346,-51.2177
2023-09-02,18.3,24.9,23.9,19.4,23.3,19.3,68,13.49,1009,4.63,70,100,-30.0346,-51.2177
2023-09-03,17.9,21,18.1,21,18.4,20.4,98,55.86,1010,5.14,90,100,-30.0346,-51.2177
2023-09-04,15,19.8,19.4,18.9,16.7,19,97,69.13,1006,6.26,157,100,-30.0346,-51.2177
2023-09-05,11.7,15.8,14.4,14.4,13.9,12.2,77,0,1025,4.92,177,85,-30.0346,-51.2177
2023-09-06,10.5,20.4,19,11.6,17.9,11.6,70,0,1025,12.35,100,0,-30.0346,-51.2177
2023-09-07,15.9,20.7,18.9,16.1,19.5,16,81,6.53,1014,8.05,105,100,-30.0346,-51.2177
2023-09-08,16.2,22.5,21.2,18.5,18,20,89,39.36,1013,5.66,30,100,-30.0346,-51.2177
2023-09-09,14.3,16.1,16.1,16.1,15.3,14.5,90,27.01,1017,5.14,110,100,-30.0346,-51.2177
2023-09-10,14.9,25.6,22.3,15,22.2,15,75,1.35,1017,4.12,100,10,-30.0346,-51.2177
2023-09-11,17.4,33.6,29.7,19.4,27.5,17.4,56,0,1010,5.14,340,20,-30.0346,-51.2177
2023-09-12,13.2,22.3,15.6,22.3,15.7,21.1,89,25.68,1017,8.75,200,100,-30.0346,-51.2177
2023-09-13,12.2,15.7,15.6,12.3,15,13.9,94,49.23,1009,6.69,120,100,-30.0346,-51.2177
2023-09-14,10.6,16.1,13.4,13.3,13.9,11.1,79,0,1020,6.26,257,98,-30.0346,-51.2177
2023-09-15,9.9,20.1,17.9,11.6,19.4,9.9,50,0,1019,3.13,52,1,-30.0346,-51.2177
2023-09-16,11.9,29.8,25.2,14.3,22.8,12.2,50,0,1011,3.05,352,6,-30.0346,-51.2177
2023-09-17,16.8,36,31.2,20,30.6,18.8,48,0,1010,3.6,80,0,-30.0346,-51.2177
2023-09-18,19.5,26.1,23.3,22.9,21.1,21.8,72,2.83,1013,8.75,180,84,-30.0346,-51.2177
2023-09-19,17.8,22.5,19.5,20,21.8,18.3,91,6.84,1015,6.26,118,100,-30.0346,-51.2177
2023-09-20,18.3,28.4,25.6,19.1,24.6,18.3,80,0,1015,5.66,100,12,-30.0346,-51.2177
2023-09-21,19.9,32.1,22.8,21.1,23.9,19.9,88,7.19,1011,7.2,170,20,-30.0346,-51.2177
2023-09-22,16.7,23.2,22.3,23.2,18.6,20.3,94,26.89,1012,8.75,250,100,-30.0346,-51.2177
2023-09-23,16.8,22.9,19.4,16.8,22.9,19.4,96,20.21,1013,8.05,158,100,-30.0346,-51.2177
2023-09-24,17.2,21,18.4,21,17.8,19.9,94,5.75,1012,4.63,170,100,-30.0346,-51.2177
2023-09-25,15.6,17.2,17.2,16.7,16.1,15.6,87,3.85,1015,5.81,146,99,-30.0346,-51.2177
2023-09-26,15.4,18.5,15.8,16.7,16.8,15.4,100,19.97,1006,11.83,100,100,-30.0346,-51.2177
2023-09-27,13.2,16.7,15.6,16.7,15.6,15.1,83,0,1015,8.75,210,99,-30.0346,-51.2177
2023-09-28,12.3,20.7,19,13.1,18.4,12.7,70,0,1020,11.83,100,75,-30.0346,-51.2177
2023-09-29,15.6,24.3,22.9,16.6,22.3,15.9,63,0,1018,5.14,100,64,-30.0346,-51.2177
2023-09-30,16.1,19.5,19.5,19.4,16.7,18.8,78,0,1017,6.17,160,95,-30.0346,-51.2177
2023-10-01,13.8,19.6,17.8,15.6,16.2,14.4,71,0,1017,5.81,76,44,-30.0346,-51.2177
2023-10-02,11.5,19,17.4,13.3,17.3,12,61,0,1014,4.47,177,0,-30.0346,-51.2177
2023-10-03,11.5,24.6,21.9,13.9,20.6,12,53,0.73,1009,5.36,106,38,-30.0346,-51.2177
2023-10-04,16.7,23.5,18.9,17.8,17.8,16.7,93,15.66,1004,11.83,110,98,-30.0346,-51.2177
2023-10-05,15,23.3,19.6,16.7,19,15,66,0,1010,4.02,129,56,-30.0346,-51.2177
2023-10-06,14.8,24.6,20.6,15.5,21.7,14.9,76,0.92,1011,5.66,140,100,-30.0346,-51.2177
2023-10-07,18.3,20.5,18.9,18.4,18.9,18.9,93,8.79,1015,5.14,150,100,-30.0346,-51.2177
2023-10-08,16.2,18.3,17.8,18.3,16.7,17.7,85,8.83,1016,4.92,151,100,-30.0346,-51.2177
2023-10-09,16.1,22.3,20.1,16.2,20.6,16.1,75,0,1019,3.58,179,30,-30.0346,-51.2177
2023-10-10,13.6,26.8,24.6,16,22.8,14.8,61,0,1016,6.71,53,0,-30.0346,-51.2177
2023-10-11,15.3,22.9,20.6,20,17.9,19.9,89,16.7,1011,6.26,106,75,-30.0346,-51.2177
2023-10-12,13.9,16.1,15.6,15.3,15,14.4,76,0.42,1017,5.36,177,100,-30.0346,-51.2177
2023-10-13,12.2,18.9,16.8,13.9,16.7,12.2,70,0,1022,4.47,204,47,-30.0346,-51.2177
2023-10-14,13.2,21.3,20.1,14.3,19,13.2,61,0,1022,6.26,106,10,-30.0346,-51.2177
2023-10-15,15.5,25.2,24,17.2,21.8,16,62,0,1018,5.81,100,24,-30.0346,-51.2177
2023-10-16,18,20.5,19.6,19.5,20,18.9,95,53.87,1013,7.72,10,100,-30.0346,-51.2177
2023-10-17,15.6,21,20,20,17.8,19.9,91,12.19,1015,4.12,210,100,-30.0346,-51.2177
2023-10-18,14.4,19.5,17.9,15.6,18.4,14.4,75,0,1021,4.47,165,100,-30.0346,-51.2177
2023-10-19,16.1,20.7,20.1,16.6,19,16.1,68,0,1020,9.26,100,45,-30.0346,-51.2177
2023-10-20,16.7,23.5,22.9,16.7,20.6,17.2,70,0,1017,6.71,98,40,-30.0346,-51.2177
2023-10-21,17.1,25.7,23.6,17.8,22.9,17.1,74,0,1018,4.92,94,9,-30.0346,-51.2177
2023-10-22,18.3,27.3,27.3,18.9,22.3,18.3,66,21.02,1013,4.02,229,98,-30.0346,-51.2177
2023-10-23,19.4,22.9,21.1,19.5,22.8,20,89,3.43,1013,4.02,84,100,-30.0346,-51.2177
2023-10-24,18.9,25.7,25.7,21.1,21.8,20.6,64,0.71,1009,4.92,182,100,-30.0346,-51.2177
2023-10-25,16.7,22.2,20.7,18.9,21.6,16.7,70,0.26,1011,5.66,160,9,-30.0346,-51.2177
2023-10-26,15.6,21.8,20.7,17.8,19.5,16.1,65,0,1010,4.47,184,95,-30.0346,-51.2177
2023-10-27,14.3,27.8,25,15.5,23.4,14.9,56,0,1008,4.92,89,2,-30.0346,-51.2177
2023-10-28,21,28.3,25.7,21.1,25,21,73,12.87,1005,4.02,220,100,-30.0346,-51.2177
2023-10-29,20.5,32.4,27.9,23.4,25.7,20.5,69,0.38,1003,4.02,73,22,-30.0346,-51.2177
2023-10-30,18.9,26.7,22.8,23.3,22.4,22.1,88,1.71,1010,7.15,89,75,-30.0346,-51.2177
2023-10-31,18.9,22.3,21.7,18.9,21.7,19.5,81,0,1013,5.81,117,100,-30.0346,-51.2177
2023-11-01,18.9,22.2,21.3,19.5,20.3,19.2,80,0,1015,9.77,120,99,-30.0346,-51.2177
2023-11-02,16.8,19.4,17.1,18.3,18.2,16.8,94,13.8,1012,8.75,120,100,-30.0346,-51.2177
2023-11-03,15,20.6,19.5,18.9,20.6,18.9,95,6.24,1003,8.5,282,100,-30.0346,-51.2177
2023-11-04,13.5,20,17.8,15,19.5,14.4,65,0,1013,11.32,270,99,-30.0346,-51.2177
2023-11-05,11.3,22.9,21.2,13.5,20.1,14.2,60,0,1017,4.92,163,0,-30.0346,-51.2177
2023-11-06,16.4,25.7,24.7,16.7,22.9,16.4,60,0,1017,5.36,89,20,-30.0346,-51.2177
2023-11-07,17.1,30.7,29.5,17.8,26.2,18.1,47,0,1013,5.81,62,0,-30.0346,-51.2177
2023-11-08,21.1,27.9,26.3,21.1,25,22.2,68,8.23,1012,4.12,180,100,-30.0346,-51.2177
2023-11-09,19,22.8,20.2,22.5,20.6,20.6,94,17.49,1016,5.14,160,100,-30.0346,-51.2177
2023-11-10,17.7,26.9,25.7,18.9,23,18.2,69,0.1,1013,7.72,100,60,-30.0346,-51.2177
2023-11-11,20.6,32.6,26.5,21.1,21.7,21.1,78,40.72,1002,8.75,210,100,-30.0346,-51.2177
2023-11-12,18.4,23.3,22.2,22.3,19,22.8,95,36.77,1009,11.32,320,100,-30.0346,-51.2177
2023-11-13,19.5,24.2,21.8,19.5,20,21,96,55.29,1010,4.47,271,100,-30.0346,-51.2177
2023-11-14,20.6,25,22.3,21.1,23.9,20.6,90,20.43,1009,4.12,100,100,-30.0346,-51.2177
2023-11-15,20.6,26.9,26.9,21.1,22.4,20.6,68,26.64,1006,4.02,84,70,-30.0346,-51.2177
2023-11-16,21.1,26,23.9,21.7,25.5,21.7,89,9.99,1006,3.87,328,100,-30.0346,-51.2177
2023-11-17,18.2,22.9,18.5,20.1,22.2,20,95,29.08,1006,8.23,100,100,-30.0346,-51.2177
2023-11-18,19.9,22.8,20.6,21.7,22.8,22.1,95,29.7,1007,7.2,340,100,-30.0346,-51.2177
2023-11-19,17.8,25.1,22.2,19.4,23.4,17.8,64,0,1015,4.92,60,3,-30.0346,-51.2177
2023-11-20,15.8,28.4,26.8,17.7,25,16.5,35,0,1014,5.36,74,16,-30.0346,-51.2177
2023-11-21,18.7,34.1,30.2,19.9,31.1,18.7,60,0,1009,3.83,99,0,-30.0346,-51.2177
2023-11-22,18.9,24.3,21.6,24.3,20.6,21.2,85,4.94,1010,6.17,160,100,-30.0346,-51.2177
2023-11-23,18.8,25.1,24.5,19.4,24.3,18.8,68,0,1016,5.14,170,95,-30.0346,-51.2177
2023-11-24,17.2,25.6,24.6,19.4,21.7,18.7,46,0,1022,6.17,160,61,-30.0346,-51.2177
2023-11-25,15.5,24.7,23.4,17.2,21.8,17,58,0,1020,6.26,98,7,-30.0346,-51.2177
2023-11-26,18,28.9,26.7,18.3,25.7,18.8,55,0,1015,5.36,106,45,-30.0346,-51.2177
2023-11-27,20.5,29.5,27.9,21.2,26.2,20.9,61,4.83,1015,5.14,120,100,-30.0346,-51.2177
2023-11-28,18.9,22.9,21.2,22.9,20,21.7,93,3.87,1012,10.8,110,100,-30.0346,-51.2177
2023-11-29,19.5,27.9,26.8,19.5,26.8,20,76,0,1009,7.2,110,76,-30.0346,-51.2177
2023-11-30,20.5,28.4,27.2,21.7,26.8,20.6,75,0,1010,5.36,75,59,-30.0346,-51.2177
2023-12-01,21.7,32.4,31.2,22.2,29.1,21.7,63,0,1009,7.2,100,43,-30.0346,-51.2177
2023-12-02,23.1,31.3,31.3,24,23.1,23.3,71,35.91,1007,6.69,200,100,-30.0346,-51.2177
2023-12-03,21.6,26.9,26.9,23.3,23.9,22.2,74,2.1,1010,7.2,170,80,-30.0346,-51.2177
2023-12-04,18.9,21.3,19.5,21.3,18.9,19.1,86,16.82,1018,7.2,130,100,-30.0346,-51.2177
2023-12-05,19.5,22.9,21.8,20,22.9,20.1,80,1.15,1018,9.77,100,100,-30.0346,-51.2177
2023-12-06,21.7,27.8,22.4,21.7,25.6,21.7,95,14.85,1012,5.14,90,100,-30.0346,-51.2177
2023-12-07,20.1,26.4,25.6,23.4,25.6,23.3,86,28.35,1009,5.66,300,100,-30.0346,-51.2177
2023-12-08,18.8,23.5,21.7,20,21.8,19.4,67,0,1018,5.81,127,97,-30.0346,-51.2177
2023-12-09,17.6,25,22.9,18.3,23.4,17.7,65,0,1018,10.29,100,3,-30.0346,-51.2177
2023-12-10,19.1,25.6,25.6,19.4,23.4,19.4,66,0.13,1012,4.92,71,100,-30.0346,-51.2177
2023-12-11,19.9,27.7,26.1,20.6,24.5,20,67,0,1013,7.72,100,32,-30.0346,-51.2177
2023-12-12,20.2,31.2,29,21.1,27.9,20.9,59,0,1015,6.26,94,0,-30.0346,-51.2177
2023-12-13,21.6,33.4,32.9,22.3,31.1,22.2,54,0.25,1010,4.47,75,87,-30.0346,-51.2177
2023-12-14,23.9,34.6,32.8,27.4,32.9,24.7,58,9.96,1008,12.86,280,100,-30.0346,-51.2177
2023-12-15,23.3,36.1,35,25,28.3,24.4,54,25.64,1009,10.8,230,24,-30.0346,-51.2177
2023-12-16,23.8,34.7,30.2,24.4,34.1,23.8,60,0,1012,2.06,270,64,-30.0346,-51.2177
2023-12-17,24.8,38.1,35.6,28.9,35.1,26,51,0,1008,3.69,106,8,-30.0346,-51.2177
2023-12-18,23.8,35.8,31.8,28.2,29.6,25.5,71,14.68,1006,11.32,250,35,-30.0346,-51.2177
2023-12-19,21.7,27,25.7,23.7,22.3,24,84,9.45,1010,10.29,200,96,-30.0346,-51.2177
2023-12-20,21.4,30.8,26.7,21.7,25.1,22.2,76,1.79,1012,8.75,100,100,-30.0346,-51.2177
2023-12-21,23.1,31.8,29.5,23.4,31.7,23.8,59,0,1011,4.47,73,93,-30.0346,-51.2177
2023-12-22,23.8,30.1,29.5,25.7,26.2,24.9,71,6.29,1011,5.81,184,9,-30.0346,-51.2177
2023-12-23,23,30.2,27.9,24.2,26.7,23.2,68,5.43,1010,4.63,170,35,-30.0346,-51.2177
2023-12-24,22.8,31,27.8,24.4,28.3,23.3,74,0,1011,6.71,84,94,-30.0346,-51.2177
2023-12-25,21.8,29.8,24.9,22.8,23.9,22.2,83,0.18,1008,7.72,250,100,-30.0346,-51.2177
2023-12-26,18.1,25.5,22.2,21.7,23.4,18.9,62,0,1015,5.34,149,0,-30.0346,-51.2177
2023-12-27,17.9,27.8,25.6,20.5,25.6,19.3,59,0,1017,6.17,110,4,-30.0346,-51.2177
2023-12-28,17.8,35.3,33.2,20,34,20.4,38,0,1010,7.2,300,0,-30.0346,-51.2177
2023-12-29,20.9,27.4,22.3,27.4,24.4,22.9,93,40.47,1005,9.77,230,100,-30.0346,-51.2177
2023-12-30,18.9,24.9,22.8,21.6,21.7,18.9,64,0,1017,4.63,280,49,-30.0346,-51.2177
2023-12-31,16.3,26.8,25.2,18.5,24.6,16.3,47,0,1018,5.76,148,100,-30.0346,-51.2177
2024-01-01,17,30.7,29.6,19.6,27.4,17.4,50,0,1013,5.81,110,0,-30.0346,-51.2177
2024-01-02,20.2,29.8,29,22.9,23.4,21.8,56,3.23,1011,7.72,100,83,-30.0346,-51.2177
2024-01-03,18.9,28.3,27.8,20.1,24.6,18.9,58,0,1013,11.32,100,35,-30.0346,-51.2177
2024-01-04,19.2,29.3,27.7,20.8,23.4,19.6,65,0,1015,8.75,130,73,-30.0346,-51.2177
2024-01-05,21,27.9,27.3,21.7,25.6,21.1,69,0,1013,8.75,100,15,-30.0346,-51.2177
2024-01-06,21.1,32.5,30.1,22.2,29.5,21.6,60,0,1010,5.36,106,0,-30.0346,-51.2177
2024-01-07,22.8,36.8,35.7,25.7,31.8,24,43,0,1008,4.36,124,1,-30.0346,-51.2177
2024-01-08,25,31.2,31.2,26.3,30,25.5,64,6.07,1007,5.36,246,100,-30.0346,-51.2177
2024-01-09,23.3,31,28.9,24.4,27.2,23.3,71,0,1010,5.36,121,64,-30.0346,-51.2177
2024-01-10,23.4,33.3,33.3,24.5,30,24.4,57,6.77,1009,4.12,260,45,-30.0346,-51.2177
2024-01-11,22.8,27.2,23.5,27.2,23.9,25.6,89,15.79,1012,5.14,210,100,-30.0346,-51.2177
2024-01-12,21.7,26.8,25.6,22.2,24.5,21.7,71,0,1015,6.26,89,98,-30.0346,-51.2177
2024-01-13,20.2,27.9,26.7,21.1,26.1,20.5,60,0,1015,6.17,120,3,-30.0346,-51.2177
2024-01-14,21.3,34.8,31.7,22.2,25,22.8,67,14.12,1010,6.26,258,0,-30.0346,-51.2177
2024-01-15,22.2,31.8,27.8,22.2,29.5,22.2,76,0,1011,4.47,248,39,-30.0346,-51.2177
2024-01-16,21.8,32.2,32.2,24.4,27.3,23.9,61,41.41,1009,16.46,220,89,-30.0346,-51.2177
2024-01-17,21.3,26.7,25.6,21.3,25.6,21.8,83,14.66,1013,7.87,123,100,-30.0346,-51.2177
2024-01-18,23.9,28.8,27.8,23.9,28.3,24.3,78,0,1010,8.23,110,100,-30.0346,-51.2177
2024-01-19,23.9,32.5,30,24.5,28.5,23.9,75,0,1007,5.66,280,49,-30.0346,-51.2177
2024-01-20,22.2,26.4,24.2,25,24.5,24.5,90,0,1010,5.66,170,100,-30.0346,-51.2177
2024-01-21,21.6,26.2,24.5,22.2,23.9,21.6,68,0,1017,7.72,140,100,-30.0346,-51.2177
2024-01-22,21.2,26.7,25.6,21.6,25,21.5,62,0,1019,9.26,100,72,-30.0346,-51.2177
2024-01-23,20.4,26.2,25.1,21.6,24.5,20.9,64,0,1018,9.26,100,84,-30.0346,-51.2177
2024-01-24,20.2,24.5,24,21.1,22.7,21,70,0.78,1017,7.72,100,40,-30.0346,-51.2177
2024-01-25,20,26.7,25.6,21,24.5,20.4,57,0,1018,8.75,110,56,-30.0346,-51.2177
2024-01-26,20.2,26.1,25.1,21.1,23.4,20.4,65,0.39,1019,6.26,60,99,-30.0346,-51.2177
2024-01-27,20.5,24.5,24.5,21.6,23.4,20.5,66,3.82,1017,5.36,79,65,-30.0346,-51.2177
2024-01-28,20.2,27.1,26.1,21.6,20.2,21,69,13.26,1014,4.92,209,99,-30.0346,-51.2177
2024-01-29,20.9,27.8,26.1,21.6,25.1,20.9,72,1,1013,2.68,125,68,-30.0346,-51.2177
2024-01-30,21.7,28.9,26.7,22.7,26.7,21.7,67,0,1012,3.58,260,44,-30.0346,-51.2177
2024-01-31,19.1,29.5,27.2,23.2,28.3,20.9,64,0,1014,4.92,89,0,-30.0346,-51.2177
2024-02-01,20.9,31.4,28.9,22.2,27.9,21.2,54,0,1016,5.81,94,0,-30.0346,-51.2177
2024-02-02,21.5,30.6,28.9,22.8,27.3,21.5,58,0,1018,9.26,100,0,-30.0346,-51.2177
2024-02-03,21.5,35,30.3,22.8,32.3,21.5,55,0,1014,5.66,90,0,-30.0346,-51.2177
2024-02-04,21.8,33.5,33,26.6,26.3,25.4,63,9.88,1013,4.63,250,0,-30.0346,-51.2177
2024-02-05,23.4,30.1,29.1,24,28.4,23.4,77,0,1015,6.17,100,57,-30.0346,-51.2177
2024-02-06,23.8,29.6,29.5,24.6,27.3,24.1,67,0,1016,4.92,102,100,-30.0346,-51.2177
2024-02-07,23.3,31.7,30.6,23.9,27.9,23.3,69,0,1013,8.75,90,84,-30.0346,-51.2177
2024-02-08,23.8,33,29.6,24.6,31.7,23.9,72,0,1011,4.47,121,85,-30.0346,-51.2177
2024-02-09,24.9,33.3,33.3,26.1,30.7,24.9,64,0,1013,6.26,107,6,-30.0346,-51.2177
2024-02-10,25,36.7,33.3,26.7,31.7,25.5,62,0,1013,5.81,106,30,-30.0346,-51.2177
2024-02-11,25,37.7,34.5,27.2,25,27.7,56,4.82,1013,3.75,44,23,-30.0346,-51.2177
2024-02-12,25.6,35.6,34.5,26.9,30.8,27.7,65,3.57,1012,4.12,300,100,-30.0346,-51.2177
2024-02-13,20.6,26.7,23.5,25.5,20.6,25.5,90,2.74,1014,5.36,163,75,-30.0346,-51.2177
2024-02-14,21,25.6,23.9,21.6,24.5,21,66,0,1019,5.81,122,97,-30.0346,-51.2177
2024-02-15,20.9,27.3,25.7,21.6,25.6,20.9,65,0.39,1017,6.69,100,85,-30.0346,-51.2177
2024-02-16,20.3,22.8,20.3,22.8,21.7,22.3,93,15.71,1016,6.17,80,75,-30.0346,-51.2177
2024-02-17,21.1,29,27.9,21.6,26.1,21.1,72,2.76,1012,5.36,94,56,-30.0346,-51.2177
2024-02-18,22.1,30.7,29.6,23.2,26.8,22.1,71,0,1011,9.26,110,0,-30.0346,-51.2177
2024-02-19,22.8,29,27.9,23.8,26.2,22.8,74,0.1,1009,5.66,100,100,-30.0346,-51.2177
2024-02-20,22.1,26.8,26.2,23.3,25.6,22.1,72,0,1009,5.81,152,27,-30.0346,-51.2177
2024-02-21,19.4,28.7,27.8,22.2,27.3,21.5,63,0,1010,6.26,123,0,-30.0346,-51.2177
2024-02-22,21.5,30.1,29,23.3,28.4,21.5,65,0,1009,5.81,79,0,-30.0346,-51.2177
2024-02-23,23.8,34.9,31.2,24.5,32.2,23.8,67,0,1011,6.05,181,92,-30.0346,-51.2177
2024-02-24,24.1,31.8,30,27.2,28.4,25.5,71,0,1017,5.66,160,1,-30.0346,-51.2177
2024-02-25,23.9,29,28.5,24.5,26.2,24.4,73,0.14,1021,9.77,100,77,-30.0346,-51.2177
2024-02-26,23.4,26.1,26.1,23.9,25,23.9,80,16.15,1017,7.72,100,100,-30.0346,-51.2177
2024-02-27,23.3,31.8,28.3,23.9,26.3,23.9,79,9.44,1008,7.2,270,100,-30.0346,-51.2177
2024-02-28,23.9,28.9,27.2,24.9,27.8,24.4,79,0.99,1012,2.68,84,100,-30.0346,-51.2177
2024-02-29,23.9,30.7,28.4,24.9,27.4,23.9,74,0.82,1013,4.12,160,75,-30.0346,-51.2177
2024-03-01,23.3,29.5,29.5,24.9,27.3,24.4,69,0,1014,6.26,146,57,-30.0346,-51.2177
2024-03-02,23.3,32.9,30.6,23.9,31.1,23.3,66,0,1011,4.47,71,0,-30.0346,-51.2177
2024-03-03,23.9,28.5,28.5,26.1,26.1,25,77,9.87,1012,6.69,160,100,-30.0346,-51.2177
2024-03-04,21.5,23.4,23.3,23.3,22.2,22.7,78,0,1016,4.47,175,100,-30.0346,-51.2177
2024-03-05,20.4,26.4,23.9,21,24,20.5,60,0,1016,5.36,158,24,-30.0346,-51.2177
2024-03-06,17.5,26.5,25.6,20.4,24.5,18.1,56,0,1017,5.81,56,0,-30.0346,-51.2177
2024-03-07,18.4,30.4,28.4,21.6,27.8,18.4,63,0,1017,6.71,62,23,-30.0346,-51.2177
2024-03-08,21.8,24.4,22.8,24.4,22.8,23.3,97,5.56,1014,6.17,100,100,-30.0346,-51.2177
2024-03-09,22.7,30.7,28.3,23.3,27.9,22.7,81,1.28,1009,5.14,280,100,-30.0346,-51.2177
2024-03-10,21.6,28.3,26.7,23.9,26.8,22.2,78,0,1016,3.6,200,72,-30.0346,-51.2177
2024-03-11,20.2,30,27.8,22.2,25.7,20.2,63,0,1017,5.36,89,0,-30.0346,-51.2177
2024-03-12,20,33.4,30.1,21.7,29,21,63,0,1014,6.71,98,50,-30.0346,-51.2177
2024-03-13,22.2,34.4,30.6,23.3,31.7,22.2,66,0,1013,5.14,110,0,-30.0346,-51.2177
2024-03-14,24.3,35.6,33.4,25.6,32.8,24.3,60,0,1011,4.02,108,5,-30.0346,-51.2177
2024-03-15,24.8,28.4,27.3,26,26.7,25.5,80,8.93,1010,3.6,240,100,-30.0346,-51.2177
2024-03-16,23.9,31,30.7,25.5,25.1,24.4,58,4.57,1007,3.6,250,38,-30.0346,-51.2177
2024-03-17,23.8,27.9,25.6,24.4,26.7,23.9,83,0,1011,3.13,201,100,-30.0346,-51.2177
2024-03-18,22.7,32.9,30.6,23.9,31.2,23.2,68,4.15,1010,4.02,67,74,-30.0346,-51.2177
2024-03-19,25,31.7,30.6,26.7,29.4,25.5,72,11.79,1010,3.01,139,100,-30.0346,-51.2177
2024-03-20,24.4,36.7,32.9,26.6,34,24.4,62,4.53,1004,5.14,300,0,-30.0346,-51.2177
2024-03-21,19.4,28.3,22.3,27.7,20.6,26.9,88,21.76,1010,6.95,263,100,-30.0346,-51.2177
2024-03-22,17.2,23.4,22.3,19.9,21.7,17.7,66,0,1023,5.36,214,7,-30.0346,-51.2177
2024-03-23,20,25.7,24,20.6,23.4,20.6,63,0,1022,5.36,46,0,-30.0346,-51.2177
2024-03-24,19.3,29,27.3,21.1,28.3,19.3,59,0,1017,3.13,46,0,-30.0346,-51.2177
2024-03-25,20.2,26.9,25.7,23.2,25.1,20.4,70,0,1015,4.53,134,2,-30.0346,-51.2177
2024-03-26,19.8,25.7,24.5,21,23.9,19.8,69,0,1018,4.92,113,5,-30.0346,-51.2177
2024-03-27,19.1,29,27.2,21.1,25.7,20.9,62,0,1016,4.92,108,0,-30.0346,-51.2177
2024-03-28,21.6,30.1,27.9,22.2,26.7,21.6,65,1.55,1016,4.47,84,31,-30.0346,-51.2177
2024-03-29,21.3,32.8,30.1,23.3,23.6,22.7,64,7.37,1015,8.23,300,59,-30.0346,-51.2177
2024-03-30,20.8,30.1,26.3,21.6,29.4,20.9,69,0,1014,2.68,276,0,-30.0346,-51.2177
2024-03-31,21.2,31.2,30.1,24.9,27.4,21.2,69,0,1013,5.36,175,68,-30.0346,-51.2177
2024-04-01,22.7,30.3,28.5,23.3,28.9,22.7,70,1.16,1011,6.17,80,85,-30.0346,-51.2177
2024-04-02,20.6,23.2,22.9,22.7,21,21.7,81,0,1013,4.63,220,97,-30.0346,-51.2177
2024-04-03,19.9,29,27.2,20.6,26.2,19.9,69,0.12,1013,4.02,98,21,-30.0346,-51.2177
2024-04-04,22.2,27.9,27.9,23.3,24,22.2,60,3.76,1014,4.47,229,100,-30.0346,-51.2177
2024-04-05,19.1,23.8,22.7,22.8,23.2,21.7,85,0,1019,4.92,164,100,-30.0346,-51.2177
2024-04-06,15.8,26.1,24.6,18.5,22.3,18.1,63,0,1019,9.77,80,0,-30.0346,-51.2177
2024-04-07,18.2,21.7,18.5,20.5,21.1,20.9,96,9.49,1014,4.68,51,100,-30.0346,-51.2177
2024-04-08,20,26.7,25.6,20,25.6,20.6,81,0,1012,4.02,94,87,-30.0346,-51.2177
2024-04-09,22.2,30.1,27.8,23.3,25.6,22.2,75,0,1013,3.58,173,32,-30.0346,-51.2177
2024-04-10,21.7,24.5,23.4,23.9,23.3,22.8,84,0.32,1014,3.58,169,96,-30.0346,-51.2177
2024-04-11,17.8,21.7,19.5,21.7,18.3,20.5,92,9.82,1020,5.36,153,100,-30.0346,-51.2177
2024-04-12,18.4,21.7,21.1,18.4,20.6,18.9,86,0,1021,8.23,100,100,-30.0346,-51.2177
2024-04-13,20,27,26.1,20,21.2,20.6,68,42.12,1016,7.6,111,94,-30.0346,-51.2177
2024-04-14,20.6,26.1,24.6,20.6,24,21.1,85,17.89,1013,6.26,105,100,-30.0346,-51.2177
2024-04-15,23.2,30.6,29.1,23.3,24.9,23.2,73,9.88,1011,5.36,89,100,-30.0346,-51.2177
2024-04-16,21.1,24.4,24.4,23.4,22.2,23.3,91,31.2,1010,4.92,84,100,-30.0346,-51.2177
2024-04-17,17.7,22.3,20,20.6,21.1,18.9,71,0,1017,5.36,308,72,-30.0346,-51.2177
2024-04-18,15.4,25.1,22.4,17.1,23.3,15.4,66,0,1018,4.47,331,0,-30.0346,-51.2177
2024-04-19,16.5,26.2,24,18.8,23.5,16.6,67,0,1019,3.13,78,35,-30.0346,-51.2177
2024-04-20,16.5,28.3,25,20.3,23.8,17,58,0,1018,4.02,84,0,-30.0346,-51.2177
2024-04-21,16.5,28.4,25.2,20.5,22.5,16.6,66,0,1015,3.13,349,28,-30.0346,-51.2177
2024-04-22,17.4,23.3,21.7,21.4,22.2,19.2,83,0.46,1012,3.13,165,100,-30.0346,-51.2177
2024-04-23,19.9,28.4,22.8,21,26.6,20,80,0.64,1012,3.12,306,96,-30.0346,-51.2177
2024-04-24,18.2,22.8,20.6,22.7,20,21,76,0.98,1017,4.63,180,95,-30.0346,-51.2177
2024-04-25,17.6,24,22.2,18.2,21.8,17.7,68,0,1016,5.81,94,5,-30.0346,-51.2177
2024-04-26,18.9,27,22.8,18.9,23.1,19.4,90,12.06,1011,4.02,72,98,-30.0346,-51.2177
2024-04-27,18.8,32,29,22.2,22.8,23.9,55,27.33,1007,6.69,250,33,-30.0346,-51.2177
2024-04-28,17.3,21.1,20.1,18.8,20,17.8,79,0,1013,4.12,130,45,-30.0346,-51.2177
2024-04-29,19.2,20.6,20.6,19.9,20.6,19.3,92,45.87,1010,6.69,90,99,-30.0346,-51.2177
2024-04-30,18.8,24.9,24.9,20.2,19.2,20,86,143.73,1011,6.17,60,100,-30.0346,-51.2177
2024-05-01,19.2,26.7,26.7,19.4,20,19.5,76,77.6,1009,6.17,230,68,-30.0346,-51.2177
2024-05-02,17.2,20.2,20.2,19.2,18.4,19.9,95,62.06,1005,8.23,80,100,-30.0346,-51.2177
2024-05-03,16.7,18.9,17.3,17,17.8,16.7,92,14.92,1014,4.63,140,100,-30.0346,-51.2177
2024-05-04,18.9,22.2,21.1,18.9,21.6,18.9,96,33.93,1012,4.12,322,100,-30.0346,-51.2177
2024-05-05,19.4,26.7,22.9,20,24.5,19.5,93,2.98,1014,3.58,94,72,-30.0346,-51.2177
2024-05-06,21.7,32.8,30.1,23.3,27.4,21.7,61,0,1009,6.71,103,48,-30.0346,-51.2177
2024-05-07,19.6,32.4,32.4,22.7,27.9,19.6,57,0,1009,4.02,94,89,-30.0346,-51.2177
2024-05-08,21.6,31.8,31.8,23.5,22.8,24.6,58,6.97,1003,5.73,267,54,-30.0346,-51.2177
2024-05-09,15,20.6,18.4,20.5,17.3,16.6,71,0,1020,3.58,147,33,-30.0346,-51.2177
2024-05-10,14.9,18.2,16.6,14.9,17.6,16.6,92,12.67,1013,4.47,115,100,-30.0346,-51.2177
2024-05-11,16.6,19.4,18.3,16.6,18.9,17.7,97,4.97,1011,2.5,290,100,-30.0346,-51.2177
2024-05-12,18.3,20,20,18.9,19.4,18.9,97,31.74,1007,4.47,98,100,-30.0346,-51.2177
2024-05-13,13.9,18.9,16.7,18.9,16,17.8,87,0,1014,4.92,208,100,-30.0346,-51.2177
2024-05-14,11.1,15.6,13.9,13.4,14.4,11.6,67,0,1022,4.47,237,29,-30.0346,-51.2177
2024-05-15,9.9,15,12.9,12.6,13.8,9.9,67,0,1021,2.9,277,17,-30.0346,-51.2177
2024-05-16,10.4,13.8,12.2,11,12.7,11.6,87,5.49,1013,1.81,305,100,-30.0346,-51.2177
2024-05-17,12.2,16.6,14.5,12.2,15,12.2,70,0.54,1017,2.68,244,97,-30.0346,-51.2177
2024-05-18,12.2,16.1,15.6,13.3,14.5,12.7,74,0,1021,4.47,184,89,-30.0346,-51.2177
2024-05-19,12.8,15,14.4,13.9,14.4,12.8,96,0,1020,2.24,198,100,-30.0346,-51.2177
2024-05-20,13.3,17.2,15.6,14.4,16.1,13.9,89,0,1021,2.68,218,96,-30.0346,-51.2177
2024-05-21,12.2,23.4,19.5,13.9,19.4,12.8,73,0,1018,2.24,94,0,-30.0346,-51.2177
2024-05-22,17.2,26.9,24.1,18.2,23.9,17.8,74,0,1013,4.02,61,11,-30.0346,-51.2177
2024-05-23,17.8,20.2,19.4,20.2,17.8,18.4,96,38.37,1011,4.92,183,100,-30.0346,-51.2177
2024-05-24,11.2,17.3,16.2,17.2,12.8,17.2,94,2.56,1011,6.26,229,100,-30.0346,-51.2177
2024-05-25,10,12.2,11.2,11.6,11.6,10.5,83,0,1026,4.47,248,97,-30.0346,-51.2177
2024-05-26,10,14,13.3,10.5,13.3,10.53,80,0,1027,2.68,237,91,-30.0346,-51.2177
2024-05-27,13.3,16.1,15.5,13.8,15.5,14.32,95,11.34,1019,3.58,123,100,-30.0346,-51.2177
2024-05-28,10.6,12.8,10.6,12.8,12.3,10.66,85,0,1018,5.14,280,100,-30.0346,-51.2177
2024-05-29,11.7,18.3,15.7,12.8,16.1,12.27,70,0,1025,2.68,233,50,-30.0346,-51.2177
2024-05-30,12.1,16.6,13.9,13.2,14.9,12.59,86.0,0.0,1025.0,2.24,74.0,7.0,-30.0346,-51.2177
2024-05-31,10.0,18.3,14.4,12.0,16.6,9.96,91.0,0.0,1024.0,3.13,148.0,4.0,-30.0346,-51.2177
2024-06-01,10.9,22.2,17.8,13.7,18.8,11.47,71.0,0.0,1021.0,2.26,349.0,100.0,-30.0346,-51.2177
2024-06-02,12.9,26.7,24.0,16.6,21.3,16.62,62.0,0.0,1017.0,3.16,320.0,1.0,-30.0346,-51.2177
2024-06-03,10.6,17.4,10.6,17.4,12.2,13.38,90.0,18.99,1027.0,9.39,179.0,100.0,-30.0346,-51.2177
2024-06-04,10.3,17.3,15.7,11.6,16.1,11.41,75.0,0.0,1026.0,4.92,108.0,11.0,-30.0346,-51.2177
2024-06-05,13.2,22.3,20.0,14.8,17.8,13.73,71.0,5.78,1019.0,4.47,156.0,94.0,-30.0346,-51.2177
2024-06-06,15.4,25.6,21.3,16.1,23.3,15.45,81.0,0.0,1018.0,2.36,310.0,100.0,-30.0346,-51.2177
2024-06-07,17.1,26.2,23.5,19.9,23.8,17.64,73.0,0.0,1020.0,1.76,325.0,5.0,-30.0346,-51.2177
